split,relative_path,label,class_name
train,train/Nodule/00006296_029.png,9,Nodule
train,train/Infiltration/00015087_007.png,7,Infiltration
train,train/Mass/00028582_002.png,8,Mass
train,train/Pneumothorax/00028723_000.png,11,Pneumothorax
train,train/Infiltration/00023103_002.png,7,Infiltration
train,train/Effusion/00016142_050.png,4,Effusion
train,train/Fibrosis/00006388_000.png,6,Fibrosis
train,train/Nodule/00020329_006.png,9,Nodule
train,train/Emphysema/00007667_000.png,5,Emphysema
train,train/Cardiomegaly/00005035_001.png,1,Cardiomegaly
train,train/Emphysema/00009644_003.png,5,Emphysema
train,train/Infiltration/00023498_002.png,7,Infiltration
train,train/Atelectasis/00002120_004.png,0,Atelectasis
train,train/Atelectasis/00027168_000.png,0,Atelectasis
train,train/Edema/00014081_002.png,3,Edema
train,train/Effusion/00009996_015.png,4,Effusion
train,train/Infiltration/00015999_003.png,7,Infiltration
train,train/Pneumonia/00025075_006.png,10,Pneumonia
train,train/Infiltration/00005400_008.png,7,Infiltration
train,train/Edema/00001249_004.png,3,Edema
train,train/Infiltration/00002408_000.png,7,Infiltration
train,train/Nodule/00006881_005.png,9,Nodule
train,train/Nodule/00020127_000.png,9,Nodule
train,train/Cardiomegaly/00011553_015.png,1,Cardiomegaly
train,train/Effusion/00002860_007.png,4,Effusion
train,train/Effusion/00011077_000.png,4,Effusion
train,train/Emphysema/00025454_008.png,5,Emphysema
train,train/Pneumonia/00007624_024.png,10,Pneumonia
train,train/Cardiomegaly/00022968_000.png,1,Cardiomegaly
train,train/Nodule/00006360_002.png,9,Nodule
train,train/Pneumothorax/00008232_013.png,11,Pneumothorax
train,train/Nodule/00020166_002.png,9,Nodule
train,train/Nodule/00003455_001.png,9,Nodule
train,train/Pneumonia/00018525_000.png,10,Pneumonia
train,train/Atelectasis/00007007_023.png,0,Atelectasis
train,train/Consolidation/00025290_035.png,2,Consolidation
train,train/Pneumothorax/00009350_004.png,11,Pneumothorax
train,train/Effusion/00008051_035.png,4,Effusion
train,train/Pneumonia/00021399_000.png,10,Pneumonia
train,train/Emphysema/00029692_000.png,5,Emphysema
train,train/Atelectasis/00002208_004.png,0,Atelectasis
train,train/Consolidation/00017110_024.png,2,Consolidation
train,train/Mass/00015187_000.png,8,Mass
train,train/Nodule/00006903_001.png,9,Nodule
train,train/Pneumonia/00021584_001.png,10,Pneumonia
train,train/Consolidation/00013613_012.png,2,Consolidation
train,train/Cardiomegaly/00023003_002.png,1,Cardiomegaly
train,train/Pneumonia/00015977_002.png,10,Pneumonia
train,train/Fibrosis/00003887_001.png,6,Fibrosis
train,train/Pneumothorax/00004876_005.png,11,Pneumothorax
train,train/Pneumonia/00015809_014.png,10,Pneumonia
train,train/Pneumonia/00012761_007.png,10,Pneumonia
train,train/Mass/00015297_000.png,8,Mass
train,train/Nodule/00013549_002.png,9,Nodule
train,train/Atelectasis/00008642_000.png,0,Atelectasis
train,train/Cardiomegaly/00002083_000.png,1,Cardiomegaly
train,train/Consolidation/00016713_000.png,2,Consolidation
train,train/Infiltration/00018015_018.png,7,Infiltration
train,train/Cardiomegaly/00004725_000.png,1,Cardiomegaly
train,train/Atelectasis/00014585_001.png,0,Atelectasis
train,train/Pneumothorax/00008230_020.png,11,Pneumothorax
train,train/Mass/00014919_016.png,8,Mass
train,train/Pneumonia/00019770_000.png,10,Pneumonia
train,train/Edema/00000459_044.png,3,Edema
train,train/Effusion/00018237_010.png,4,Effusion
train,train/Emphysema/00005175_006.png,5,Emphysema
train,train/Effusion/00010372_000.png,4,Effusion
train,train/Effusion/00007404_001.png,4,Effusion
train,train/Pneumonia/00001018_005.png,10,Pneumonia
train,train/Infiltration/00025470_000.png,7,Infiltration
train,train/Pneumonia/00010334_010.png,10,Pneumonia
train,train/Mass/00029191_000.png,8,Mass
train,train/Pneumothorax/00023296_001.png,11,Pneumothorax
train,train/Effusion/00001473_004.png,4,Effusion
train,train/Fibrosis/00015087_004.png,6,Fibrosis
train,train/Infiltration/00015795_001.png,7,Infiltration
train,train/Effusion/00009595_013.png,4,Effusion
train,train/Atelectasis/00006635_007.png,0,Atelectasis
train,train/Fibrosis/00015031_027.png,6,Fibrosis
train,train/Mass/00009122_000.png,8,Mass
train,train/Atelectasis/00014584_003.png,0,Atelectasis
train,train/Infiltration/00023722_001.png,7,Infiltration
train,train/Pneumothorax/00023009_006.png,11,Pneumothorax
train,train/Pneumothorax/00018610_012.png,11,Pneumothorax
train,train/Cardiomegaly/00013682_000.png,1,Cardiomegaly
train,train/Nodule/00008342_026.png,9,Nodule
train,train/Pneumothorax/00029866_003.png,11,Pneumothorax
train,train/Fibrosis/00006043_000.png,6,Fibrosis
train,train/Nodule/00022030_000.png,9,Nodule
train,train/Cardiomegaly/00013808_003.png,1,Cardiomegaly
train,train/Atelectasis/00028231_003.png,0,Atelectasis
train,train/Edema/00014129_007.png,3,Edema
train,train/Pneumothorax/00010247_001.png,11,Pneumothorax
train,train/Consolidation/00006008_001.png,2,Consolidation
train,train/Emphysema/00000360_003.png,5,Emphysema
train,train/Nodule/00017567_000.png,9,Nodule
train,train/Effusion/00000761_002.png,4,Effusion
train,train/Infiltration/00017233_000.png,7,Infiltration
train,train/Cardiomegaly/00014848_000.png,1,Cardiomegaly
train,train/Effusion/00008039_002.png,4,Effusion
train,train/Mass/00014826_006.png,8,Mass
train,train/Cardiomegaly/00010629_000.png,1,Cardiomegaly
train,train/Nodule/00006631_005.png,9,Nodule
train,train/Consolidation/00026925_025.png,2,Consolidation
train,train/Edema/00017603_019.png,3,Edema
train,train/Mass/00015685_002.png,8,Mass
train,train/Emphysema/00017046_005.png,5,Emphysema
train,train/Atelectasis/00000348_007.png,0,Atelectasis
train,train/Effusion/00021441_002.png,4,Effusion
train,train/Nodule/00020126_000.png,9,Nodule
train,train/Atelectasis/00002569_000.png,0,Atelectasis
train,train/Edema/00012863_012.png,3,Edema
train,train/Nodule/00027343_002.png,9,Nodule
train,train/Emphysema/00009825_000.png,5,Emphysema
train,train/Effusion/00010973_007.png,4,Effusion
train,train/Infiltration/00025608_000.png,7,Infiltration
train,train/Fibrosis/00000402_000.png,6,Fibrosis
train,train/Infiltration/00027280_002.png,7,Infiltration
train,train/Cardiomegaly/00003744_000.png,1,Cardiomegaly
train,train/Fibrosis/00011971_001.png,6,Fibrosis
train,train/Emphysema/00020085_010.png,5,Emphysema
train,train/Mass/00007193_005.png,8,Mass
train,train/Consolidation/00005626_008.png,2,Consolidation
train,train/Pneumonia/00002052_002.png,10,Pneumonia
train,train/Pneumothorax/00019730_001.png,11,Pneumothorax
train,train/Fibrosis/00024226_000.png,6,Fibrosis
train,train/Consolidation/00026355_000.png,2,Consolidation
train,train/Pneumothorax/00001029_002.png,11,Pneumothorax
train,train/Consolidation/00018052_003.png,2,Consolidation
train,train/Pneumonia/00017005_000.png,10,Pneumonia
train,train/Atelectasis/00022832_014.png,0,Atelectasis
train,train/Infiltration/00019878_002.png,7,Infiltration
train,train/Mass/00005252_000.png,8,Mass
train,train/Effusion/00012236_010.png,4,Effusion
train,train/Atelectasis/00026960_003.png,0,Atelectasis
train,train/Pneumothorax/00019506_002.png,11,Pneumothorax
train,train/Cardiomegaly/00002103_001.png,1,Cardiomegaly
train,train/Emphysema/00028515_000.png,5,Emphysema
train,train/Pneumothorax/00015439_001.png,11,Pneumothorax
train,train/Atelectasis/00016716_000.png,0,Atelectasis
train,train/Infiltration/00010264_005.png,7,Infiltration
train,train/Cardiomegaly/00027292_001.png,1,Cardiomegaly
train,train/Effusion/00017697_002.png,4,Effusion
train,train/Infiltration/00017158_027.png,7,Infiltration
train,train/Pneumonia/00005892_001.png,10,Pneumonia
train,train/Pneumothorax/00003162_002.png,11,Pneumothorax
train,train/Effusion/00026341_009.png,4,Effusion
train,train/Pneumonia/00019894_038.png,10,Pneumonia
train,train/Atelectasis/00018126_000.png,0,Atelectasis
train,train/Cardiomegaly/00017944_011.png,1,Cardiomegaly
train,train/Emphysema/00007461_000.png,5,Emphysema
train,train/Atelectasis/00026881_000.png,0,Atelectasis
train,train/Emphysema/00016410_030.png,5,Emphysema
train,train/Effusion/00013774_045.png,4,Effusion
train,train/Fibrosis/00017189_000.png,6,Fibrosis
train,train/Pneumonia/00015806_003.png,10,Pneumonia
train,train/Effusion/00027465_006.png,4,Effusion
train,train/Nodule/00005218_016.png,9,Nodule
train,train/Fibrosis/00002566_001.png,6,Fibrosis
train,train/Cardiomegaly/00012332_000.png,1,Cardiomegaly
train,train/Cardiomegaly/00016673_000.png,1,Cardiomegaly
train,train/Atelectasis/00005064_008.png,0,Atelectasis
train,train/Cardiomegaly/00006469_000.png,1,Cardiomegaly
train,train/Infiltration/00011987_002.png,7,Infiltration
train,train/Cardiomegaly/00013064_002.png,1,Cardiomegaly
train,train/Pneumothorax/00022651_017.png,11,Pneumothorax
train,train/Cardiomegaly/00028871_002.png,1,Cardiomegaly
train,train/Edema/00027045_002.png,3,Edema
train,train/Consolidation/00001814_004.png,2,Consolidation
train,train/Consolidation/00005989_000.png,2,Consolidation
train,train/Mass/00016557_004.png,8,Mass
train,train/Effusion/00015253_000.png,4,Effusion
train,train/Emphysema/00018225_005.png,5,Emphysema
train,train/Pneumonia/00000310_001.png,10,Pneumonia
train,train/Cardiomegaly/00012565_000.png,1,Cardiomegaly
train,train/Atelectasis/00016888_003.png,0,Atelectasis
train,train/Mass/00027843_001.png,8,Mass
train,train/Consolidation/00009365_020.png,2,Consolidation
train,train/Nodule/00019647_007.png,9,Nodule
train,train/Pneumonia/00013997_000.png,10,Pneumonia
train,train/Emphysema/00015606_051.png,5,Emphysema
train,train/Edema/00015942_002.png,3,Edema
train,train/Emphysema/00008509_001.png,5,Emphysema
train,train/Emphysema/00005757_000.png,5,Emphysema
train,train/Consolidation/00009727_041.png,2,Consolidation
train,train/Infiltration/00025692_000.png,7,Infiltration
train,train/Fibrosis/00001306_000.png,6,Fibrosis
train,train/Infiltration/00015513_001.png,7,Infiltration
train,train/Mass/00013917_008.png,8,Mass
train,train/Pneumonia/00001021_000.png,10,Pneumonia
train,train/Cardiomegaly/00010372_002.png,1,Cardiomegaly
train,train/Mass/00022948_006.png,8,Mass
train,train/Nodule/00004571_016.png,9,Nodule
train,train/Pneumonia/00003510_010.png,10,Pneumonia
train,train/Cardiomegaly/00004363_000.png,1,Cardiomegaly
train,train/Mass/00027195_000.png,8,Mass
train,train/Emphysema/00025924_011.png,5,Emphysema
train,train/Infiltration/00028548_001.png,7,Infiltration
train,train/Edema/00000678_000.png,3,Edema
train,train/Pneumothorax/00010864_009.png,11,Pneumothorax
train,train/Pneumothorax/00008401_001.png,11,Pneumothorax
train,train/Fibrosis/00000199_004.png,6,Fibrosis
train,train/Effusion/00003393_059.png,4,Effusion
train,train/Cardiomegaly/00011622_001.png,1,Cardiomegaly
train,train/Nodule/00028392_003.png,9,Nodule
train,train/Fibrosis/00006868_008.png,6,Fibrosis
train,train/Consolidation/00015151_002.png,2,Consolidation
train,train/Mass/00015915_010.png,8,Mass
train,train/Cardiomegaly/00003283_000.png,1,Cardiomegaly
train,train/Mass/00005909_003.png,8,Mass
train,train/Fibrosis/00007228_000.png,6,Fibrosis
train,train/Atelectasis/00016189_001.png,0,Atelectasis
train,train/Effusion/00006383_000.png,4,Effusion
train,train/Emphysema/00001047_002.png,5,Emphysema
train,train/Cardiomegaly/00005717_001.png,1,Cardiomegaly
train,train/Edema/00025905_003.png,3,Edema
train,train/Emphysema/00011752_005.png,5,Emphysema
train,train/Pneumonia/00017254_000.png,10,Pneumonia
train,train/Edema/00026515_005.png,3,Edema
train,train/Pneumothorax/00020195_005.png,11,Pneumothorax
train,train/Mass/00009374_000.png,8,Mass
train,train/Cardiomegaly/00028400_001.png,1,Cardiomegaly
train,train/Fibrosis/00000613_000.png,6,Fibrosis
train,train/Effusion/00013613_014.png,4,Effusion
train,train/Emphysema/00015384_007.png,5,Emphysema
train,train/Infiltration/00001806_008.png,7,Infiltration
train,train/Fibrosis/00013382_000.png,6,Fibrosis
train,train/Pneumonia/00010544_029.png,10,Pneumonia
train,train/Pneumothorax/00016249_002.png,11,Pneumothorax
train,train/Cardiomegaly/00029358_016.png,1,Cardiomegaly
train,train/Consolidation/00018884_000.png,2,Consolidation
train,train/Nodule/00001504_014.png,9,Nodule
train,train/Cardiomegaly/00015122_006.png,1,Cardiomegaly
train,train/Emphysema/00007618_009.png,5,Emphysema
train,train/Effusion/00025360_009.png,4,Effusion
train,train/Infiltration/00028483_008.png,7,Infiltration
train,train/Nodule/00015521_000.png,9,Nodule
train,train/Atelectasis/00025229_001.png,0,Atelectasis
train,train/Edema/00011794_004.png,3,Edema
train,train/Fibrosis/00000573_004.png,6,Fibrosis
train,train/Fibrosis/00021315_000.png,6,Fibrosis
train,train/Edema/00025322_007.png,3,Edema
train,train/Atelectasis/00021817_004.png,0,Atelectasis
train,train/Pneumothorax/00015044_006.png,11,Pneumothorax
train,train/Atelectasis/00029725_000.png,0,Atelectasis
train,train/Pneumonia/00016778_028.png,10,Pneumonia
train,train/Fibrosis/00014050_004.png,6,Fibrosis
train,train/Pneumothorax/00025800_004.png,11,Pneumothorax
train,train/Effusion/00027282_001.png,4,Effusion
train,train/Fibrosis/00000204_000.png,6,Fibrosis
train,train/Atelectasis/00012753_000.png,0,Atelectasis
train,train/Mass/00003045_003.png,8,Mass
train,train/Cardiomegaly/00022515_001.png,1,Cardiomegaly
train,train/Pneumonia/00019707_017.png,10,Pneumonia
train,train/Nodule/00002544_000.png,9,Nodule
train,train/Atelectasis/00005466_001.png,0,Atelectasis
train,train/Emphysema/00010695_010.png,5,Emphysema
train,train/Effusion/00016019_003.png,4,Effusion
train,train/Pneumonia/00012777_005.png,10,Pneumonia
train,train/Infiltration/00002403_000.png,7,Infiltration
train,train/Cardiomegaly/00005062_000.png,1,Cardiomegaly
train,train/Consolidation/00003826_002.png,2,Consolidation
train,train/Fibrosis/00004833_010.png,6,Fibrosis
train,train/Mass/00016086_000.png,8,Mass
train,train/Pneumothorax/00023124_002.png,11,Pneumothorax
train,train/Nodule/00005456_005.png,9,Nodule
train,train/Pneumonia/00011882_000.png,10,Pneumonia
train,train/Fibrosis/00011940_000.png,6,Fibrosis
train,train/Mass/00012460_001.png,8,Mass
train,train/Emphysema/00005523_000.png,5,Emphysema
train,train/Nodule/00015376_032.png,9,Nodule
train,train/Fibrosis/00026956_004.png,6,Fibrosis
train,train/Atelectasis/00003222_000.png,0,Atelectasis
train,train/Infiltration/00010315_002.png,7,Infiltration
train,train/Pneumothorax/00005911_001.png,11,Pneumothorax
train,train/Cardiomegaly/00006875_003.png,1,Cardiomegaly
train,train/Atelectasis/00029221_005.png,0,Atelectasis
train,train/Effusion/00003186_002.png,4,Effusion
train,train/Infiltration/00009792_000.png,7,Infiltration
train,train/Consolidation/00014145_010.png,2,Consolidation
train,train/Atelectasis/00002566_003.png,0,Atelectasis
train,train/Nodule/00007862_003.png,9,Nodule
train,train/Mass/00007807_000.png,8,Mass
train,train/Emphysema/00023316_004.png,5,Emphysema
train,train/Cardiomegaly/00029285_000.png,1,Cardiomegaly
train,train/Nodule/00008064_001.png,9,Nodule
train,train/Edema/00000938_002.png,3,Edema
train,train/Mass/00020195_021.png,8,Mass
train,train/Pneumonia/00028764_002.png,10,Pneumonia
train,train/Fibrosis/00007623_001.png,6,Fibrosis
train,train/Mass/00011845_017.png,8,Mass
train,train/Nodule/00028195_003.png,9,Nodule
train,train/Nodule/00007315_000.png,9,Nodule
train,train/Edema/00018027_009.png,3,Edema
train,train/Emphysema/00004317_003.png,5,Emphysema
train,train/Consolidation/00002048_003.png,2,Consolidation
train,train/Mass/00030682_000.png,8,Mass
train,train/Consolidation/00011351_009.png,2,Consolidation
train,train/Atelectasis/00026028_001.png,0,Atelectasis
train,train/Consolidation/00018418_001.png,2,Consolidation
train,train/Emphysema/00030541_003.png,5,Emphysema
train,train/Atelectasis/00013616_020.png,0,Atelectasis
train,train/Pneumonia/00012667_000.png,10,Pneumonia
train,train/Emphysema/00021872_000.png,5,Emphysema
train,train/Mass/00001410_000.png,8,Mass
train,train/Mass/00005977_012.png,8,Mass
train,train/Pneumothorax/00008131_001.png,11,Pneumothorax
train,train/Pneumonia/00020171_000.png,10,Pneumonia
train,train/Pneumonia/00016936_000.png,10,Pneumonia
train,train/Nodule/00016404_010.png,9,Nodule
train,train/Mass/00015029_002.png,8,Mass
train,train/Atelectasis/00016796_008.png,0,Atelectasis
train,train/Effusion/00005693_006.png,4,Effusion
train,train/Pneumothorax/00005067_014.png,11,Pneumothorax
train,train/Pneumothorax/00006926_020.png,11,Pneumothorax
train,train/Fibrosis/00017718_005.png,6,Fibrosis
train,train/Pneumothorax/00016051_013.png,11,Pneumothorax
train,train/Nodule/00009679_000.png,9,Nodule
train,train/Cardiomegaly/00009196_001.png,1,Cardiomegaly
train,train/Emphysema/00005113_002.png,5,Emphysema
train,train/Effusion/00008760_004.png,4,Effusion
train,train/Nodule/00020156_001.png,9,Nodule
train,train/Pneumonia/00019962_002.png,10,Pneumonia
train,train/Nodule/00022958_000.png,9,Nodule
train,train/Fibrosis/00002112_002.png,6,Fibrosis
train,train/Nodule/00006448_000.png,9,Nodule
train,train/Infiltration/00022341_004.png,7,Infiltration
train,train/Cardiomegaly/00003087_000.png,1,Cardiomegaly
train,train/Mass/00000071_008.png,8,Mass
train,train/Pneumothorax/00024749_000.png,11,Pneumothorax
train,train/Pneumonia/00014201_008.png,10,Pneumonia
train,train/Cardiomegaly/00002434_000.png,1,Cardiomegaly
train,train/Cardiomegaly/00025740_000.png,1,Cardiomegaly
train,train/Pneumonia/00025806_005.png,10,Pneumonia
train,train/Infiltration/00003392_010.png,7,Infiltration
train,train/Infiltration/00020701_000.png,7,Infiltration
train,train/Mass/00011144_023.png,8,Mass
train,train/Mass/00001158_001.png,8,Mass
train,train/Edema/00005682_007.png,3,Edema
train,train/Fibrosis/00009815_000.png,6,Fibrosis
train,train/Fibrosis/00018260_004.png,6,Fibrosis
train,train/Cardiomegaly/00000176_001.png,1,Cardiomegaly
train,train/Cardiomegaly/00010177_000.png,1,Cardiomegaly
train,train/Consolidation/00016410_010.png,2,Consolidation
train,train/Emphysema/00004650_000.png,5,Emphysema
train,train/Mass/00014397_011.png,8,Mass
train,train/Consolidation/00016778_017.png,2,Consolidation
train,train/Emphysema/00027320_004.png,5,Emphysema
train,train/Consolidation/00014715_011.png,2,Consolidation
train,train/Pneumonia/00002288_004.png,10,Pneumonia
train,train/Emphysema/00021212_009.png,5,Emphysema
train,train/Fibrosis/00005787_001.png,6,Fibrosis
train,train/Emphysema/00015606_052.png,5,Emphysema
train,train/Edema/00016376_011.png,3,Edema
train,train/Pneumonia/00014234_000.png,10,Pneumonia
train,train/Nodule/00021970_006.png,9,Nodule
train,train/Nodule/00029688_000.png,9,Nodule
train,train/Nodule/00025505_004.png,9,Nodule
train,train/Cardiomegaly/00018614_009.png,1,Cardiomegaly
train,train/Atelectasis/00003316_001.png,0,Atelectasis
train,train/Effusion/00000856_000.png,4,Effusion
train,train/Infiltration/00029439_000.png,7,Infiltration
train,train/Effusion/00007762_013.png,4,Effusion
train,train/Pneumonia/00011966_006.png,10,Pneumonia
train,train/Emphysema/00004257_005.png,5,Emphysema
train,train/Infiltration/00016698_002.png,7,Infiltration
train,train/Edema/00015911_008.png,3,Edema
train,train/Cardiomegaly/00017047_000.png,1,Cardiomegaly
train,train/Infiltration/00029764_001.png,7,Infiltration
train,train/Edema/00018829_004.png,3,Edema
train,train/Mass/00020228_002.png,8,Mass
train,train/Effusion/00006788_003.png,4,Effusion
train,train/Fibrosis/00005711_002.png,6,Fibrosis
train,train/Mass/00015214_003.png,8,Mass
train,train/Emphysema/00003005_006.png,5,Emphysema
train,train/Fibrosis/00003584_000.png,6,Fibrosis
train,train/Pneumothorax/00001951_015.png,11,Pneumothorax
train,train/Fibrosis/00028176_000.png,6,Fibrosis
train,train/Consolidation/00007534_033.png,2,Consolidation
train,train/Consolidation/00017705_001.png,2,Consolidation
train,train/Pneumothorax/00002058_007.png,11,Pneumothorax
train,train/Consolidation/00027467_001.png,2,Consolidation
train,train/Nodule/00021403_002.png,9,Nodule
train,train/Consolidation/00006856_004.png,2,Consolidation
train,train/Emphysema/00025480_001.png,5,Emphysema
train,train/Infiltration/00008027_000.png,7,Infiltration
train,train/Effusion/00012993_015.png,4,Effusion
train,train/Atelectasis/00007979_001.png,0,Atelectasis
train,train/Pneumonia/00000261_002.png,10,Pneumonia
train,train/Pneumonia/00013447_012.png,10,Pneumonia
train,train/Fibrosis/00001429_000.png,6,Fibrosis
train,train/Emphysema/00003523_033.png,5,Emphysema
train,train/Effusion/00012488_006.png,4,Effusion
train,train/Pneumothorax/00003348_000.png,11,Pneumothorax
train,train/Mass/00030078_000.png,8,Mass
train,train/Atelectasis/00004044_000.png,0,Atelectasis
train,train/Fibrosis/00011747_000.png,6,Fibrosis
train,train/Nodule/00029649_000.png,9,Nodule
train,train/Edema/00006057_003.png,3,Edema
train,train/Edema/00018972_027.png,3,Edema
train,train/Mass/00015915_000.png,8,Mass
train,train/Pneumothorax/00010782_001.png,11,Pneumothorax
train,train/Cardiomegaly/00003989_022.png,1,Cardiomegaly
train,train/Pneumothorax/00006881_008.png,11,Pneumothorax
train,train/Fibrosis/00008583_001.png,6,Fibrosis
train,train/Effusion/00025596_001.png,4,Effusion
train,train/Infiltration/00028205_000.png,7,Infiltration
train,train/Effusion/00026486_006.png,4,Effusion
train,train/Mass/00001483_020.png,8,Mass
train,train/Effusion/00008256_003.png,4,Effusion
train,train/Pneumonia/00018198_004.png,10,Pneumonia
train,train/Pneumothorax/00026278_001.png,11,Pneumothorax
train,train/Pneumothorax/00028426_000.png,11,Pneumothorax
train,train/Consolidation/00025768_004.png,2,Consolidation
train,train/Consolidation/00012276_008.png,2,Consolidation
train,train/Consolidation/00016209_000.png,2,Consolidation
train,train/Nodule/00015150_000.png,9,Nodule
train,train/Fibrosis/00025110_005.png,6,Fibrosis
train,train/Pneumonia/00011553_007.png,10,Pneumonia
train,train/Infiltration/00012257_002.png,7,Infiltration
train,train/Edema/00029108_001.png,3,Edema
train,train/Fibrosis/00027729_000.png,6,Fibrosis
train,train/Nodule/00004829_000.png,9,Nodule
train,train/Emphysema/00008468_021.png,5,Emphysema
train,train/Atelectasis/00017907_000.png,0,Atelectasis
train,train/Fibrosis/00000311_000.png,6,Fibrosis
train,train/Emphysema/00019894_009.png,5,Emphysema
train,train/Infiltration/00015048_002.png,7,Infiltration
train,train/Atelectasis/00025667_000.png,0,Atelectasis
train,train/Atelectasis/00019390_004.png,0,Atelectasis
train,train/Edema/00018164_002.png,3,Edema
train,train/Effusion/00021086_001.png,4,Effusion
train,train/Nodule/00018964_000.png,9,Nodule
train,train/Edema/00004925_008.png,3,Edema
train,train/Edema/00020094_004.png,3,Edema
train,train/Cardiomegaly/00002280_002.png,1,Cardiomegaly
train,train/Infiltration/00021826_000.png,7,Infiltration
train,train/Infiltration/00025704_000.png,7,Infiltration
train,train/Nodule/00010746_000.png,9,Nodule
train,train/Pneumonia/00001529_002.png,10,Pneumonia
train,train/Effusion/00025517_000.png,4,Effusion
train,train/Nodule/00008435_003.png,9,Nodule
train,train/Effusion/00012635_009.png,4,Effusion
train,train/Consolidation/00006307_008.png,2,Consolidation
train,train/Edema/00010824_001.png,3,Edema
train,train/Effusion/00015085_000.png,4,Effusion
train,train/Cardiomegaly/00027274_000.png,1,Cardiomegaly
train,train/Consolidation/00021750_007.png,2,Consolidation
train,train/Mass/00011622_008.png,8,Mass
train,train/Pneumothorax/00001951_003.png,11,Pneumothorax
train,train/Mass/00008277_000.png,8,Mass
train,train/Nodule/00027108_013.png,9,Nodule
train,train/Mass/00025319_000.png,8,Mass
train,train/Mass/00018527_008.png,8,Mass
train,train/Fibrosis/00007955_002.png,6,Fibrosis
train,train/Fibrosis/00012638_000.png,6,Fibrosis
train,train/Nodule/00023166_000.png,9,Nodule
train,train/Nodule/00022374_003.png,9,Nodule
train,train/Pneumothorax/00012247_000.png,11,Pneumothorax
train,train/Consolidation/00015845_012.png,2,Consolidation
train,train/Nodule/00011493_005.png,9,Nodule
train,train/Pneumonia/00012733_000.png,10,Pneumonia
train,train/Emphysema/00030541_004.png,5,Emphysema
train,train/Infiltration/00000183_000.png,7,Infiltration
train,train/Atelectasis/00003882_005.png,0,Atelectasis
train,train/Consolidation/00006480_008.png,2,Consolidation
train,train/Infiltration/00017633_001.png,7,Infiltration
train,train/Edema/00015190_007.png,3,Edema
train,train/Nodule/00017417_006.png,9,Nodule
train,train/Nodule/00008715_001.png,9,Nodule
train,train/Consolidation/00013055_002.png,2,Consolidation
train,train/Fibrosis/00002438_000.png,6,Fibrosis
train,train/Consolidation/00004738_000.png,2,Consolidation
train,train/Emphysema/00016821_001.png,5,Emphysema
train,train/Consolidation/00008701_049.png,2,Consolidation
train,train/Infiltration/00013662_002.png,7,Infiltration
train,train/Infiltration/00017618_026.png,7,Infiltration
train,train/Effusion/00009925_031.png,4,Effusion
train,train/Infiltration/00003336_004.png,7,Infiltration
train,train/Effusion/00017830_008.png,4,Effusion
train,train/Infiltration/00012863_039.png,7,Infiltration
train,train/Atelectasis/00018432_000.png,0,Atelectasis
train,train/Cardiomegaly/00004775_000.png,1,Cardiomegaly
train,train/Pneumothorax/00003527_010.png,11,Pneumothorax
train,train/Emphysema/00025454_006.png,5,Emphysema
train,train/Pneumonia/00010544_007.png,10,Pneumonia
train,train/Cardiomegaly/00015013_002.png,1,Cardiomegaly
train,train/Edema/00018972_052.png,3,Edema
train,train/Pneumothorax/00021219_017.png,11,Pneumothorax
train,train/Effusion/00009144_000.png,4,Effusion
train,train/Pneumonia/00019895_002.png,10,Pneumonia
train,train/Nodule/00014844_000.png,9,Nodule
train,train/Emphysema/00014705_007.png,5,Emphysema
train,train/Cardiomegaly/00014273_000.png,1,Cardiomegaly
train,train/Nodule/00010801_000.png,9,Nodule
train,train/Cardiomegaly/00002743_006.png,1,Cardiomegaly
train,train/Infiltration/00011677_001.png,7,Infiltration
train,train/Emphysema/00001833_005.png,5,Emphysema
train,train/Cardiomegaly/00014962_001.png,1,Cardiomegaly
train,train/Effusion/00013774_030.png,4,Effusion
train,train/Pneumothorax/00010729_004.png,11,Pneumothorax
train,train/Emphysema/00005811_001.png,5,Emphysema
train,train/Pneumothorax/00008663_006.png,11,Pneumothorax
train,train/Nodule/00013408_010.png,9,Nodule
train,train/Infiltration/00028059_000.png,7,Infiltration
train,train/Fibrosis/00002207_000.png,6,Fibrosis
train,train/Emphysema/00007161_001.png,5,Emphysema
train,train/Cardiomegaly/00019801_000.png,1,Cardiomegaly
train,train/Emphysema/00029244_002.png,5,Emphysema
train,train/Edema/00016821_008.png,3,Edema
train,train/Pneumothorax/00007576_015.png,11,Pneumothorax
train,train/Infiltration/00018448_011.png,7,Infiltration
train,train/Fibrosis/00002796_001.png,6,Fibrosis
train,train/Edema/00010547_005.png,3,Edema
train,train/Emphysema/00019576_005.png,5,Emphysema
train,train/Atelectasis/00007317_012.png,0,Atelectasis
train,train/Edema/00016376_002.png,3,Edema
train,train/Fibrosis/00000204_004.png,6,Fibrosis
train,train/Infiltration/00021834_000.png,7,Infiltration
train,train/Mass/00005218_001.png,8,Mass
train,train/Atelectasis/00000030_001.png,0,Atelectasis
train,train/Consolidation/00010294_007.png,2,Consolidation
train,train/Nodule/00025777_000.png,9,Nodule
train,train/Emphysema/00001233_000.png,5,Emphysema
train,train/Nodule/00020471_001.png,9,Nodule
train,train/Effusion/00027706_025.png,4,Effusion
train,train/Infiltration/00019755_000.png,7,Infiltration
train,train/Consolidation/00009212_002.png,2,Consolidation
train,train/Atelectasis/00012204_000.png,0,Atelectasis
train,train/Infiltration/00008475_001.png,7,Infiltration
train,train/Edema/00006296_022.png,3,Edema
train,train/Infiltration/00002291_003.png,7,Infiltration
train,train/Cardiomegaly/00009813_009.png,1,Cardiomegaly
train,train/Pneumothorax/00020450_003.png,11,Pneumothorax
train,train/Nodule/00005859_000.png,9,Nodule
train,train/Fibrosis/00007571_000.png,6,Fibrosis
train,train/Effusion/00002979_000.png,4,Effusion
train,train/Infiltration/00010741_008.png,7,Infiltration
train,train/Infiltration/00008908_003.png,7,Infiltration
train,train/Cardiomegaly/00021326_000.png,1,Cardiomegaly
train,train/Cardiomegaly/00022945_000.png,1,Cardiomegaly
train,train/Fibrosis/00017443_000.png,6,Fibrosis
train,train/Edema/00006446_007.png,3,Edema
train,train/Emphysema/00002649_017.png,5,Emphysema
train,train/Pneumonia/00014603_006.png,10,Pneumonia
train,train/Atelectasis/00001819_003.png,0,Atelectasis
train,train/Emphysema/00017136_011.png,5,Emphysema
train,train/Pneumonia/00013070_000.png,10,Pneumonia
train,train/Pneumonia/00014436_008.png,10,Pneumonia
train,train/Pneumothorax/00002201_001.png,11,Pneumothorax
train,train/Infiltration/00020888_000.png,7,Infiltration
train,train/Atelectasis/00000219_000.png,0,Atelectasis
train,train/Pneumonia/00028301_000.png,10,Pneumonia
train,train/Edema/00011711_007.png,3,Edema
train,train/Effusion/00019348_010.png,4,Effusion
train,train/Effusion/00007564_000.png,4,Effusion
train,train/Pneumothorax/00023160_010.png,11,Pneumothorax
train,train/Pneumothorax/00025695_016.png,11,Pneumothorax
train,train/Nodule/00006710_003.png,9,Nodule
train,train/Infiltration/00008309_012.png,7,Infiltration
train,train/Consolidation/00023221_004.png,2,Consolidation
train,train/Infiltration/00022103_000.png,7,Infiltration
train,train/Pneumonia/00005673_003.png,10,Pneumonia
train,train/Effusion/00021828_002.png,4,Effusion
train,train/Edema/00013085_000.png,3,Edema
train,train/Emphysema/00007404_009.png,5,Emphysema
train,train/Edema/00016315_002.png,3,Edema
train,train/Consolidation/00018643_003.png,2,Consolidation
train,train/Consolidation/00016011_001.png,2,Consolidation
train,train/Nodule/00000372_013.png,9,Nodule
train,train/Edema/00016410_011.png,3,Edema
train,train/Nodule/00009315_002.png,9,Nodule
train,train/Consolidation/00003222_002.png,2,Consolidation
train,train/Mass/00008429_002.png,8,Mass
train,train/Infiltration/00022561_000.png,7,Infiltration
train,train/Atelectasis/00016677_002.png,0,Atelectasis
train,train/Effusion/00027211_006.png,4,Effusion
train,train/Emphysema/00008594_002.png,5,Emphysema
train,train/Effusion/00020326_071.png,4,Effusion
train,train/Mass/00013523_001.png,8,Mass
train,train/Fibrosis/00000199_001.png,6,Fibrosis
train,train/Emphysema/00005460_006.png,5,Emphysema
train,train/Consolidation/00013323_000.png,2,Consolidation
train,train/Pneumothorax/00029146_001.png,11,Pneumothorax
train,train/Atelectasis/00029201_006.png,0,Atelectasis
train,train/Pneumonia/00010531_012.png,10,Pneumonia
train,train/Mass/00017136_015.png,8,Mass
train,train/Consolidation/00015152_003.png,2,Consolidation
train,train/Infiltration/00003670_005.png,7,Infiltration
train,train/Fibrosis/00003039_000.png,6,Fibrosis
train,train/Fibrosis/00006868_005.png,6,Fibrosis
train,train/Nodule/00003896_001.png,9,Nodule
train,train/Edema/00000459_042.png,3,Edema
train,train/Pneumonia/00026085_000.png,10,Pneumonia
train,train/Infiltration/00020740_003.png,7,Infiltration
train,train/Nodule/00011093_000.png,9,Nodule
train,train/Cardiomegaly/00030764_000.png,1,Cardiomegaly
train,train/Nodule/00013078_007.png,9,Nodule
train,train/Nodule/00002834_003.png,9,Nodule
train,train/Mass/00018904_001.png,8,Mass
train,train/Cardiomegaly/00030419_000.png,1,Cardiomegaly
train,train/Infiltration/00017963_002.png,7,Infiltration
train,train/Pneumothorax/00010304_000.png,11,Pneumothorax
train,train/Consolidation/00028485_003.png,2,Consolidation
train,train/Nodule/00011764_005.png,9,Nodule
train,train/Pneumothorax/00003574_013.png,11,Pneumothorax
train,train/Atelectasis/00015987_003.png,0,Atelectasis
train,train/Pneumonia/00027266_001.png,10,Pneumonia
train,train/Cardiomegaly/00012081_000.png,1,Cardiomegaly
train,train/Pneumothorax/00001561_003.png,11,Pneumothorax
train,train/Infiltration/00026301_007.png,7,Infiltration
train,train/Emphysema/00011420_007.png,5,Emphysema
train,train/Mass/00017662_001.png,8,Mass
train,train/Pneumonia/00005069_001.png,10,Pneumonia
train,train/Consolidation/00014463_000.png,2,Consolidation
train,train/Infiltration/00002492_014.png,7,Infiltration
train,train/Nodule/00021128_002.png,9,Nodule
train,train/Infiltration/00011850_006.png,7,Infiltration
train,train/Cardiomegaly/00015401_007.png,1,Cardiomegaly
train,train/Atelectasis/00020960_001.png,0,Atelectasis
train,train/Pneumothorax/00017731_009.png,11,Pneumothorax
train,train/Fibrosis/00008981_003.png,6,Fibrosis
train,train/Atelectasis/00008180_002.png,0,Atelectasis
train,train/Emphysema/00007962_004.png,5,Emphysema
train,train/Pneumothorax/00000322_010.png,11,Pneumothorax
train,train/Mass/00009508_001.png,8,Mass
train,train/Mass/00007587_000.png,8,Mass
train,train/Edema/00015376_030.png,3,Edema
train,train/Effusion/00012874_014.png,4,Effusion
train,train/Consolidation/00028725_004.png,2,Consolidation
train,train/Nodule/00015851_000.png,9,Nodule
train,train/Cardiomegaly/00029665_000.png,1,Cardiomegaly
train,train/Edema/00015376_024.png,3,Edema
train,train/Effusion/00001803_007.png,4,Effusion
train,train/Consolidation/00012742_000.png,2,Consolidation
train,train/Edema/00007332_001.png,3,Edema
train,train/Edema/00016232_005.png,3,Edema
train,train/Emphysema/00003122_006.png,5,Emphysema
train,train/Effusion/00021617_001.png,4,Effusion
train,train/Fibrosis/00012570_000.png,6,Fibrosis
train,train/Atelectasis/00015031_001.png,0,Atelectasis
train,train/Consolidation/00020471_002.png,2,Consolidation
train,train/Nodule/00013714_009.png,9,Nodule
train,train/Fibrosis/00010825_000.png,6,Fibrosis
train,train/Nodule/00016280_000.png,9,Nodule
train,train/Atelectasis/00025873_000.png,0,Atelectasis
train,train/Cardiomegaly/00006875_031.png,1,Cardiomegaly
train,train/Edema/00013205_005.png,3,Edema
train,train/Pneumothorax/00003722_011.png,11,Pneumothorax
train,train/Pneumothorax/00004800_002.png,11,Pneumothorax
train,train/Atelectasis/00007446_000.png,0,Atelectasis
train,train/Pneumothorax/00021759_030.png,11,Pneumothorax
train,train/Pneumonia/00005639_003.png,10,Pneumonia
train,train/Edema/00012635_008.png,3,Edema
train,train/Pneumothorax/00008748_007.png,11,Pneumothorax
train,train/Effusion/00030786_000.png,4,Effusion
train,train/Edema/00000652_007.png,3,Edema
train,train/Fibrosis/00000963_009.png,6,Fibrosis
train,train/Effusion/00022578_000.png,4,Effusion
train,train/Consolidation/00028912_003.png,2,Consolidation
train,train/Pneumothorax/00004022_002.png,11,Pneumothorax
train,train/Mass/00014497_000.png,8,Mass
train,train/Cardiomegaly/00006875_011.png,1,Cardiomegaly
train,train/Nodule/00029313_001.png,9,Nodule
train,train/Effusion/00003771_004.png,4,Effusion
train,train/Edema/00011140_001.png,3,Edema
train,train/Emphysema/00025849_031.png,5,Emphysema
train,train/Edema/00002655_003.png,3,Edema
train,train/Pneumothorax/00013924_003.png,11,Pneumothorax
train,train/Mass/00021383_002.png,8,Mass
train,train/Mass/00027440_000.png,8,Mass
train,train/Emphysema/00029052_000.png,5,Emphysema
train,train/Consolidation/00006850_012.png,2,Consolidation
train,train/Fibrosis/00003045_002.png,6,Fibrosis
train,train/Pneumothorax/00027092_002.png,11,Pneumothorax
train,train/Emphysema/00010369_002.png,5,Emphysema
train,train/Cardiomegaly/00016220_004.png,1,Cardiomegaly
train,train/Pneumonia/00019176_076.png,10,Pneumonia
train,train/Cardiomegaly/00030708_000.png,1,Cardiomegaly
train,train/Fibrosis/00010841_008.png,6,Fibrosis
train,train/Mass/00017618_034.png,8,Mass
train,train/Nodule/00010872_007.png,9,Nodule
train,train/Consolidation/00016884_000.png,2,Consolidation
train,train/Emphysema/00016410_034.png,5,Emphysema
train,train/Pneumonia/00007191_001.png,10,Pneumonia
train,train/Effusion/00022055_003.png,4,Effusion
train,train/Edema/00030570_004.png,3,Edema
train,train/Effusion/00000117_000.png,4,Effusion
train,train/Atelectasis/00003978_000.png,0,Atelectasis
train,train/Fibrosis/00008652_000.png,6,Fibrosis
train,train/Pneumothorax/00003337_003.png,11,Pneumothorax
train,train/Consolidation/00022699_002.png,2,Consolidation
train,train/Atelectasis/00021939_001.png,0,Atelectasis
train,train/Consolidation/00022065_022.png,2,Consolidation
train,train/Atelectasis/00019120_001.png,0,Atelectasis
train,train/Atelectasis/00001203_016.png,0,Atelectasis
train,train/Mass/00013158_005.png,8,Mass
train,train/Atelectasis/00005029_001.png,0,Atelectasis
train,train/Consolidation/00007157_013.png,2,Consolidation
train,train/Atelectasis/00017692_002.png,0,Atelectasis
train,train/Pneumothorax/00003101_005.png,11,Pneumothorax
train,train/Mass/00021499_018.png,8,Mass
train,train/Edema/00019994_002.png,3,Edema
train,train/Edema/00012653_003.png,3,Edema
train,train/Pneumothorax/00011808_005.png,11,Pneumothorax
train,train/Fibrosis/00013582_000.png,6,Fibrosis
train,train/Atelectasis/00011522_002.png,0,Atelectasis
train,train/Emphysema/00021127_005.png,5,Emphysema
train,train/Infiltration/00016900_008.png,7,Infiltration
train,train/Edema/00001249_002.png,3,Edema
train,train/Mass/00004519_007.png,8,Mass
train,train/Mass/00030184_003.png,8,Mass
train,train/Pneumothorax/00020187_001.png,11,Pneumothorax
train,train/Fibrosis/00001463_000.png,6,Fibrosis
train,train/Edema/00019865_004.png,3,Edema
train,train/Cardiomegaly/00003087_001.png,1,Cardiomegaly
train,train/Edema/00015190_006.png,3,Edema
train,train/Pneumothorax/00016932_001.png,11,Pneumothorax
train,train/Infiltration/00001948_001.png,7,Infiltration
train,train/Emphysema/00013620_010.png,5,Emphysema
train,train/Edema/00016167_008.png,3,Edema
train,train/Fibrosis/00021915_000.png,6,Fibrosis
train,train/Consolidation/00025514_006.png,2,Consolidation
train,train/Infiltration/00017016_000.png,7,Infiltration
train,train/Infiltration/00019245_000.png,7,Infiltration
train,train/Nodule/00003393_025.png,9,Nodule
train,train/Mass/00012470_001.png,8,Mass
train,train/Emphysema/00008468_050.png,5,Emphysema
train,train/Pneumonia/00016205_000.png,10,Pneumonia
train,train/Pneumonia/00016362_000.png,10,Pneumonia
train,train/Nodule/00013170_000.png,9,Nodule
train,train/Nodule/00025206_004.png,9,Nodule
train,train/Infiltration/00002608_003.png,7,Infiltration
train,train/Edema/00016406_002.png,3,Edema
train,train/Emphysema/00009646_000.png,5,Emphysema
train,train/Edema/00016991_011.png,3,Edema
train,train/Emphysema/00000353_000.png,5,Emphysema
train,train/Effusion/00011470_002.png,4,Effusion
train,train/Atelectasis/00003459_027.png,0,Atelectasis
train,train/Pneumonia/00000963_007.png,10,Pneumonia
train,train/Fibrosis/00009637_001.png,6,Fibrosis
train,train/Mass/00027136_000.png,8,Mass
train,train/Fibrosis/00008009_012.png,6,Fibrosis
train,train/Pneumothorax/00008468_029.png,11,Pneumothorax
train,train/Emphysema/00010179_007.png,5,Emphysema
train,train/Edema/00017906_023.png,3,Edema
train,train/Infiltration/00018439_001.png,7,Infiltration
train,train/Mass/00017234_005.png,8,Mass
train,train/Mass/00029844_005.png,8,Mass
train,train/Pneumonia/00026629_006.png,10,Pneumonia
train,train/Consolidation/00007534_034.png,2,Consolidation
train,train/Fibrosis/00008224_000.png,6,Fibrosis
train,train/Effusion/00008341_003.png,4,Effusion
train,train/Pneumonia/00013678_006.png,10,Pneumonia
train,train/Edema/00027355_003.png,3,Edema
train,train/Pneumothorax/00016052_013.png,11,Pneumothorax
train,train/Mass/00025303_010.png,8,Mass
train,train/Consolidation/00006223_000.png,2,Consolidation
train,train/Emphysema/00017266_009.png,5,Emphysema
train,train/Infiltration/00006769_007.png,7,Infiltration
train,train/Atelectasis/00014362_020.png,0,Atelectasis
train,train/Fibrosis/00018015_016.png,6,Fibrosis
train,train/Nodule/00020046_004.png,9,Nodule
train,train/Pneumothorax/00029903_022.png,11,Pneumothorax
train,train/Fibrosis/00012366_000.png,6,Fibrosis
train,train/Infiltration/00015218_007.png,7,Infiltration
train,train/Pneumothorax/00029903_014.png,11,Pneumothorax
train,train/Pneumothorax/00014406_003.png,11,Pneumothorax
train,train/Cardiomegaly/00013876_002.png,1,Cardiomegaly
train,train/Infiltration/00026402_000.png,7,Infiltration
train,train/Consolidation/00029991_011.png,2,Consolidation
train,train/Atelectasis/00007093_002.png,0,Atelectasis
train,train/Fibrosis/00004106_003.png,6,Fibrosis
train,train/Pneumonia/00003426_017.png,10,Pneumonia
train,train/Consolidation/00004048_014.png,2,Consolidation
train,train/Pneumonia/00011147_000.png,10,Pneumonia
train,train/Effusion/00017046_018.png,4,Effusion
train,train/Atelectasis/00020158_015.png,0,Atelectasis
train,train/Atelectasis/00020294_005.png,0,Atelectasis
train,train/Pneumonia/00021706_004.png,10,Pneumonia
train,train/Effusion/00026627_005.png,4,Effusion
train,train/Pneumothorax/00025974_002.png,11,Pneumothorax
train,train/Cardiomegaly/00000338_000.png,1,Cardiomegaly
train,train/Infiltration/00001989_014.png,7,Infiltration
train,train/Cardiomegaly/00003567_000.png,1,Cardiomegaly
train,train/Cardiomegaly/00018802_000.png,1,Cardiomegaly
train,train/Atelectasis/00021469_002.png,0,Atelectasis
train,train/Pneumothorax/00007121_002.png,11,Pneumothorax
train,train/Pneumothorax/00022818_000.png,11,Pneumothorax
train,train/Nodule/00003832_001.png,9,Nodule
train,train/Atelectasis/00009710_004.png,0,Atelectasis
train,train/Atelectasis/00006137_002.png,0,Atelectasis
train,train/Pneumothorax/00019871_000.png,11,Pneumothorax
train,train/Effusion/00014465_023.png,4,Effusion
train,train/Nodule/00029844_000.png,9,Nodule
train,train/Pneumonia/00013779_000.png,10,Pneumonia
train,train/Mass/00010337_000.png,8,Mass
train,train/Fibrosis/00014809_021.png,6,Fibrosis
train,train/Edema/00008875_022.png,3,Edema
train,train/Pneumonia/00016896_012.png,10,Pneumonia
train,train/Effusion/00021023_008.png,4,Effusion
train,train/Cardiomegaly/00005064_013.png,1,Cardiomegaly
train,train/Cardiomegaly/00005641_004.png,1,Cardiomegaly
train,train/Infiltration/00013395_000.png,7,Infiltration
train,train/Fibrosis/00025431_000.png,6,Fibrosis
train,train/Pneumonia/00018843_000.png,10,Pneumonia
train,train/Mass/00019233_000.png,8,Mass
train,train/Fibrosis/00020470_001.png,6,Fibrosis
train,train/Atelectasis/00014717_005.png,0,Atelectasis
train,train/Infiltration/00001255_017.png,7,Infiltration
train,train/Edema/00018373_004.png,3,Edema
train,train/Effusion/00018829_010.png,4,Effusion
train,train/Pneumothorax/00012047_003.png,11,Pneumothorax
train,train/Cardiomegaly/00021186_001.png,1,Cardiomegaly
train,train/Cardiomegaly/00018465_000.png,1,Cardiomegaly
train,train/Emphysema/00029877_001.png,5,Emphysema
train,train/Atelectasis/00007558_002.png,0,Atelectasis
train,train/Atelectasis/00008800_002.png,0,Atelectasis
train,train/Pneumonia/00003510_009.png,10,Pneumonia
train,train/Mass/00019240_001.png,8,Mass
train,train/Nodule/00015305_000.png,9,Nodule
train,train/Cardiomegaly/00009188_001.png,1,Cardiomegaly
train,train/Nodule/00029883_004.png,9,Nodule
train,train/Infiltration/00025534_006.png,7,Infiltration
train,train/Effusion/00014977_002.png,4,Effusion
train,train/Atelectasis/00002420_001.png,0,Atelectasis
train,train/Fibrosis/00003647_006.png,6,Fibrosis
train,train/Cardiomegaly/00021958_000.png,1,Cardiomegaly
train,train/Mass/00001182_008.png,8,Mass
train,train/Atelectasis/00002803_000.png,0,Atelectasis
train,train/Pneumonia/00005963_025.png,10,Pneumonia
train,train/Nodule/00003393_022.png,9,Nodule
train,train/Nodule/00009117_006.png,9,Nodule
train,train/Consolidation/00015501_000.png,2,Consolidation
train,train/Infiltration/00007816_006.png,7,Infiltration
train,train/Mass/00018876_000.png,8,Mass
train,train/Fibrosis/00014751_001.png,6,Fibrosis
train,train/Pneumothorax/00027306_000.png,11,Pneumothorax
train,train/Nodule/00015856_003.png,9,Nodule
train,train/Consolidation/00013620_000.png,2,Consolidation
train,train/Nodule/00006434_000.png,9,Nodule
train,train/Mass/00014653_000.png,8,Mass
train,train/Emphysema/00003611_003.png,5,Emphysema
train,train/Atelectasis/00003841_005.png,0,Atelectasis
train,train/Cardiomegaly/00004880_000.png,1,Cardiomegaly
train,train/Consolidation/00025754_004.png,2,Consolidation
train,train/Edema/00017800_007.png,3,Edema
train,train/Nodule/00007394_000.png,9,Nodule
train,train/Atelectasis/00008590_000.png,0,Atelectasis
train,train/Mass/00005410_004.png,8,Mass
train,train/Consolidation/00017941_011.png,2,Consolidation
train,train/Pneumothorax/00029903_023.png,11,Pneumothorax
train,train/Edema/00028846_003.png,3,Edema
train,train/Infiltration/00019550_001.png,7,Infiltration
train,train/Edema/00013641_012.png,3,Edema
train,train/Consolidation/00016934_008.png,2,Consolidation
train,train/Infiltration/00017894_005.png,7,Infiltration
train,train/Edema/00021841_004.png,3,Edema
train,train/Effusion/00009202_004.png,4,Effusion
train,train/Mass/00010584_000.png,8,Mass
train,train/Infiltration/00007620_010.png,7,Infiltration
train,train/Consolidation/00001301_017.png,2,Consolidation
train,train/Pneumothorax/00006714_002.png,11,Pneumothorax
train,train/Atelectasis/00017775_002.png,0,Atelectasis
train,train/Consolidation/00002072_007.png,2,Consolidation
train,train/Pneumothorax/00010316_002.png,11,Pneumothorax
train,train/Emphysema/00004458_002.png,5,Emphysema
train,train/Atelectasis/00025465_000.png,0,Atelectasis
train,train/Pneumonia/00027415_064.png,10,Pneumonia
train,train/Emphysema/00012780_000.png,5,Emphysema
train,train/Atelectasis/00009058_003.png,0,Atelectasis
train,train/Atelectasis/00012293_001.png,0,Atelectasis
train,train/Pneumonia/00003640_004.png,10,Pneumonia
train,train/Pneumonia/00001182_004.png,10,Pneumonia
train,train/Pneumonia/00006296_032.png,10,Pneumonia
train,train/Mass/00005785_002.png,8,Mass
train,train/Emphysema/00022734_002.png,5,Emphysema
train,train/Edema/00029839_003.png,3,Edema
train,train/Nodule/00014438_005.png,9,Nodule
train,train/Pneumothorax/00006960_005.png,11,Pneumothorax
train,train/Edema/00020928_014.png,3,Edema
train,train/Atelectasis/00010199_003.png,0,Atelectasis
train,train/Edema/00011948_002.png,3,Edema
train,train/Cardiomegaly/00009050_000.png,1,Cardiomegaly
train,train/Edema/00011619_009.png,3,Edema
train,train/Infiltration/00001088_014.png,7,Infiltration
train,train/Edema/00018104_006.png,3,Edema
train,train/Edema/00029839_004.png,3,Edema
train,train/Infiltration/00012508_004.png,7,Infiltration
train,train/Consolidation/00019176_035.png,2,Consolidation
train,train/Cardiomegaly/00010858_000.png,1,Cardiomegaly
train,train/Infiltration/00011959_004.png,7,Infiltration
train,train/Atelectasis/00020649_000.png,0,Atelectasis
train,train/Pneumonia/00010531_073.png,10,Pneumonia
train,train/Pneumothorax/00022651_019.png,11,Pneumothorax
train,train/Effusion/00009996_023.png,4,Effusion
train,train/Pneumonia/00001637_001.png,10,Pneumonia
train,train/Infiltration/00001101_016.png,7,Infiltration
train,train/Pneumonia/00003535_025.png,10,Pneumonia
train,train/Infiltration/00017941_009.png,7,Infiltration
train,train/Effusion/00013774_051.png,4,Effusion
train,train/Pneumothorax/00021651_007.png,11,Pneumothorax
train,train/Fibrosis/00022253_000.png,6,Fibrosis
train,train/Emphysema/00001929_000.png,5,Emphysema
train,train/Atelectasis/00021175_000.png,0,Atelectasis
train,train/Infiltration/00027039_000.png,7,Infiltration
train,train/Cardiomegaly/00004554_001.png,1,Cardiomegaly
train,train/Atelectasis/00015576_001.png,0,Atelectasis
train,train/Consolidation/00019899_006.png,2,Consolidation
train,train/Effusion/00027177_003.png,4,Effusion
train,train/Pneumothorax/00018224_015.png,11,Pneumothorax
train,train/Nodule/00013247_000.png,9,Nodule
train,train/Nodule/00001920_001.png,9,Nodule
train,train/Effusion/00008774_000.png,4,Effusion
train,train/Pneumonia/00010505_018.png,10,Pneumonia
train,train/Infiltration/00001641_004.png,7,Infiltration
train,train/Edema/00026223_004.png,3,Edema
train,train/Infiltration/00002512_003.png,7,Infiltration
train,train/Edema/00010294_036.png,3,Edema
train,train/Mass/00019959_003.png,8,Mass
train,train/Cardiomegaly/00016361_000.png,1,Cardiomegaly
train,train/Pneumonia/00026729_000.png,10,Pneumonia
train,train/Atelectasis/00005666_017.png,0,Atelectasis
train,train/Atelectasis/00020341_004.png,0,Atelectasis
train,train/Consolidation/00015606_008.png,2,Consolidation
train,train/Pneumonia/00018237_028.png,10,Pneumonia
train,train/Pneumothorax/00025481_000.png,11,Pneumothorax
train,train/Cardiomegaly/00016034_003.png,1,Cardiomegaly
train,train/Infiltration/00020243_004.png,7,Infiltration
train,train/Effusion/00012874_006.png,4,Effusion
train,train/Infiltration/00022459_000.png,7,Infiltration
train,train/Effusion/00027584_009.png,4,Effusion
train,train/Emphysema/00001583_002.png,5,Emphysema
train,train/Pneumonia/00003092_000.png,10,Pneumonia
train,train/Cardiomegaly/00029876_002.png,1,Cardiomegaly
train,train/Atelectasis/00001088_008.png,0,Atelectasis
train,train/Fibrosis/00010585_007.png,6,Fibrosis
train,train/Fibrosis/00022014_000.png,6,Fibrosis
train,train/Emphysema/00007093_019.png,5,Emphysema
train,train/Consolidation/00002425_000.png,2,Consolidation
train,train/Nodule/00005218_015.png,9,Nodule
train,train/Consolidation/00000363_001.png,2,Consolidation
train,train/Infiltration/00019176_096.png,7,Infiltration
train,train/Consolidation/00017973_002.png,2,Consolidation
train,train/Effusion/00020085_005.png,4,Effusion
train,train/Atelectasis/00007946_005.png,0,Atelectasis
train,train/Fibrosis/00016684_000.png,6,Fibrosis
train,train/Atelectasis/00029278_003.png,0,Atelectasis
train,train/Fibrosis/00023799_000.png,6,Fibrosis
train,train/Effusion/00012794_001.png,4,Effusion
train,train/Cardiomegaly/00030572_000.png,1,Cardiomegaly
train,train/Emphysema/00030335_000.png,5,Emphysema
train,train/Infiltration/00020503_005.png,7,Infiltration
train,train/Atelectasis/00016702_001.png,0,Atelectasis
train,train/Atelectasis/00019988_008.png,0,Atelectasis
train,train/Effusion/00016233_007.png,4,Effusion
train,train/Cardiomegaly/00004794_000.png,1,Cardiomegaly
train,train/Edema/00018103_004.png,3,Edema
train,train/Atelectasis/00026556_001.png,0,Atelectasis
train,train/Nodule/00008259_001.png,9,Nodule
train,train/Effusion/00009633_000.png,4,Effusion
train,train/Emphysema/00013592_003.png,5,Emphysema
train,train/Mass/00028593_002.png,8,Mass
train,train/Pneumothorax/00000372_002.png,11,Pneumothorax
train,train/Nodule/00010703_000.png,9,Nodule
train,train/Emphysema/00029155_000.png,5,Emphysema
train,train/Atelectasis/00010258_001.png,0,Atelectasis
train,train/Pneumonia/00018926_001.png,10,Pneumonia
train,train/Nodule/00009860_000.png,9,Nodule
train,train/Nodule/00008620_003.png,9,Nodule
train,train/Pneumothorax/00020458_021.png,11,Pneumothorax
train,train/Pneumonia/00006985_002.png,10,Pneumonia
train,train/Pneumonia/00008745_034.png,10,Pneumonia
train,train/Edema/00023128_005.png,3,Edema
train,train/Effusion/00001416_001.png,4,Effusion
train,train/Edema/00018739_021.png,3,Edema
train,train/Cardiomegaly/00001268_000.png,1,Cardiomegaly
train,train/Mass/00018896_000.png,8,Mass
train,train/Cardiomegaly/00009932_004.png,1,Cardiomegaly
train,train/Nodule/00003393_016.png,9,Nodule
train,train/Cardiomegaly/00029373_000.png,1,Cardiomegaly
train,train/Nodule/00012884_013.png,9,Nodule
train,train/Pneumonia/00010375_000.png,10,Pneumonia
train,train/Edema/00011587_006.png,3,Edema
train,train/Fibrosis/00028414_001.png,6,Fibrosis
train,train/Nodule/00000820_009.png,9,Nodule
train,train/Effusion/00026341_005.png,4,Effusion
train,train/Emphysema/00029981_002.png,5,Emphysema
train,train/Effusion/00026167_000.png,4,Effusion
train,train/Effusion/00002208_010.png,4,Effusion
train,train/Mass/00006173_001.png,8,Mass
train,train/Fibrosis/00026236_006.png,6,Fibrosis
train,train/Effusion/00002633_004.png,4,Effusion
train,train/Edema/00013641_020.png,3,Edema
train,train/Mass/00016060_000.png,8,Mass
train,train/Mass/00027798_000.png,8,Mass
train,train/Effusion/00013849_007.png,4,Effusion
train,train/Mass/00011741_009.png,8,Mass
train,train/Pneumonia/00026580_000.png,10,Pneumonia
train,train/Effusion/00005504_008.png,4,Effusion
train,train/Emphysema/00007793_000.png,5,Emphysema
train,train/Atelectasis/00004596_000.png,0,Atelectasis
train,train/Cardiomegaly/00023128_006.png,1,Cardiomegaly
train,train/Fibrosis/00012603_017.png,6,Fibrosis
train,train/Edema/00001650_005.png,3,Edema
train,train/Emphysema/00007683_005.png,5,Emphysema
train,train/Emphysema/00009813_001.png,5,Emphysema
train,train/Atelectasis/00012435_000.png,0,Atelectasis
train,train/Pneumothorax/00021092_006.png,11,Pneumothorax
train,train/Infiltration/00022144_001.png,7,Infiltration
train,train/Mass/00012525_002.png,8,Mass
train,train/Emphysema/00027359_006.png,5,Emphysema
train,train/Infiltration/00020043_007.png,7,Infiltration
train,train/Mass/00014871_001.png,8,Mass
train,train/Fibrosis/00013185_001.png,6,Fibrosis
train,train/Fibrosis/00000067_000.png,6,Fibrosis
train,train/Pneumothorax/00003337_004.png,11,Pneumothorax
train,train/Pneumonia/00010509_003.png,10,Pneumonia
train,train/Mass/00002361_011.png,8,Mass
train,train/Consolidation/00015679_010.png,2,Consolidation
train,train/Fibrosis/00001500_002.png,6,Fibrosis
train,train/Cardiomegaly/00003992_000.png,1,Cardiomegaly
train,train/Effusion/00027365_001.png,4,Effusion
train,train/Pneumothorax/00018557_015.png,11,Pneumothorax
train,train/Mass/00010847_003.png,8,Mass
train,train/Effusion/00022618_001.png,4,Effusion
train,train/Edema/00013875_001.png,3,Edema
train,train/Nodule/00026187_000.png,9,Nodule
train,train/Mass/00025082_002.png,8,Mass
train,train/Fibrosis/00014320_046.png,6,Fibrosis
train,train/Pneumonia/00002572_006.png,10,Pneumonia
train,train/Fibrosis/00010914_010.png,6,Fibrosis
train,train/Mass/00024607_000.png,8,Mass
train,train/Nodule/00005311_005.png,9,Nodule
train,train/Consolidation/00010017_002.png,2,Consolidation
train,train/Infiltration/00024985_000.png,7,Infiltration
train,train/Consolidation/00013282_003.png,2,Consolidation
train,train/Emphysema/00022270_002.png,5,Emphysema
train,train/Consolidation/00010531_005.png,2,Consolidation
train,train/Cardiomegaly/00022931_000.png,1,Cardiomegaly
train,train/Emphysema/00008927_000.png,5,Emphysema
train,train/Consolidation/00000491_020.png,2,Consolidation
train,train/Pneumothorax/00002201_002.png,11,Pneumothorax
train,train/Atelectasis/00012266_001.png,0,Atelectasis
train,train/Mass/00015173_011.png,8,Mass
train,train/Cardiomegaly/00004857_000.png,1,Cardiomegaly
train,train/Cardiomegaly/00026233_000.png,1,Cardiomegaly
train,train/Pneumothorax/00030137_006.png,11,Pneumothorax
train,train/Pneumonia/00009798_016.png,10,Pneumonia
train,train/Cardiomegaly/00009826_001.png,1,Cardiomegaly
train,train/Effusion/00016773_001.png,4,Effusion
train,train/Effusion/00020326_081.png,4,Effusion
train,train/Edema/00018103_012.png,3,Edema
train,train/Edema/00011122_003.png,3,Edema
train,train/Atelectasis/00006754_009.png,0,Atelectasis
train,train/Edema/00003534_031.png,3,Edema
train,train/Pneumothorax/00007700_003.png,11,Pneumothorax
train,train/Fibrosis/00001756_000.png,6,Fibrosis
train,train/Pneumonia/00005778_001.png,10,Pneumonia
train,train/Pneumonia/00011188_002.png,10,Pneumonia
train,train/Effusion/00002576_005.png,4,Effusion
train,train/Emphysema/00006138_006.png,5,Emphysema
train,train/Cardiomegaly/00000271_004.png,1,Cardiomegaly
train,train/Effusion/00023323_002.png,4,Effusion
train,train/Atelectasis/00022832_012.png,0,Atelectasis
train,train/Infiltration/00005920_004.png,7,Infiltration
train,train/Edema/00016376_010.png,3,Edema
train,train/Mass/00017662_002.png,8,Mass
train,train/Pneumothorax/00014306_001.png,11,Pneumothorax
train,train/Nodule/00014567_004.png,9,Nodule
train,train/Pneumonia/00026179_003.png,10,Pneumonia
train,train/Edema/00007256_016.png,3,Edema
train,train/Effusion/00012229_001.png,4,Effusion
train,train/Nodule/00016486_007.png,9,Nodule
train,train/Fibrosis/00002622_000.png,6,Fibrosis
train,train/Pneumothorax/00011751_008.png,11,Pneumothorax
train,train/Edema/00006381_025.png,3,Edema
train,train/Consolidation/00005026_002.png,2,Consolidation
train,train/Fibrosis/00021738_000.png,6,Fibrosis
train,train/Fibrosis/00001076_000.png,6,Fibrosis
train,train/Nodule/00005493_010.png,9,Nodule
train,train/Effusion/00016802_004.png,4,Effusion
train,train/Cardiomegaly/00026381_000.png,1,Cardiomegaly
train,train/Atelectasis/00015653_002.png,0,Atelectasis
train,train/Pneumothorax/00027725_063.png,11,Pneumothorax
train,train/Emphysema/00011143_006.png,5,Emphysema
train,train/Pneumothorax/00011423_008.png,11,Pneumothorax
train,train/Effusion/00006683_003.png,4,Effusion
train,train/Infiltration/00021939_002.png,7,Infiltration
train,train/Edema/00017846_005.png,3,Edema
train,train/Emphysema/00011752_021.png,5,Emphysema
train,train/Infiltration/00027443_000.png,7,Infiltration
train,train/Fibrosis/00008155_000.png,6,Fibrosis
train,train/Fibrosis/00004185_000.png,6,Fibrosis
train,train/Cardiomegaly/00000823_005.png,1,Cardiomegaly
train,train/Effusion/00029749_000.png,4,Effusion
train,train/Effusion/00018626_014.png,4,Effusion
train,train/Emphysema/00014565_002.png,5,Emphysema
train,train/Edema/00018724_014.png,3,Edema
train,train/Atelectasis/00014825_000.png,0,Atelectasis
train,train/Effusion/00010613_016.png,4,Effusion
train,train/Fibrosis/00005577_003.png,6,Fibrosis
train,train/Mass/00015643_001.png,8,Mass
train,train/Nodule/00005271_002.png,9,Nodule
train,train/Pneumothorax/00003393_054.png,11,Pneumothorax
train,train/Nodule/00017272_000.png,9,Nodule
train,train/Mass/00017136_004.png,8,Mass
train,train/Effusion/00004387_000.png,4,Effusion
train,train/Pneumothorax/00026293_001.png,11,Pneumothorax
train,train/Edema/00013601_014.png,3,Edema
train,train/Pneumonia/00001529_005.png,10,Pneumonia
train,train/Emphysema/00019242_014.png,5,Emphysema
train,train/Pneumothorax/00015556_003.png,11,Pneumothorax
train,train/Cardiomegaly/00013876_006.png,1,Cardiomegaly
train,train/Pneumothorax/00004523_011.png,11,Pneumothorax
train,train/Mass/00017136_003.png,8,Mass
train,train/Fibrosis/00022537_001.png,6,Fibrosis
train,train/Fibrosis/00009329_000.png,6,Fibrosis
train,train/Consolidation/00026908_004.png,2,Consolidation
train,train/Emphysema/00022041_000.png,5,Emphysema
train,train/Edema/00008298_001.png,3,Edema
train,train/Mass/00020972_000.png,8,Mass
train,train/Infiltration/00001358_001.png,7,Infiltration
train,train/Nodule/00000954_002.png,9,Nodule
train,train/Cardiomegaly/00015282_000.png,1,Cardiomegaly
train,train/Pneumonia/00005638_000.png,10,Pneumonia
train,train/Consolidation/00020010_001.png,2,Consolidation
train,train/Effusion/00022526_003.png,4,Effusion
train,train/Cardiomegaly/00021607_000.png,1,Cardiomegaly
train,train/Nodule/00003455_000.png,9,Nodule
train,train/Emphysema/00015765_000.png,5,Emphysema
train,train/Infiltration/00008468_068.png,7,Infiltration
train,train/Emphysema/00008045_000.png,5,Emphysema
train,train/Emphysema/00003714_000.png,5,Emphysema
train,train/Effusion/00012628_030.png,4,Effusion
train,train/Consolidation/00003393_010.png,2,Consolidation
train,train/Emphysema/00009011_000.png,5,Emphysema
train,train/Edema/00011835_001.png,3,Edema
train,train/Fibrosis/00005420_003.png,6,Fibrosis
train,train/Cardiomegaly/00008309_014.png,1,Cardiomegaly
train,train/Cardiomegaly/00003088_000.png,1,Cardiomegaly
train,train/Mass/00006518_000.png,8,Mass
train,train/Cardiomegaly/00026236_013.png,1,Cardiomegaly
train,train/Fibrosis/00000388_000.png,6,Fibrosis
train,train/Nodule/00026292_007.png,9,Nodule
train,train/Effusion/00002075_002.png,4,Effusion
train,train/Nodule/00007252_000.png,9,Nodule
train,train/Mass/00023231_000.png,8,Mass
train,train/Fibrosis/00001229_000.png,6,Fibrosis
train,train/Pneumothorax/00008468_051.png,11,Pneumothorax
train,train/Cardiomegaly/00023158_000.png,1,Cardiomegaly
train,train/Consolidation/00008793_006.png,2,Consolidation
train,train/Mass/00005785_001.png,8,Mass
train,train/Mass/00017429_004.png,8,Mass
train,train/Mass/00025439_000.png,8,Mass
train,train/Pneumonia/00028874_003.png,10,Pneumonia
train,train/Edema/00013534_001.png,3,Edema
train,train/Pneumonia/00011553_006.png,10,Pneumonia
train,train/Fibrosis/00002834_001.png,6,Fibrosis
train,train/Nodule/00000621_005.png,9,Nodule
train,train/Pneumonia/00010773_017.png,10,Pneumonia
train,train/Fibrosis/00010756_004.png,6,Fibrosis
train,train/Fibrosis/00012853_002.png,6,Fibrosis
train,train/Emphysema/00004523_006.png,5,Emphysema
train,train/Edema/00007864_008.png,3,Edema
train,train/Emphysema/00014571_015.png,5,Emphysema
train,train/Consolidation/00000459_024.png,2,Consolidation
train,train/Infiltration/00021327_000.png,7,Infiltration
train,train/Effusion/00011144_025.png,4,Effusion
train,train/Emphysema/00009600_002.png,5,Emphysema
train,train/Mass/00019375_000.png,8,Mass
train,train/Pneumothorax/00025640_000.png,11,Pneumothorax
train,train/Emphysema/00008071_000.png,5,Emphysema
train,train/Effusion/00012511_005.png,4,Effusion
train,train/Pneumothorax/00024291_000.png,11,Pneumothorax
train,train/Edema/00013342_007.png,3,Edema
train,train/Infiltration/00025185_000.png,7,Infiltration
train,train/Edema/00026421_002.png,3,Edema
train,train/Atelectasis/00001718_010.png,0,Atelectasis
train,train/Mass/00018663_007.png,8,Mass
train,train/Atelectasis/00019021_002.png,0,Atelectasis
train,train/Pneumothorax/00014290_001.png,11,Pneumothorax
train,train/Fibrosis/00001029_015.png,6,Fibrosis
train,train/Pneumonia/00001749_002.png,10,Pneumonia
train,train/Emphysema/00010128_005.png,5,Emphysema
train,train/Nodule/00016578_000.png,9,Nodule
train,train/Edema/00013052_004.png,3,Edema
train,train/Cardiomegaly/00013036_010.png,1,Cardiomegaly
train,train/Cardiomegaly/00003895_005.png,1,Cardiomegaly
train,train/Edema/00027355_005.png,3,Edema
train,train/Edema/00001504_009.png,3,Edema
train,train/Fibrosis/00009319_000.png,6,Fibrosis
train,train/Edema/00004646_005.png,3,Edema
train,train/Pneumonia/00014647_005.png,10,Pneumonia
train,train/Atelectasis/00019007_001.png,0,Atelectasis
train,train/Mass/00013499_004.png,8,Mass
train,train/Pneumonia/00011966_007.png,10,Pneumonia
train,train/Cardiomegaly/00020042_006.png,1,Cardiomegaly
train,train/Infiltration/00028995_008.png,7,Infiltration
train,train/Mass/00015767_000.png,8,Mass
train,train/Emphysema/00015212_006.png,5,Emphysema
train,train/Infiltration/00015546_006.png,7,Infiltration
train,train/Cardiomegaly/00024460_000.png,1,Cardiomegaly
train,train/Infiltration/00003770_015.png,7,Infiltration
train,train/Nodule/00027507_000.png,9,Nodule
train,train/Consolidation/00019643_017.png,2,Consolidation
train,train/Atelectasis/00017023_004.png,0,Atelectasis
train,train/Pneumothorax/00008465_006.png,11,Pneumothorax
train,train/Pneumothorax/00004727_001.png,11,Pneumothorax
train,train/Consolidation/00002119_000.png,2,Consolidation
train,train/Pneumothorax/00002685_002.png,11,Pneumothorax
train,train/Infiltration/00007576_029.png,7,Infiltration
train,train/Consolidation/00010585_036.png,2,Consolidation
train,train/Infiltration/00000548_003.png,7,Infiltration
train,train/Effusion/00020326_066.png,4,Effusion
train,train/Nodule/00018126_010.png,9,Nodule
train,train/Pneumonia/00010693_012.png,10,Pneumonia
train,train/Effusion/00003534_030.png,4,Effusion
train,train/Emphysema/00022431_008.png,5,Emphysema
train,train/Pneumothorax/00002331_001.png,11,Pneumothorax
train,train/Emphysema/00021036_000.png,5,Emphysema
train,train/Pneumonia/00019169_001.png,10,Pneumonia
train,train/Nodule/00004436_001.png,9,Nodule
train,train/Pneumothorax/00001972_001.png,11,Pneumothorax
train,train/Emphysema/00004571_006.png,5,Emphysema
train,train/Cardiomegaly/00026734_000.png,1,Cardiomegaly
train,train/Pneumothorax/00015420_003.png,11,Pneumothorax
train,train/Edema/00027623_003.png,3,Edema
train,train/Nodule/00019335_001.png,9,Nodule
train,train/Pneumonia/00027539_001.png,10,Pneumonia
train,train/Edema/00005195_002.png,3,Edema
train,train/Cardiomegaly/00025144_000.png,1,Cardiomegaly
train,train/Pneumothorax/00008013_006.png,11,Pneumothorax
train,train/Atelectasis/00011293_005.png,0,Atelectasis
train,train/Cardiomegaly/00007510_001.png,1,Cardiomegaly
train,train/Consolidation/00007437_000.png,2,Consolidation
train,train/Fibrosis/00002739_001.png,6,Fibrosis
train,train/Mass/00005505_001.png,8,Mass
train,train/Emphysema/00008468_019.png,5,Emphysema
train,train/Cardiomegaly/00013184_001.png,1,Cardiomegaly
train,train/Mass/00015196_008.png,8,Mass
train,train/Consolidation/00005748_002.png,2,Consolidation
train,train/Infiltration/00018144_005.png,7,Infiltration
train,train/Fibrosis/00007109_025.png,6,Fibrosis
train,train/Consolidation/00010531_017.png,2,Consolidation
train,train/Atelectasis/00027373_000.png,0,Atelectasis
train,train/Infiltration/00002894_000.png,7,Infiltration
train,train/Infiltration/00010801_008.png,7,Infiltration
train,train/Edema/00001249_003.png,3,Edema
train,train/Consolidation/00029142_005.png,2,Consolidation
train,train/Atelectasis/00026731_000.png,0,Atelectasis
train,train/Edema/00022466_003.png,3,Edema
train,train/Emphysema/00009716_003.png,5,Emphysema
train,train/Fibrosis/00000280_002.png,6,Fibrosis
train,train/Nodule/00028696_001.png,9,Nodule
train,train/Nodule/00017306_001.png,9,Nodule
train,train/Atelectasis/00025461_000.png,0,Atelectasis
train,train/Cardiomegaly/00001831_000.png,1,Cardiomegaly
train,train/Atelectasis/00026461_012.png,0,Atelectasis
train,train/Fibrosis/00000571_005.png,6,Fibrosis
train,train/Cardiomegaly/00000001_000.png,1,Cardiomegaly
train,train/Consolidation/00009702_004.png,2,Consolidation
train,train/Cardiomegaly/00002256_013.png,1,Cardiomegaly
train,train/Atelectasis/00014721_011.png,0,Atelectasis
train,train/Pneumonia/00015338_015.png,10,Pneumonia
train,train/Consolidation/00008793_007.png,2,Consolidation
train,train/Consolidation/00004360_003.png,2,Consolidation
train,train/Cardiomegaly/00000547_005.png,1,Cardiomegaly
train,train/Fibrosis/00001901_002.png,6,Fibrosis
train,train/Atelectasis/00021993_000.png,0,Atelectasis
train,train/Fibrosis/00000552_001.png,6,Fibrosis
train,train/Nodule/00020958_001.png,9,Nodule
train,train/Effusion/00013894_048.png,4,Effusion
train,train/Fibrosis/00001395_010.png,6,Fibrosis
train,train/Edema/00015376_029.png,3,Edema
train,train/Mass/00019870_002.png,8,Mass
train,train/Effusion/00011997_010.png,4,Effusion
train,train/Mass/00020290_005.png,8,Mass
train,train/Pneumonia/00003248_007.png,10,Pneumonia
train,train/Consolidation/00018084_000.png,2,Consolidation
train,train/Fibrosis/00002146_000.png,6,Fibrosis
train,train/Pneumonia/00015628_018.png,10,Pneumonia
train,train/Pneumothorax/00002356_000.png,11,Pneumothorax
train,train/Effusion/00020922_003.png,4,Effusion
train,train/Fibrosis/00026849_003.png,6,Fibrosis
train,train/Cardiomegaly/00027923_000.png,1,Cardiomegaly
train,train/Nodule/00016240_002.png,9,Nodule
train,train/Atelectasis/00026122_000.png,0,Atelectasis
train,train/Nodule/00016244_002.png,9,Nodule
train,train/Fibrosis/00007871_001.png,6,Fibrosis
train,train/Nodule/00009697_000.png,9,Nodule
train,train/Cardiomegaly/00027907_001.png,1,Cardiomegaly
train,train/Atelectasis/00013616_012.png,0,Atelectasis
train,train/Pneumothorax/00027381_000.png,11,Pneumothorax
train,train/Fibrosis/00015214_013.png,6,Fibrosis
train,train/Atelectasis/00003952_000.png,0,Atelectasis
train,train/Emphysema/00018472_007.png,5,Emphysema
train,train/Effusion/00000591_015.png,4,Effusion
train,train/Atelectasis/00025819_001.png,0,Atelectasis
train,train/Cardiomegaly/00007157_011.png,1,Cardiomegaly
train,train/Emphysema/00023316_002.png,5,Emphysema
train,train/Consolidation/00009727_039.png,2,Consolidation
train,train/Atelectasis/00019718_005.png,0,Atelectasis
train,train/Consolidation/00012072_005.png,2,Consolidation
train,train/Pneumothorax/00021759_011.png,11,Pneumothorax
train,train/Pneumothorax/00028211_004.png,11,Pneumothorax
train,train/Pneumothorax/00009045_002.png,11,Pneumothorax
train,train/Emphysema/00000027_000.png,5,Emphysema
train,train/Edema/00005254_003.png,3,Edema
train,train/Fibrosis/00001048_000.png,6,Fibrosis
train,train/Mass/00012315_013.png,8,Mass
train,train/Nodule/00010452_001.png,9,Nodule
train,train/Infiltration/00009708_002.png,7,Infiltration
train,train/Fibrosis/00017450_001.png,6,Fibrosis
train,train/Infiltration/00026880_000.png,7,Infiltration
train,train/Edema/00018829_005.png,3,Edema
train,train/Pneumonia/00022156_007.png,10,Pneumonia
train,train/Atelectasis/00001206_003.png,0,Atelectasis
train,train/Atelectasis/00018663_008.png,0,Atelectasis
train,train/Edema/00004435_005.png,3,Edema
train,train/Cardiomegaly/00006826_000.png,1,Cardiomegaly
train,train/Mass/00005798_003.png,8,Mass
train,train/Atelectasis/00017554_001.png,0,Atelectasis
train,train/Pneumonia/00013662_005.png,10,Pneumonia
train,train/Nodule/00028314_000.png,9,Nodule
train,train/Edema/00018724_013.png,3,Edema
train,train/Consolidation/00007762_008.png,2,Consolidation
train,train/Edema/00017589_001.png,3,Edema
train,train/Pneumothorax/00014406_004.png,11,Pneumothorax
train,train/Cardiomegaly/00012275_000.png,1,Cardiomegaly
train,train/Edema/00005138_003.png,3,Edema
train,train/Pneumothorax/00008468_016.png,11,Pneumothorax
train,train/Emphysema/00014849_004.png,5,Emphysema
train,train/Fibrosis/00013787_000.png,6,Fibrosis
train,train/Nodule/00030267_001.png,9,Nodule
train,train/Emphysema/00008500_000.png,5,Emphysema
train,train/Consolidation/00013241_000.png,2,Consolidation
train,train/Nodule/00021759_010.png,9,Nodule
train,train/Pneumothorax/00020286_008.png,11,Pneumothorax
train,train/Emphysema/00008271_000.png,5,Emphysema
train,train/Cardiomegaly/00016639_000.png,1,Cardiomegaly
train,train/Edema/00002860_003.png,3,Edema
train,train/Consolidation/00018175_011.png,2,Consolidation
train,train/Infiltration/00009925_014.png,7,Infiltration
train,train/Consolidation/00009931_003.png,2,Consolidation
train,train/Nodule/00030376_000.png,9,Nodule
train,train/Nodule/00012323_000.png,9,Nodule
train,train/Consolidation/00029165_008.png,2,Consolidation
train,train/Effusion/00019707_011.png,4,Effusion
train,train/Mass/00016481_003.png,8,Mass
train,train/Pneumothorax/00018117_005.png,11,Pneumothorax
train,train/Pneumonia/00003053_007.png,10,Pneumonia
train,train/Effusion/00025628_013.png,4,Effusion
train,train/Edema/00011632_002.png,3,Edema
train,train/Pneumonia/00014958_001.png,10,Pneumonia
train,train/Pneumothorax/00006431_005.png,11,Pneumothorax
train,train/Mass/00008612_003.png,8,Mass
train,train/Infiltration/00025849_049.png,7,Infiltration
train,train/Fibrosis/00002540_002.png,6,Fibrosis
train,train/Mass/00028258_002.png,8,Mass
train,train/Edema/00004007_025.png,3,Edema
train,train/Consolidation/00002376_002.png,2,Consolidation
train,train/Mass/00006338_004.png,8,Mass
train,train/Consolidation/00010695_019.png,2,Consolidation
train,train/Edema/00008445_005.png,3,Edema
train,train/Cardiomegaly/00028766_000.png,1,Cardiomegaly
train,train/Atelectasis/00011544_002.png,0,Atelectasis
train,train/Effusion/00011997_003.png,4,Effusion
train,train/Emphysema/00014849_006.png,5,Emphysema
train,train/Infiltration/00026149_000.png,7,Infiltration
train,train/Emphysema/00005132_002.png,5,Emphysema
train,train/Consolidation/00025366_002.png,2,Consolidation
train,train/Fibrosis/00018661_003.png,6,Fibrosis
train,train/Nodule/00014452_003.png,9,Nodule
train,train/Nodule/00006008_009.png,9,Nodule
train,train/Consolidation/00021770_008.png,2,Consolidation
train,train/Atelectasis/00019276_000.png,0,Atelectasis
train,train/Consolidation/00014958_012.png,2,Consolidation
train,train/Emphysema/00017340_001.png,5,Emphysema
train,train/Atelectasis/00010752_019.png,0,Atelectasis
train,train/Pneumonia/00000798_025.png,10,Pneumonia
train,train/Edema/00007816_012.png,3,Edema
train,train/Fibrosis/00006832_011.png,6,Fibrosis
train,train/Edema/00020458_007.png,3,Edema
train,train/Edema/00022442_001.png,3,Edema
train,train/Consolidation/00008854_001.png,2,Consolidation
train,train/Edema/00016410_012.png,3,Edema
train,train/Consolidation/00028385_000.png,2,Consolidation
train,train/Emphysema/00003614_000.png,5,Emphysema
train,train/Mass/00026701_000.png,8,Mass
train,train/Edema/00011122_006.png,3,Edema
train,train/Mass/00018606_012.png,8,Mass
train,train/Atelectasis/00018468_000.png,0,Atelectasis
train,train/Mass/00002073_002.png,8,Mass
train,train/Pneumothorax/00002251_005.png,11,Pneumothorax
train,train/Infiltration/00027323_004.png,7,Infiltration
train,train/Fibrosis/00004350_000.png,6,Fibrosis
train,train/Fibrosis/00018884_004.png,6,Fibrosis
train,train/Mass/00001948_000.png,8,Mass
train,train/Mass/00001668_000.png,8,Mass
train,train/Effusion/00017207_016.png,4,Effusion
train,train/Nodule/00010369_007.png,9,Nodule
train,train/Pneumothorax/00001286_005.png,11,Pneumothorax
train,train/Consolidation/00012049_002.png,2,Consolidation
train,train/Edema/00027322_007.png,3,Edema
train,train/Consolidation/00006697_006.png,2,Consolidation
train,train/Fibrosis/00013857_000.png,6,Fibrosis
train,train/Mass/00015863_002.png,8,Mass
train,train/Pneumothorax/00012541_000.png,11,Pneumothorax
train,train/Emphysema/00012416_005.png,5,Emphysema
train,train/Mass/00029005_000.png,8,Mass
train,train/Fibrosis/00001238_000.png,6,Fibrosis
train,train/Consolidation/00003005_020.png,2,Consolidation
train,train/Infiltration/00005679_001.png,7,Infiltration
train,train/Emphysema/00000988_000.png,5,Emphysema
train,train/Mass/00026480_007.png,8,Mass
train,train/Effusion/00026967_002.png,4,Effusion
train,train/Cardiomegaly/00027706_007.png,1,Cardiomegaly
train,train/Emphysema/00000801_000.png,5,Emphysema
train,train/Fibrosis/00000924_000.png,6,Fibrosis
train,train/Edema/00027582_001.png,3,Edema
train,train/Effusion/00000099_012.png,4,Effusion
train,train/Cardiomegaly/00003163_001.png,1,Cardiomegaly
train,train/Pneumothorax/00027066_007.png,11,Pneumothorax
train,train/Pneumothorax/00011379_041.png,11,Pneumothorax
train,train/Atelectasis/00003109_008.png,0,Atelectasis
train,train/Edema/00005195_001.png,3,Edema
train,train/Infiltration/00022988_000.png,7,Infiltration
train,train/Pneumonia/00022329_001.png,10,Pneumonia
train,train/Atelectasis/00021073_016.png,0,Atelectasis
train,train/Effusion/00007545_000.png,4,Effusion
train,train/Infiltration/00012136_003.png,7,Infiltration
train,train/Pneumonia/00006832_001.png,10,Pneumonia
train,train/Emphysema/00002055_003.png,5,Emphysema
train,train/Edema/00028431_003.png,3,Edema
train,train/Atelectasis/00008584_002.png,0,Atelectasis
train,train/Fibrosis/00005577_004.png,6,Fibrosis
train,train/Cardiomegaly/00011140_015.png,1,Cardiomegaly
train,train/Fibrosis/00002517_000.png,6,Fibrosis
train,train/Infiltration/00026548_000.png,7,Infiltration
train,train/Edema/00005682_006.png,3,Edema
train,train/Nodule/00002527_000.png,9,Nodule
train,train/Cardiomegaly/00007688_000.png,1,Cardiomegaly
train,train/Consolidation/00015496_001.png,2,Consolidation
train,train/Fibrosis/00003246_000.png,6,Fibrosis
train,train/Infiltration/00026658_000.png,7,Infiltration
train,train/Mass/00005279_000.png,8,Mass
train,train/Atelectasis/00029222_005.png,0,Atelectasis
train,train/Consolidation/00001301_031.png,2,Consolidation
train,train/Effusion/00000132_003.png,4,Effusion
train,train/Effusion/00005130_000.png,4,Effusion
train,train/Nodule/00004163_000.png,9,Nodule
train,train/Mass/00005760_000.png,8,Mass
train,train/Edema/00025189_004.png,3,Edema
train,train/Atelectasis/00015911_009.png,0,Atelectasis
train,train/Pneumonia/00018191_003.png,10,Pneumonia
train,train/Nodule/00003126_005.png,9,Nodule
train,train/Edema/00008561_013.png,3,Edema
train,train/Cardiomegaly/00010994_000.png,1,Cardiomegaly
train,train/Pneumonia/00025383_002.png,10,Pneumonia
train,train/Fibrosis/00003728_000.png,6,Fibrosis
train,train/Fibrosis/00010763_017.png,6,Fibrosis
train,train/Cardiomegaly/00027261_000.png,1,Cardiomegaly
train,train/Effusion/00021795_000.png,4,Effusion
train,train/Consolidation/00001952_010.png,2,Consolidation
train,train/Infiltration/00030701_001.png,7,Infiltration
train,train/Mass/00021589_000.png,8,Mass
train,train/Consolidation/00029562_000.png,2,Consolidation
train,train/Mass/00026203_003.png,8,Mass
train,train/Cardiomegaly/00004006_068.png,1,Cardiomegaly
train,train/Pneumonia/00016213_007.png,10,Pneumonia
train,train/Mass/00005628_000.png,8,Mass
train,train/Cardiomegaly/00004843_000.png,1,Cardiomegaly
train,train/Pneumonia/00022952_003.png,10,Pneumonia
train,train/Mass/00015312_001.png,8,Mass
train,train/Pneumonia/00025383_001.png,10,Pneumonia
train,train/Atelectasis/00008051_006.png,0,Atelectasis
train,train/Nodule/00025501_000.png,9,Nodule
train,train/Mass/00013219_012.png,8,Mass
train,train/Atelectasis/00009576_000.png,0,Atelectasis
train,train/Atelectasis/00005742_003.png,0,Atelectasis
train,train/Infiltration/00014117_000.png,7,Infiltration
train,train/Pneumonia/00015968_000.png,10,Pneumonia
train,train/Infiltration/00000959_000.png,7,Infiltration
train,train/Consolidation/00009727_021.png,2,Consolidation
train,train/Nodule/00016052_010.png,9,Nodule
train,train/Atelectasis/00010887_014.png,0,Atelectasis
train,train/Emphysema/00007643_000.png,5,Emphysema
train,train/Atelectasis/00002496_000.png,0,Atelectasis
train,train/Nodule/00005622_001.png,9,Nodule
train,train/Pneumonia/00016991_002.png,10,Pneumonia
train,train/Consolidation/00011719_019.png,2,Consolidation
train,train/Effusion/00021345_001.png,4,Effusion
train,train/Edema/00010627_000.png,3,Edema
train,train/Mass/00010144_000.png,8,Mass
train,train/Edema/00005288_010.png,3,Edema
train,train/Pneumothorax/00002846_004.png,11,Pneumothorax
train,train/Pneumothorax/00030561_010.png,11,Pneumothorax
train,train/Consolidation/00025412_000.png,2,Consolidation
train,train/Edema/00018027_008.png,3,Edema
train,train/Nodule/00000785_001.png,9,Nodule
train,train/Consolidation/00008068_008.png,2,Consolidation
train,train/Nodule/00016550_022.png,9,Nodule
train,train/Pneumothorax/00018960_015.png,11,Pneumothorax
train,train/Emphysema/00003985_000.png,5,Emphysema
train,train/Cardiomegaly/00022741_000.png,1,Cardiomegaly
train,train/Pneumothorax/00028211_028.png,11,Pneumothorax
train,train/Infiltration/00026301_000.png,7,Infiltration
train,train/Atelectasis/00007340_010.png,0,Atelectasis
train,train/Mass/00019630_000.png,8,Mass
train,train/Infiltration/00026160_000.png,7,Infiltration
train,train/Fibrosis/00004409_000.png,6,Fibrosis
train,train/Fibrosis/00007257_000.png,6,Fibrosis
train,train/Effusion/00018608_009.png,4,Effusion
train,train/Atelectasis/00017017_002.png,0,Atelectasis
train,train/Pneumothorax/00008594_009.png,11,Pneumothorax
train,train/Fibrosis/00016244_001.png,6,Fibrosis
train,train/Nodule/00021970_000.png,9,Nodule
train,train/Emphysema/00016167_006.png,5,Emphysema
train,train/Cardiomegaly/00005038_000.png,1,Cardiomegaly
train,train/Infiltration/00006296_025.png,7,Infiltration
train,train/Effusion/00021821_006.png,4,Effusion
train,train/Infiltration/00016615_001.png,7,Infiltration
train,train/Infiltration/00022073_000.png,7,Infiltration
train,train/Edema/00020826_006.png,3,Edema
train,train/Effusion/00014074_000.png,4,Effusion
train,train/Atelectasis/00009993_007.png,0,Atelectasis
train,train/Pneumonia/00002360_002.png,10,Pneumonia
train,train/Effusion/00001278_011.png,4,Effusion
train,train/Consolidation/00027410_001.png,2,Consolidation
train,train/Pneumothorax/00019773_006.png,11,Pneumothorax
train,train/Emphysema/00003523_037.png,5,Emphysema
train,train/Consolidation/00030733_002.png,2,Consolidation
train,train/Fibrosis/00000269_000.png,6,Fibrosis
train,train/Emphysema/00010341_001.png,5,Emphysema
train,train/Mass/00027228_000.png,8,Mass
train,train/Mass/00017789_000.png,8,Mass
train,train/Nodule/00029048_000.png,9,Nodule
train,train/Pneumothorax/00025569_003.png,11,Pneumothorax
train,train/Effusion/00019434_009.png,4,Effusion
train,train/Edema/00012993_017.png,3,Edema
train,train/Edema/00016213_004.png,3,Edema
train,train/Atelectasis/00026641_010.png,0,Atelectasis
train,train/Pneumonia/00000165_001.png,10,Pneumonia
train,train/Pneumonia/00030621_002.png,10,Pneumonia
train,train/Fibrosis/00011617_000.png,6,Fibrosis
train,train/Atelectasis/00020312_011.png,0,Atelectasis
train,train/Infiltration/00018589_003.png,7,Infiltration
train,train/Pneumonia/00011842_002.png,10,Pneumonia
train,train/Effusion/00009995_010.png,4,Effusion
train,train/Effusion/00030628_002.png,4,Effusion
train,train/Consolidation/00019299_011.png,2,Consolidation
train,train/Atelectasis/00013774_009.png,0,Atelectasis
train,train/Effusion/00016453_000.png,4,Effusion
train,train/Emphysema/00025219_001.png,5,Emphysema
train,train/Emphysema/00018429_001.png,5,Emphysema
train,train/Edema/00014298_002.png,3,Edema
train,train/Effusion/00003741_008.png,4,Effusion
train,train/Effusion/00006699_015.png,4,Effusion
train,train/Pneumothorax/00004517_004.png,11,Pneumothorax
train,train/Consolidation/00013705_000.png,2,Consolidation
train,train/Infiltration/00003459_014.png,7,Infiltration
train,train/Cardiomegaly/00011312_000.png,1,Cardiomegaly
train,train/Infiltration/00022566_015.png,7,Infiltration
train,train/Pneumonia/00018996_002.png,10,Pneumonia
train,train/Consolidation/00001255_033.png,2,Consolidation
train,train/Cardiomegaly/00005426_000.png,1,Cardiomegaly
train,train/Pneumothorax/00013519_001.png,11,Pneumothorax
train,train/Atelectasis/00012659_037.png,0,Atelectasis
train,train/Emphysema/00000937_004.png,5,Emphysema
train,train/Edema/00027061_000.png,3,Edema
train,train/Edema/00013342_008.png,3,Edema
train,train/Consolidation/00010097_005.png,2,Consolidation
train,train/Consolidation/00010832_009.png,2,Consolidation
train,train/Pneumothorax/00012020_011.png,11,Pneumothorax
train,train/Infiltration/00010060_028.png,7,Infiltration
train,train/Atelectasis/00013883_000.png,0,Atelectasis
train,train/Effusion/00013613_009.png,4,Effusion
train,train/Edema/00012426_004.png,3,Edema
train,train/Consolidation/00000489_003.png,2,Consolidation
train,train/Fibrosis/00004641_001.png,6,Fibrosis
train,train/Emphysema/00014368_001.png,5,Emphysema
train,train/Emphysema/00014849_005.png,5,Emphysema
train,train/Mass/00009671_004.png,8,Mass
train,train/Edema/00014528_003.png,3,Edema
train,train/Fibrosis/00002820_000.png,6,Fibrosis
train,train/Consolidation/00006480_007.png,2,Consolidation
train,train/Pneumonia/00009903_000.png,10,Pneumonia
train,train/Consolidation/00007857_009.png,2,Consolidation
train,train/Effusion/00009365_006.png,4,Effusion
train,train/Emphysema/00019201_003.png,5,Emphysema
train,train/Mass/00011622_006.png,8,Mass
train,train/Cardiomegaly/00000578_000.png,1,Cardiomegaly
train,train/Effusion/00021086_000.png,4,Effusion
train,train/Mass/00015369_004.png,8,Mass
train,train/Effusion/00009493_003.png,4,Effusion
train,train/Emphysema/00030365_000.png,5,Emphysema
train,train/Nodule/00001286_004.png,9,Nodule
train,train/Fibrosis/00018052_000.png,6,Fibrosis
train,train/Effusion/00020059_004.png,4,Effusion
train,train/Mass/00019785_023.png,8,Mass
train,train/Edema/00015581_007.png,3,Edema
train,train/Fibrosis/00012394_000.png,6,Fibrosis
train,train/Fibrosis/00008981_002.png,6,Fibrosis
train,train/Pneumonia/00021016_000.png,10,Pneumonia
train,train/Pneumonia/00027648_005.png,10,Pneumonia
train,train/Mass/00007731_007.png,8,Mass
train,train/Cardiomegaly/00007858_004.png,1,Cardiomegaly
train,train/Effusion/00027466_007.png,4,Effusion
train,train/Pneumonia/00018960_023.png,10,Pneumonia
train,train/Consolidation/00017886_000.png,2,Consolidation
train,train/Fibrosis/00000387_001.png,6,Fibrosis
train,train/Pneumonia/00001855_008.png,10,Pneumonia
train,train/Emphysema/00016772_010.png,5,Emphysema
train,train/Emphysema/00000334_004.png,5,Emphysema
train,train/Infiltration/00009867_002.png,7,Infiltration
train,train/Cardiomegaly/00006875_029.png,1,Cardiomegaly
train,train/Consolidation/00018626_015.png,2,Consolidation
train,train/Pneumothorax/00029863_016.png,11,Pneumothorax
train,train/Mass/00027564_005.png,8,Mass
train,train/Cardiomegaly/00010585_027.png,1,Cardiomegaly
train,train/Mass/00005952_000.png,8,Mass
train,train/Mass/00006622_002.png,8,Mass
train,train/Atelectasis/00029222_004.png,0,Atelectasis
train,train/Pneumothorax/00001397_012.png,11,Pneumothorax
train,train/Infiltration/00016124_004.png,7,Infiltration
train,train/Cardiomegaly/00008806_014.png,1,Cardiomegaly
train,train/Consolidation/00011845_015.png,2,Consolidation
train,train/Pneumothorax/00008168_001.png,11,Pneumothorax
train,train/Emphysema/00004741_002.png,5,Emphysema
train,train/Effusion/00021954_003.png,4,Effusion
train,train/Pneumonia/00005138_009.png,10,Pneumonia
train,train/Pneumonia/00009305_002.png,10,Pneumonia
train,train/Consolidation/00030488_000.png,2,Consolidation
train,train/Fibrosis/00016224_001.png,6,Fibrosis
train,train/Fibrosis/00021048_000.png,6,Fibrosis
train,train/Effusion/00028611_022.png,4,Effusion
train,train/Effusion/00004428_003.png,4,Effusion
train,train/Atelectasis/00022615_000.png,0,Atelectasis
train,train/Mass/00006938_001.png,8,Mass
train,train/Fibrosis/00008490_004.png,6,Fibrosis
train,train/Emphysema/00029035_002.png,5,Emphysema
train,train/Consolidation/00029672_010.png,2,Consolidation
train,train/Atelectasis/00020177_000.png,0,Atelectasis
train,train/Nodule/00026004_000.png,9,Nodule
train,train/Cardiomegaly/00027285_000.png,1,Cardiomegaly
train,train/Consolidation/00011598_036.png,2,Consolidation
train,train/Consolidation/00007121_001.png,2,Consolidation
train,train/Edema/00016410_009.png,3,Edema
train,train/Infiltration/00017941_008.png,7,Infiltration
train,train/Pneumonia/00026112_001.png,10,Pneumonia
train,train/Mass/00009795_000.png,8,Mass
train,train/Pneumonia/00007787_001.png,10,Pneumonia
train,train/Edema/00006679_012.png,3,Edema
train,train/Pneumonia/00017231_001.png,10,Pneumonia
train,train/Fibrosis/00012265_000.png,6,Fibrosis
train,train/Infiltration/00014596_013.png,7,Infiltration
train,train/Emphysema/00008168_009.png,5,Emphysema
train,train/Edema/00022677_004.png,3,Edema
train,train/Atelectasis/00019176_029.png,0,Atelectasis
train,train/Infiltration/00005832_036.png,7,Infiltration
train,train/Cardiomegaly/00013257_000.png,1,Cardiomegaly
train,train/Mass/00009485_004.png,8,Mass
train,train/Pneumonia/00001749_003.png,10,Pneumonia
train,train/Mass/00002279_000.png,8,Mass
train,train/Emphysema/00002359_009.png,5,Emphysema
train,train/Emphysema/00007617_000.png,5,Emphysema
train,train/Pneumonia/00022156_008.png,10,Pneumonia
train,train/Infiltration/00002505_009.png,7,Infiltration
train,train/Effusion/00013894_016.png,4,Effusion
train,train/Nodule/00018813_000.png,9,Nodule
train,train/Pneumothorax/00012233_008.png,11,Pneumothorax
train,train/Edema/00004338_002.png,3,Edema
train,train/Infiltration/00000114_000.png,7,Infiltration
train,train/Fibrosis/00001316_000.png,6,Fibrosis
train,train/Fibrosis/00001303_003.png,6,Fibrosis
train,train/Mass/00027621_002.png,8,Mass
train,train/Nodule/00003126_015.png,9,Nodule
train,train/Nodule/00003363_003.png,9,Nodule
train,train/Edema/00002412_000.png,3,Edema
train,train/Edema/00020458_017.png,3,Edema
train,train/Atelectasis/00024329_000.png,0,Atelectasis
train,train/Fibrosis/00011706_000.png,6,Fibrosis
train,train/Effusion/00019351_000.png,4,Effusion
train,train/Edema/00001101_005.png,3,Edema
train,train/Fibrosis/00005064_011.png,6,Fibrosis
train,train/Fibrosis/00008688_000.png,6,Fibrosis
train,train/Pneumothorax/00010304_003.png,11,Pneumothorax
train,train/Mass/00006687_002.png,8,Mass
train,train/Infiltration/00002869_000.png,7,Infiltration
train,train/Pneumonia/00022436_000.png,10,Pneumonia
train,train/Infiltration/00018421_006.png,7,Infiltration
train,train/Effusion/00009996_011.png,4,Effusion
train,train/Consolidation/00009365_026.png,2,Consolidation
train,train/Pneumothorax/00001483_006.png,11,Pneumothorax
train,train/Pneumonia/00013641_048.png,10,Pneumonia
train,train/Edema/00016399_017.png,3,Edema
train,train/Infiltration/00005995_005.png,7,Infiltration
train,train/Effusion/00002843_014.png,4,Effusion
train,train/Edema/00022442_000.png,3,Edema
train,train/Effusion/00004950_002.png,4,Effusion
train,train/Nodule/00016486_020.png,9,Nodule
train,train/Edema/00015995_007.png,3,Edema
train,train/Emphysema/00020178_000.png,5,Emphysema
train,train/Edema/00002552_002.png,3,Edema
train,train/Infiltration/00006781_004.png,7,Infiltration
train,train/Cardiomegaly/00006875_007.png,1,Cardiomegaly
train,train/Pneumonia/00021369_002.png,10,Pneumonia
train,train/Nodule/00026443_001.png,9,Nodule
train,train/Pneumothorax/00002206_009.png,11,Pneumothorax
train,train/Pneumothorax/00001583_003.png,11,Pneumothorax
train,train/Infiltration/00018399_000.png,7,Infiltration
train,train/Atelectasis/00003078_000.png,0,Atelectasis
train,train/Effusion/00005693_005.png,4,Effusion
train,train/Edema/00020629_009.png,3,Edema
train,train/Pneumonia/00016425_000.png,10,Pneumonia
train,train/Infiltration/00004195_000.png,7,Infiltration
train,train/Mass/00005793_000.png,8,Mass
train,train/Mass/00005872_000.png,8,Mass
train,train/Infiltration/00017732_000.png,7,Infiltration
train,train/Infiltration/00010992_004.png,7,Infiltration
train,train/Emphysema/00026793_002.png,5,Emphysema
train,train/Mass/00016109_001.png,8,Mass
train,train/Emphysema/00000711_011.png,5,Emphysema
train,train/Atelectasis/00008051_007.png,0,Atelectasis
train,train/Nodule/00001278_004.png,9,Nodule
train,train/Pneumothorax/00022826_000.png,11,Pneumothorax
train,train/Nodule/00017375_002.png,9,Nodule
train,train/Consolidation/00022065_032.png,2,Consolidation
train,train/Consolidation/00010038_000.png,2,Consolidation
train,train/Fibrosis/00000232_000.png,6,Fibrosis
train,train/Effusion/00012195_002.png,4,Effusion
train,train/Nodule/00001034_002.png,9,Nodule
train,train/Emphysema/00018592_005.png,5,Emphysema
train,train/Fibrosis/00013767_003.png,6,Fibrosis
train,train/Effusion/00012935_007.png,4,Effusion
train,train/Pneumonia/00008401_006.png,10,Pneumonia
train,train/Mass/00007837_000.png,8,Mass
train,train/Infiltration/00025290_010.png,7,Infiltration
train,train/Edema/00026925_015.png,3,Edema
train,train/Effusion/00006996_003.png,4,Effusion
train,train/Fibrosis/00017750_003.png,6,Fibrosis
train,train/Cardiomegaly/00012463_000.png,1,Cardiomegaly
train,train/Atelectasis/00017595_001.png,0,Atelectasis
train,train/Pneumonia/00010586_000.png,10,Pneumonia
train,train/Fibrosis/00001974_015.png,6,Fibrosis
train,train/Cardiomegaly/00016661_000.png,1,Cardiomegaly
train,train/Pneumonia/00012158_025.png,10,Pneumonia
train,train/Pneumonia/00026908_002.png,10,Pneumonia
train,train/Atelectasis/00005172_001.png,0,Atelectasis
train,train/Edema/00006446_002.png,3,Edema
train,train/Pneumonia/00013611_001.png,10,Pneumonia
train,train/Nodule/00004269_005.png,9,Nodule
train,train/Infiltration/00029063_000.png,7,Infiltration
train,train/Effusion/00015041_015.png,4,Effusion
train,train/Emphysema/00011343_000.png,5,Emphysema
train,train/Infiltration/00025169_001.png,7,Infiltration
train,train/Edema/00026828_020.png,3,Edema
train,train/Pneumothorax/00021889_007.png,11,Pneumothorax
train,train/Mass/00015625_001.png,8,Mass
train,train/Atelectasis/00011837_010.png,0,Atelectasis
train,train/Pneumonia/00020076_002.png,10,Pneumonia
train,train/Edema/00018373_003.png,3,Edema
train,train/Effusion/00019899_004.png,4,Effusion
train,train/Consolidation/00002457_007.png,2,Consolidation
train,train/Infiltration/00006485_000.png,7,Infiltration
train,train/Atelectasis/00003659_001.png,0,Atelectasis
train,train/Pneumothorax/00011845_001.png,11,Pneumothorax
train,train/Consolidation/00001103_000.png,2,Consolidation
train,train/Mass/00021137_000.png,8,Mass
train,train/Mass/00017875_001.png,8,Mass
train,train/Edema/00025849_010.png,3,Edema
train,train/Edema/00018972_007.png,3,Edema
train,train/Pneumothorax/00003574_012.png,11,Pneumothorax
train,train/Mass/00016283_001.png,8,Mass
train,train/Consolidation/00018414_001.png,2,Consolidation
train,train/Consolidation/00014347_001.png,2,Consolidation
train,train/Emphysema/00002720_011.png,5,Emphysema
train,train/Nodule/00016630_010.png,9,Nodule
train,train/Pneumothorax/00008376_001.png,11,Pneumothorax
train,train/Effusion/00003568_000.png,4,Effusion
train,train/Pneumonia/00011553_045.png,10,Pneumonia
train,train/Infiltration/00000011_007.png,7,Infiltration
train,train/Mass/00011943_001.png,8,Mass
train,train/Pneumothorax/00007576_014.png,11,Pneumothorax
train,train/Consolidation/00023160_000.png,2,Consolidation
train,train/Consolidation/00006653_020.png,2,Consolidation
train,train/Pneumonia/00016825_000.png,10,Pneumonia
train,train/Mass/00012525_003.png,8,Mass
train,train/Nodule/00013042_002.png,9,Nodule
train,train/Pneumothorax/00010032_006.png,11,Pneumothorax
train,train/Mass/00020040_000.png,8,Mass
train,train/Effusion/00011441_001.png,4,Effusion
train,train/Mass/00008892_008.png,8,Mass
train,train/Edema/00011816_006.png,3,Edema
train,train/Mass/00013135_000.png,8,Mass
train,train/Cardiomegaly/00004599_000.png,1,Cardiomegaly
train,train/Atelectasis/00008505_000.png,0,Atelectasis
train,train/Effusion/00010146_003.png,4,Effusion
train,train/Cardiomegaly/00006549_006.png,1,Cardiomegaly
train,train/Mass/00022235_010.png,8,Mass
train,train/Mass/00015196_006.png,8,Mass
train,train/Cardiomegaly/00005805_000.png,1,Cardiomegaly
train,train/Pneumonia/00011386_000.png,10,Pneumonia
train,train/Pneumonia/00015273_000.png,10,Pneumonia
train,train/Cardiomegaly/00001355_005.png,1,Cardiomegaly
train,train/Mass/00022104_003.png,8,Mass
train,train/Fibrosis/00012853_001.png,6,Fibrosis
train,train/Pneumonia/00002118_009.png,10,Pneumonia
train,train/Nodule/00007454_003.png,9,Nodule
train,train/Nodule/00012461_000.png,9,Nodule
train,train/Fibrosis/00012543_004.png,6,Fibrosis
train,train/Mass/00013683_000.png,8,Mass
train,train/Edema/00015190_005.png,3,Edema
train,train/Cardiomegaly/00028537_001.png,1,Cardiomegaly
train,train/Infiltration/00008745_021.png,7,Infiltration
train,train/Pneumonia/00021895_001.png,10,Pneumonia
train,train/Infiltration/00021804_001.png,7,Infiltration
train,train/Consolidation/00000491_000.png,2,Consolidation
train,train/Edema/00004508_012.png,3,Edema
train,train/Pneumonia/00021571_000.png,10,Pneumonia
train,train/Nodule/00005218_010.png,9,Nodule
train,train/Mass/00011737_001.png,8,Mass
train,train/Edema/00017111_004.png,3,Edema
train,train/Edema/00013447_011.png,3,Edema
train,train/Atelectasis/00011896_025.png,0,Atelectasis
train,train/Cardiomegaly/00017436_000.png,1,Cardiomegaly
train,train/Effusion/00012043_016.png,4,Effusion
train,train/Cardiomegaly/00022794_000.png,1,Cardiomegaly
train,train/Fibrosis/00016691_001.png,6,Fibrosis
train,train/Fibrosis/00002471_000.png,6,Fibrosis
train,train/Pneumonia/00001837_002.png,10,Pneumonia
train,train/Nodule/00022263_002.png,9,Nodule
train,train/Atelectasis/00007093_016.png,0,Atelectasis
train,train/Emphysema/00025800_001.png,5,Emphysema
train,train/Cardiomegaly/00006850_023.png,1,Cardiomegaly
train,train/Infiltration/00009666_000.png,7,Infiltration
train,train/Nodule/00002194_000.png,9,Nodule
train,train/Pneumonia/00027320_010.png,10,Pneumonia
train,train/Pneumothorax/00017324_033.png,11,Pneumothorax
train,train/Pneumonia/00006490_006.png,10,Pneumonia
train,train/Fibrosis/00008491_000.png,6,Fibrosis
train,train/Effusion/00013774_031.png,4,Effusion
train,train/Infiltration/00002005_000.png,7,Infiltration
train,train/Fibrosis/00014644_000.png,6,Fibrosis
train,train/Effusion/00006503_000.png,4,Effusion
train,train/Mass/00018632_000.png,8,Mass
train,train/Cardiomegaly/00013830_000.png,1,Cardiomegaly
train,train/Consolidation/00018627_001.png,2,Consolidation
train,train/Fibrosis/00006342_002.png,6,Fibrosis
train,train/Cardiomegaly/00026225_000.png,1,Cardiomegaly
train,train/Mass/00013846_001.png,8,Mass
train,train/Edema/00020326_094.png,3,Edema
train,train/Atelectasis/00013578_000.png,0,Atelectasis
train,train/Atelectasis/00007660_010.png,0,Atelectasis
train,train/Pneumothorax/00014143_000.png,11,Pneumothorax
train,train/Nodule/00018785_001.png,9,Nodule
train,train/Pneumothorax/00027066_008.png,11,Pneumothorax
train,train/Fibrosis/00019896_004.png,6,Fibrosis
train,train/Cardiomegaly/00018448_004.png,1,Cardiomegaly
train,train/Atelectasis/00003359_000.png,0,Atelectasis
train,train/Nodule/00014006_017.png,9,Nodule
train,train/Nodule/00009397_012.png,9,Nodule
train,train/Nodule/00017705_003.png,9,Nodule
train,train/Consolidation/00012880_006.png,2,Consolidation
train,train/Emphysema/00003515_001.png,5,Emphysema
train,train/Emphysema/00000340_003.png,5,Emphysema
train,train/Consolidation/00011299_000.png,2,Consolidation
train,train/Pneumonia/00022201_000.png,10,Pneumonia
train,train/Fibrosis/00004089_000.png,6,Fibrosis
train,train/Infiltration/00009288_000.png,7,Infiltration
train,train/Consolidation/00015045_018.png,2,Consolidation
train,train/Edema/00014046_003.png,3,Edema
train,train/Infiltration/00014743_001.png,7,Infiltration
train,train/Consolidation/00000566_001.png,2,Consolidation
train,train/Fibrosis/00007594_000.png,6,Fibrosis
train,train/Edema/00011122_005.png,3,Edema
train,train/Consolidation/00008773_000.png,2,Consolidation
train,train/Cardiomegaly/00027334_000.png,1,Cardiomegaly
train,train/Fibrosis/00005499_000.png,6,Fibrosis
train,train/Mass/00007076_025.png,8,Mass
train,train/Cardiomegaly/00010897_015.png,1,Cardiomegaly
train,train/Nodule/00012072_001.png,9,Nodule
train,train/Cardiomegaly/00005538_002.png,1,Cardiomegaly
train,train/Pneumothorax/00020458_020.png,11,Pneumothorax
train,train/Cardiomegaly/00006894_000.png,1,Cardiomegaly
train,train/Nodule/00029989_000.png,9,Nodule
train,train/Cardiomegaly/00015286_000.png,1,Cardiomegaly
train,train/Infiltration/00017906_025.png,7,Infiltration
train,train/Edema/00027355_009.png,3,Edema
train,train/Fibrosis/00009916_003.png,6,Fibrosis
train,train/Mass/00010105_000.png,8,Mass
train,train/Infiltration/00026654_000.png,7,Infiltration
train,train/Atelectasis/00015721_007.png,0,Atelectasis
train,train/Pneumothorax/00001996_011.png,11,Pneumothorax
train,train/Infiltration/00020598_000.png,7,Infiltration
train,train/Mass/00014609_000.png,8,Mass
train,train/Fibrosis/00013480_000.png,6,Fibrosis
train,train/Edema/00004608_004.png,3,Edema
train,train/Infiltration/00017862_018.png,7,Infiltration
train,train/Emphysema/00029165_003.png,5,Emphysema
train,train/Nodule/00017266_005.png,9,Nodule
train,train/Effusion/00007339_009.png,4,Effusion
train,train/Cardiomegaly/00014571_013.png,1,Cardiomegaly
train,train/Edema/00010142_006.png,3,Edema
train,train/Effusion/00028874_007.png,4,Effusion
train,train/Consolidation/00012659_018.png,2,Consolidation
train,train/Nodule/00010608_003.png,9,Nodule
train,train/Pneumonia/00014393_007.png,10,Pneumonia
train,train/Nodule/00002165_001.png,9,Nodule
train,train/Edema/00012805_005.png,3,Edema
train,train/Pneumothorax/00000275_003.png,11,Pneumothorax
train,train/Pneumonia/00013304_002.png,10,Pneumonia
train,train/Emphysema/00009485_000.png,5,Emphysema
train,train/Consolidation/00015041_008.png,2,Consolidation
train,train/Emphysema/00012620_000.png,5,Emphysema
train,train/Atelectasis/00019390_002.png,0,Atelectasis
train,train/Cardiomegaly/00003229_000.png,1,Cardiomegaly
train,train/Fibrosis/00012409_000.png,6,Fibrosis
train,train/Fibrosis/00025258_001.png,6,Fibrosis
train,train/Pneumothorax/00002925_001.png,11,Pneumothorax
train,train/Atelectasis/00002821_000.png,0,Atelectasis
train,train/Atelectasis/00009600_015.png,0,Atelectasis
train,train/Pneumonia/00006966_004.png,10,Pneumonia
train,train/Mass/00009142_000.png,8,Mass
train,train/Pneumonia/00006289_005.png,10,Pneumonia
train,train/Pneumonia/00025776_000.png,10,Pneumonia
train,train/Emphysema/00017824_002.png,5,Emphysema
train,train/Edema/00016280_004.png,3,Edema
train,train/Infiltration/00020666_001.png,7,Infiltration
train,train/Infiltration/00026665_002.png,7,Infiltration
train,train/Cardiomegaly/00027389_002.png,1,Cardiomegaly
train,train/Effusion/00016743_015.png,4,Effusion
train,train/Pneumonia/00009081_000.png,10,Pneumonia
train,train/Consolidation/00015013_007.png,2,Consolidation
train,train/Edema/00016991_010.png,3,Edema
train,train/Infiltration/00019045_002.png,7,Infiltration
train,train/Infiltration/00026099_020.png,7,Infiltration
train,train/Pneumothorax/00002668_003.png,11,Pneumothorax
train,train/Consolidation/00005218_003.png,2,Consolidation
train,train/Pneumonia/00025624_000.png,10,Pneumonia
train,train/Pneumothorax/00007650_001.png,11,Pneumothorax
train,train/Emphysema/00029826_000.png,5,Emphysema
train,train/Fibrosis/00003180_002.png,6,Fibrosis
train,train/Fibrosis/00004126_001.png,6,Fibrosis
train,train/Infiltration/00026764_002.png,7,Infiltration
train,train/Pneumothorax/00020869_007.png,11,Pneumothorax
train,train/Atelectasis/00008584_001.png,0,Atelectasis
train,train/Fibrosis/00003022_001.png,6,Fibrosis
train,train/Atelectasis/00000707_004.png,0,Atelectasis
train,train/Fibrosis/00017341_000.png,6,Fibrosis
train,train/Pneumothorax/00013244_010.png,11,Pneumothorax
train,train/Consolidation/00013282_002.png,2,Consolidation
train,train/Fibrosis/00012778_000.png,6,Fibrosis
train,train/Nodule/00003550_000.png,9,Nodule
train,train/Pneumonia/00021706_005.png,10,Pneumonia
train,train/Cardiomegaly/00000897_001.png,1,Cardiomegaly
train,train/Effusion/00028715_001.png,4,Effusion
train,train/Consolidation/00025841_001.png,2,Consolidation
train,train/Pneumothorax/00022603_000.png,11,Pneumothorax
train,train/Infiltration/00010553_001.png,7,Infiltration
train,train/Atelectasis/00005916_008.png,0,Atelectasis
train,train/Fibrosis/00001409_002.png,6,Fibrosis
train,train/Atelectasis/00025527_011.png,0,Atelectasis
train,train/Consolidation/00011303_005.png,2,Consolidation
train,train/Nodule/00028429_003.png,9,Nodule
train,train/Atelectasis/00019967_011.png,0,Atelectasis
train,train/Emphysema/00016883_001.png,5,Emphysema
train,train/Pneumonia/00016011_011.png,10,Pneumonia
train,train/Atelectasis/00008630_001.png,0,Atelectasis
train,train/Pneumothorax/00003527_009.png,11,Pneumothorax
train,train/Emphysema/00007166_001.png,5,Emphysema
train,train/Nodule/00019530_017.png,9,Nodule
train,train/Pneumonia/00027508_001.png,10,Pneumonia
train,train/Pneumothorax/00002146_007.png,11,Pneumothorax
train,train/Emphysema/00028481_002.png,5,Emphysema
train,train/Fibrosis/00010698_012.png,6,Fibrosis
train,train/Pneumothorax/00021651_013.png,11,Pneumothorax
train,train/Atelectasis/00001796_009.png,0,Atelectasis
train,train/Edema/00014029_004.png,3,Edema
train,train/Pneumothorax/00002649_015.png,11,Pneumothorax
train,train/Atelectasis/00013606_000.png,0,Atelectasis
train,train/Emphysema/00008468_037.png,5,Emphysema
train,train/Mass/00021539_001.png,8,Mass
train,train/Fibrosis/00027116_000.png,6,Fibrosis
train,train/Atelectasis/00005624_005.png,0,Atelectasis
train,train/Pneumonia/00012297_004.png,10,Pneumonia
train,train/Consolidation/00002413_005.png,2,Consolidation
train,train/Edema/00005184_000.png,3,Edema
train,train/Consolidation/00021494_019.png,2,Consolidation
train,train/Cardiomegaly/00004843_003.png,1,Cardiomegaly
train,train/Emphysema/00002935_000.png,5,Emphysema
train,train/Infiltration/00002774_001.png,7,Infiltration
train,train/Infiltration/00010698_003.png,7,Infiltration
train,train/Pneumothorax/00011423_002.png,11,Pneumothorax
train,train/Mass/00001410_002.png,8,Mass
train,train/Mass/00021835_007.png,8,Mass
train,train/Pneumonia/00005032_000.png,10,Pneumonia
train,train/Infiltration/00009487_004.png,7,Infiltration
train,train/Effusion/00018362_013.png,4,Effusion
train,train/Edema/00018611_004.png,3,Edema
train,train/Effusion/00029914_003.png,4,Effusion
train,train/Mass/00018588_004.png,8,Mass
train,train/Mass/00020477_002.png,8,Mass
train,train/Pneumonia/00016036_001.png,10,Pneumonia
train,train/Consolidation/00013917_025.png,2,Consolidation
train,train/Effusion/00005114_003.png,4,Effusion
train,train/Atelectasis/00020451_000.png,0,Atelectasis
train,train/Effusion/00013154_000.png,4,Effusion
train,train/Cardiomegaly/00027292_000.png,1,Cardiomegaly
train,train/Atelectasis/00001108_001.png,0,Atelectasis
train,train/Nodule/00017333_000.png,9,Nodule
train,train/Effusion/00029558_000.png,4,Effusion
train,train/Nodule/00013542_001.png,9,Nodule
train,train/Consolidation/00029108_003.png,2,Consolidation
train,train/Emphysema/00025849_028.png,5,Emphysema
train,train/Emphysema/00020469_002.png,5,Emphysema
train,train/Effusion/00018610_015.png,4,Effusion
train,train/Cardiomegaly/00018944_010.png,1,Cardiomegaly
train,train/Consolidation/00024805_000.png,2,Consolidation
train,train/Nodule/00026330_000.png,9,Nodule
train,train/Mass/00000693_004.png,8,Mass
train,train/Pneumonia/00026825_008.png,10,Pneumonia
train,train/Cardiomegaly/00005699_004.png,1,Cardiomegaly
train,train/Pneumonia/00014405_001.png,10,Pneumonia
train,train/Atelectasis/00020312_007.png,0,Atelectasis
train,train/Nodule/00005110_003.png,9,Nodule
train,train/Emphysema/00010800_000.png,5,Emphysema
train,train/Infiltration/00013396_000.png,7,Infiltration
train,train/Atelectasis/00009031_000.png,0,Atelectasis
train,train/Cardiomegaly/00016976_000.png,1,Cardiomegaly
train,train/Fibrosis/00007309_000.png,6,Fibrosis
train,train/Nodule/00030026_000.png,9,Nodule
train,train/Nodule/00016018_000.png,9,Nodule
train,train/Mass/00022948_005.png,8,Mass
train,train/Effusion/00022897_007.png,4,Effusion
train,train/Atelectasis/00007576_037.png,0,Atelectasis
train,train/Pneumonia/00021572_017.png,10,Pneumonia
train,train/Nodule/00017799_000.png,9,Nodule
train,train/Pneumothorax/00022166_002.png,11,Pneumothorax
train,train/Emphysema/00025295_001.png,5,Emphysema
train,train/Edema/00014274_006.png,3,Edema
train,train/Consolidation/00007108_003.png,2,Consolidation
train,train/Pneumothorax/00012233_005.png,11,Pneumothorax
train,train/Cardiomegaly/00003990_000.png,1,Cardiomegaly
train,train/Effusion/00014006_006.png,4,Effusion
train,train/Emphysema/00009449_001.png,5,Emphysema
train,train/Pneumothorax/00004088_001.png,11,Pneumothorax
train,train/Effusion/00026825_002.png,4,Effusion
train,train/Emphysema/00014299_008.png,5,Emphysema
train,train/Consolidation/00017044_008.png,2,Consolidation
train,train/Infiltration/00000508_001.png,7,Infiltration
train,train/Mass/00018373_002.png,8,Mass
train,train/Cardiomegaly/00009636_001.png,1,Cardiomegaly
train,train/Consolidation/00005746_004.png,2,Consolidation
train,train/Cardiomegaly/00013077_006.png,1,Cardiomegaly
train,train/Pneumonia/00002451_007.png,10,Pneumonia
train,train/Nodule/00026613_000.png,9,Nodule
train,train/Nodule/00019176_059.png,9,Nodule
train,train/Infiltration/00003513_002.png,7,Infiltration
train,train/Nodule/00014006_014.png,9,Nodule
train,train/Consolidation/00012761_000.png,2,Consolidation
train,train/Consolidation/00005218_004.png,2,Consolidation
train,train/Effusion/00011632_010.png,4,Effusion
train,train/Mass/00006116_002.png,8,Mass
train,train/Pneumonia/00003950_002.png,10,Pneumonia
train,train/Emphysema/00007012_001.png,5,Emphysema
train,train/Pneumonia/00028076_000.png,10,Pneumonia
train,train/Consolidation/00015370_007.png,2,Consolidation
train,train/Effusion/00005099_005.png,4,Effusion
train,train/Pneumonia/00015809_015.png,10,Pneumonia
train,train/Fibrosis/00006758_002.png,6,Fibrosis
train,train/Emphysema/00007559_001.png,5,Emphysema
train,train/Pneumothorax/00002090_004.png,11,Pneumothorax
train,train/Infiltration/00000652_012.png,7,Infiltration
train,train/Atelectasis/00007660_009.png,0,Atelectasis
train,train/Cardiomegaly/00001784_000.png,1,Cardiomegaly
train,train/Emphysema/00013334_000.png,5,Emphysema
train,train/Cardiomegaly/00012250_001.png,1,Cardiomegaly
train,train/Cardiomegaly/00009407_000.png,1,Cardiomegaly
train,train/Atelectasis/00008691_010.png,0,Atelectasis
train,train/Pneumothorax/00006926_019.png,11,Pneumothorax
train,train/Emphysema/00026986_002.png,5,Emphysema
train,train/Atelectasis/00019216_000.png,0,Atelectasis
train,train/Infiltration/00002655_004.png,7,Infiltration
train,train/Cardiomegaly/00005900_000.png,1,Cardiomegaly
train,train/Effusion/00016643_003.png,4,Effusion
train,train/Emphysema/00001157_002.png,5,Emphysema
train,train/Consolidation/00015845_006.png,2,Consolidation
train,train/Nodule/00015506_002.png,9,Nodule
train,train/Nodule/00021035_017.png,9,Nodule
train,train/Mass/00006041_001.png,8,Mass
train,train/Mass/00016588_002.png,8,Mass
train,train/Fibrosis/00001326_003.png,6,Fibrosis
train,train/Effusion/00018735_000.png,4,Effusion
train,train/Effusion/00014320_054.png,4,Effusion
train,train/Nodule/00028359_003.png,9,Nodule
train,train/Emphysema/00029877_002.png,5,Emphysema
train,train/Edema/00010887_027.png,3,Edema
train,train/Pneumonia/00015734_000.png,10,Pneumonia
train,train/Consolidation/00002022_001.png,2,Consolidation
train,train/Consolidation/00028357_015.png,2,Consolidation
train,train/Cardiomegaly/00005270_007.png,1,Cardiomegaly
train,train/Pneumonia/00010384_035.png,10,Pneumonia
train,train/Cardiomegaly/00010644_002.png,1,Cardiomegaly
train,train/Pneumothorax/00020286_014.png,11,Pneumothorax
train,train/Emphysema/00006542_001.png,5,Emphysema
train,train/Cardiomegaly/00027706_012.png,1,Cardiomegaly
train,train/Emphysema/00003523_030.png,5,Emphysema
train,train/Fibrosis/00022914_003.png,6,Fibrosis
train,train/Infiltration/00018150_001.png,7,Infiltration
train,train/Consolidation/00011598_041.png,2,Consolidation
train,train/Atelectasis/00018626_005.png,0,Atelectasis
train,train/Pneumonia/00010375_001.png,10,Pneumonia
train,train/Infiltration/00009918_001.png,7,Infiltration
train,train/Atelectasis/00030689_003.png,0,Atelectasis
train,train/Edema/00029422_006.png,3,Edema
train,train/Mass/00018637_000.png,8,Mass
train,train/Pneumothorax/00020070_006.png,11,Pneumothorax
train,train/Pneumothorax/00017634_006.png,11,Pneumothorax
train,train/Pneumothorax/00011454_003.png,11,Pneumothorax
train,train/Fibrosis/00016413_001.png,6,Fibrosis
train,train/Consolidation/00016053_000.png,2,Consolidation
train,train/Pneumothorax/00018117_013.png,11,Pneumothorax
train,train/Edema/00016399_019.png,3,Edema
train,train/Pneumonia/00025421_001.png,10,Pneumonia
train,train/Emphysema/00017824_003.png,5,Emphysema
train,train/Atelectasis/00021835_014.png,0,Atelectasis
train,train/Nodule/00020159_004.png,9,Nodule
train,train/Edema/00012976_004.png,3,Edema
train,train/Nodule/00030628_003.png,9,Nodule
train,train/Fibrosis/00008490_005.png,6,Fibrosis
train,train/Pneumothorax/00017645_009.png,11,Pneumothorax
train,train/Pneumothorax/00028864_007.png,11,Pneumothorax
train,train/Emphysema/00025295_003.png,5,Emphysema
train,train/Consolidation/00027017_002.png,2,Consolidation
train,train/Atelectasis/00016832_001.png,0,Atelectasis
train,train/Emphysema/00023316_001.png,5,Emphysema
train,train/Pneumonia/00001162_000.png,10,Pneumonia
train,train/Mass/00017994_000.png,8,Mass
train,train/Mass/00013608_005.png,8,Mass
train,train/Cardiomegaly/00001157_001.png,1,Cardiomegaly
train,train/Nodule/00015190_001.png,9,Nodule
train,train/Edema/00015293_000.png,3,Edema
train,train/Edema/00000459_043.png,3,Edema
train,train/Consolidation/00025133_010.png,2,Consolidation
train,train/Cardiomegaly/00004232_001.png,1,Cardiomegaly
train,train/Cardiomegaly/00014772_000.png,1,Cardiomegaly
train,train/Pneumonia/00001906_004.png,10,Pneumonia
train,train/Pneumothorax/00018117_015.png,11,Pneumothorax
train,train/Edema/00000459_053.png,3,Edema
train,train/Effusion/00014930_001.png,4,Effusion
train,train/Infiltration/00010379_002.png,7,Infiltration
train,train/Mass/00006338_001.png,8,Mass
train,train/Nodule/00022113_002.png,9,Nodule
train,train/Emphysema/00025650_002.png,5,Emphysema
train,train/Emphysema/00020458_023.png,5,Emphysema
train,train/Pneumothorax/00012144_018.png,11,Pneumothorax
train,train/Emphysema/00001199_002.png,5,Emphysema
train,train/Edema/00013002_011.png,3,Edema
train,train/Pneumonia/00013930_001.png,10,Pneumonia
train,train/Mass/00008017_000.png,8,Mass
train,train/Pneumonia/00003523_011.png,10,Pneumonia
train,train/Effusion/00007867_001.png,4,Effusion
train,train/Fibrosis/00013842_000.png,6,Fibrosis
train,train/Effusion/00021435_001.png,4,Effusion
train,train/Cardiomegaly/00009323_004.png,1,Cardiomegaly
train,train/Emphysema/00015319_000.png,5,Emphysema
train,train/Mass/00008964_003.png,8,Mass
train,train/Fibrosis/00001810_000.png,6,Fibrosis
train,train/Atelectasis/00016988_002.png,0,Atelectasis
train,train/Emphysema/00000254_000.png,5,Emphysema
train,train/Cardiomegaly/00001959_000.png,1,Cardiomegaly
train,train/Infiltration/00000693_002.png,7,Infiltration
train,train/Effusion/00025234_009.png,4,Effusion
train,train/Emphysema/00020548_002.png,5,Emphysema
train,train/Mass/00000103_000.png,8,Mass
train,train/Pneumonia/00000893_000.png,10,Pneumonia
train,train/Edema/00018829_003.png,3,Edema
train,train/Emphysema/00004741_001.png,5,Emphysema
train,train/Edema/00014435_000.png,3,Edema
train,train/Cardiomegaly/00005213_000.png,1,Cardiomegaly
train,train/Emphysema/00016772_015.png,5,Emphysema
train,train/Effusion/00022459_005.png,4,Effusion
train,train/Infiltration/00020339_005.png,7,Infiltration
train,train/Mass/00004014_000.png,8,Mass
train,train/Edema/00013073_004.png,3,Edema
train,train/Infiltration/00000132_006.png,7,Infiltration
train,train/Nodule/00005271_003.png,9,Nodule
train,train/Pneumothorax/00008045_003.png,11,Pneumothorax
train,train/Pneumothorax/00023319_000.png,11,Pneumothorax
train,train/Consolidation/00000491_015.png,2,Consolidation
train,train/Emphysema/00003523_031.png,5,Emphysema
train,train/Cardiomegaly/00014930_000.png,1,Cardiomegaly
train,train/Fibrosis/00000938_001.png,6,Fibrosis
train,train/Effusion/00018608_010.png,4,Effusion
train,train/Cardiomegaly/00011289_000.png,1,Cardiomegaly
train,train/Cardiomegaly/00012898_000.png,1,Cardiomegaly
train,train/Effusion/00002843_010.png,4,Effusion
train,train/Infiltration/00016193_000.png,7,Infiltration
train,train/Fibrosis/00027358_000.png,6,Fibrosis
train,train/Cardiomegaly/00020425_000.png,1,Cardiomegaly
train,train/Mass/00023073_000.png,8,Mass
train,train/Consolidation/00001855_006.png,2,Consolidation
train,train/Pneumothorax/00026828_018.png,11,Pneumothorax
train,train/Pneumonia/00015826_036.png,10,Pneumonia
train,train/Atelectasis/00023315_000.png,0,Atelectasis
train,train/Emphysema/00021689_000.png,5,Emphysema
train,train/Infiltration/00014536_003.png,7,Infiltration
train,train/Infiltration/00029586_001.png,7,Infiltration
train,train/Consolidation/00004648_000.png,2,Consolidation
train,train/Mass/00007460_002.png,8,Mass
train,train/Consolidation/00015038_000.png,2,Consolidation
train,train/Consolidation/00008962_001.png,2,Consolidation
train,train/Infiltration/00006008_004.png,7,Infiltration
train,train/Effusion/00017546_009.png,4,Effusion
train,train/Edema/00020966_006.png,3,Edema
train,train/Fibrosis/00008223_000.png,6,Fibrosis
train,train/Infiltration/00017223_000.png,7,Infiltration
train,train/Nodule/00012716_003.png,9,Nodule
train,train/Edema/00026232_004.png,3,Edema
train,train/Atelectasis/00004721_001.png,0,Atelectasis
train,train/Fibrosis/00010042_009.png,6,Fibrosis
train,train/Nodule/00019467_000.png,9,Nodule
train,train/Effusion/00020382_000.png,4,Effusion
train,train/Nodule/00015309_000.png,9,Nodule
train,train/Effusion/00011945_000.png,4,Effusion
train,train/Atelectasis/00002600_002.png,0,Atelectasis
train,train/Pneumothorax/00009925_022.png,11,Pneumothorax
train,train/Emphysema/00013653_005.png,5,Emphysema
train,train/Effusion/00006497_004.png,4,Effusion
train,train/Consolidation/00000573_007.png,2,Consolidation
train,train/Atelectasis/00016211_004.png,0,Atelectasis
train,train/Atelectasis/00007352_015.png,0,Atelectasis
train,train/Nodule/00008695_000.png,9,Nodule
train,train/Cardiomegaly/00028716_000.png,1,Cardiomegaly
train,train/Pneumothorax/00010569_004.png,11,Pneumothorax
train,train/Consolidation/00018626_003.png,2,Consolidation
train,train/Edema/00028846_002.png,3,Edema
train,train/Effusion/00005759_032.png,4,Effusion
train,train/Emphysema/00013216_007.png,5,Emphysema
train,train/Fibrosis/00006199_013.png,6,Fibrosis
train,train/Atelectasis/00017786_004.png,0,Atelectasis
train,train/Consolidation/00005094_014.png,2,Consolidation
val,train/Mass/00021115_002.png,8,Mass
val,train/Infiltration/00012993_016.png,7,Infiltration
val,train/Cardiomegaly/00016730_000.png,1,Cardiomegaly
val,train/Emphysema/00009169_001.png,5,Emphysema
val,train/Atelectasis/00022916_000.png,0,Atelectasis
val,train/Effusion/00003546_003.png,4,Effusion
val,train/Effusion/00029821_014.png,4,Effusion
val,train/Pneumothorax/00026597_003.png,11,Pneumothorax
val,train/Consolidation/00001317_007.png,2,Consolidation
val,train/Mass/00004436_007.png,8,Mass
val,train/Edema/00025645_004.png,3,Edema
val,train/Effusion/00018622_001.png,4,Effusion
val,train/Emphysema/00004354_000.png,5,Emphysema
val,train/Atelectasis/00030571_001.png,0,Atelectasis
val,train/Edema/00010315_007.png,3,Edema
val,train/Pneumothorax/00012687_008.png,11,Pneumothorax
val,train/Mass/00013219_010.png,8,Mass
val,train/Effusion/00007076_000.png,4,Effusion
val,train/Nodule/00021074_000.png,9,Nodule
val,train/Atelectasis/00012848_013.png,0,Atelectasis
val,train/Mass/00000372_001.png,8,Mass
val,train/Fibrosis/00011700_003.png,6,Fibrosis
val,train/Mass/00020209_000.png,8,Mass
val,train/Pneumonia/00001317_002.png,10,Pneumonia
val,train/Pneumonia/00008362_013.png,10,Pneumonia
val,train/Infiltration/00021154_000.png,7,Infiltration
val,train/Nodule/00016404_006.png,9,Nodule
val,train/Pneumonia/00025583_005.png,10,Pneumonia
val,train/Emphysema/00014224_001.png,5,Emphysema
val,train/Nodule/00004945_000.png,9,Nodule
val,train/Emphysema/00026546_013.png,5,Emphysema
val,train/Consolidation/00019660_000.png,2,Consolidation
val,train/Atelectasis/00017275_013.png,0,Atelectasis
val,train/Cardiomegaly/00011208_001.png,1,Cardiomegaly
val,train/Effusion/00002524_013.png,4,Effusion
val,train/Pneumothorax/00017324_032.png,11,Pneumothorax
val,train/Effusion/00012018_013.png,4,Effusion
val,train/Atelectasis/00019906_000.png,0,Atelectasis
val,train/Effusion/00011404_003.png,4,Effusion
val,train/Pneumothorax/00004517_005.png,11,Pneumothorax
val,train/Infiltration/00000930_003.png,7,Infiltration
val,train/Fibrosis/00004735_008.png,6,Fibrosis
val,train/Nodule/00010361_000.png,9,Nodule
val,train/Cardiomegaly/00004511_000.png,1,Cardiomegaly
val,train/Pneumonia/00007992_006.png,10,Pneumonia
val,train/Effusion/00012488_004.png,4,Effusion
val,train/Nodule/00022684_001.png,9,Nodule
val,train/Fibrosis/00002652_000.png,6,Fibrosis
val,train/Pneumonia/00010544_000.png,10,Pneumonia
val,train/Fibrosis/00003632_000.png,6,Fibrosis
val,train/Pneumothorax/00014332_006.png,11,Pneumothorax
val,train/Mass/00013381_000.png,8,Mass
val,train/Cardiomegaly/00025684_000.png,1,Cardiomegaly
val,train/Cardiomegaly/00027908_004.png,1,Cardiomegaly
val,train/Effusion/00011794_010.png,4,Effusion
val,train/Consolidation/00007352_009.png,2,Consolidation
val,train/Nodule/00004519_004.png,9,Nodule
val,train/Fibrosis/00001205_008.png,6,Fibrosis
val,train/Edema/00009876_002.png,3,Edema
val,train/Pneumonia/00026806_000.png,10,Pneumonia
val,train/Atelectasis/00004540_001.png,0,Atelectasis
val,train/Fibrosis/00016265_002.png,6,Fibrosis
val,train/Fibrosis/00004065_001.png,6,Fibrosis
val,train/Infiltration/00003722_014.png,7,Infiltration
val,train/Infiltration/00019806_000.png,7,Infiltration
val,train/Pneumothorax/00027066_009.png,11,Pneumothorax
val,train/Emphysema/00000248_002.png,5,Emphysema
val,train/Emphysema/00008594_006.png,5,Emphysema
val,train/Consolidation/00012625_003.png,2,Consolidation
val,train/Cardiomegaly/00004824_011.png,1,Cardiomegaly
val,train/Nodule/00014618_000.png,9,Nodule
val,train/Mass/00012470_002.png,8,Mass
val,train/Effusion/00025746_011.png,4,Effusion
val,train/Pneumonia/00026938_000.png,10,Pneumonia
val,train/Edema/00014971_005.png,3,Edema
val,train/Pneumothorax/00009736_014.png,11,Pneumothorax
val,train/Nodule/00025234_003.png,9,Nodule
val,train/Mass/00008100_001.png,8,Mass
val,train/Atelectasis/00008051_045.png,0,Atelectasis
val,train/Mass/00013523_007.png,8,Mass
val,train/Fibrosis/00005824_000.png,6,Fibrosis
val,train/Atelectasis/00007212_008.png,0,Atelectasis
val,train/Emphysema/00002914_000.png,5,Emphysema
val,train/Cardiomegaly/00006317_003.png,1,Cardiomegaly
val,train/Pneumonia/00005274_011.png,10,Pneumonia
val,train/Fibrosis/00028175_000.png,6,Fibrosis
val,train/Emphysema/00000682_001.png,5,Emphysema
val,train/Pneumothorax/00007056_007.png,11,Pneumothorax
val,train/Effusion/00004613_004.png,4,Effusion
val,train/Effusion/00016493_002.png,4,Effusion
val,train/Fibrosis/00008462_006.png,6,Fibrosis
val,train/Cardiomegaly/00002686_001.png,1,Cardiomegaly
val,train/Edema/00005218_007.png,3,Edema
val,train/Cardiomegaly/00000330_000.png,1,Cardiomegaly
val,train/Pneumothorax/00000231_003.png,11,Pneumothorax
val,train/Pneumonia/00007699_003.png,10,Pneumonia
val,train/Atelectasis/00013467_009.png,0,Atelectasis
val,train/Cardiomegaly/00014412_000.png,1,Cardiomegaly
val,train/Cardiomegaly/00010454_000.png,1,Cardiomegaly
val,train/Effusion/00014128_011.png,4,Effusion
val,train/Infiltration/00014243_000.png,7,Infiltration
val,train/Pneumothorax/00010304_005.png,11,Pneumothorax
val,train/Edema/00011959_009.png,3,Edema
val,train/Edema/00010315_005.png,3,Edema
val,train/Edema/00019172_002.png,3,Edema
val,train/Edema/00000459_034.png,3,Edema
val,train/Infiltration/00019756_001.png,7,Infiltration
val,train/Consolidation/00028357_022.png,2,Consolidation
val,train/Fibrosis/00003344_001.png,6,Fibrosis
val,train/Emphysema/00000040_001.png,5,Emphysema
val,train/Cardiomegaly/00013262_002.png,1,Cardiomegaly
val,train/Emphysema/00012380_000.png,5,Emphysema
val,train/Fibrosis/00007603_000.png,6,Fibrosis
val,train/Edema/00012620_007.png,3,Edema
val,train/Atelectasis/00025114_000.png,0,Atelectasis
val,train/Effusion/00012628_000.png,4,Effusion
val,train/Atelectasis/00008518_001.png,0,Atelectasis
val,train/Infiltration/00004857_001.png,7,Infiltration
val,train/Fibrosis/00001315_000.png,6,Fibrosis
val,train/Consolidation/00014023_002.png,2,Consolidation
val,train/Nodule/00012704_001.png,9,Nodule
val,train/Atelectasis/00029969_001.png,0,Atelectasis
val,train/Atelectasis/00017270_000.png,0,Atelectasis
val,train/Pneumothorax/00017731_013.png,11,Pneumothorax
val,train/Emphysema/00029723_001.png,5,Emphysema
val,train/Infiltration/00027622_000.png,7,Infiltration
val,train/Atelectasis/00017503_002.png,0,Atelectasis
val,train/Cardiomegaly/00006875_010.png,1,Cardiomegaly
val,train/Effusion/00007055_003.png,4,Effusion
val,train/Mass/00009305_001.png,8,Mass
val,train/Infiltration/00021930_013.png,7,Infiltration
val,train/Pneumonia/00003510_008.png,10,Pneumonia
val,train/Effusion/00015647_003.png,4,Effusion
val,train/Nodule/00029144_001.png,9,Nodule
val,train/Emphysema/00005922_000.png,5,Emphysema
val,train/Fibrosis/00012232_000.png,6,Fibrosis
val,train/Edema/00021835_018.png,3,Edema
val,train/Pneumothorax/00011752_003.png,11,Pneumothorax
val,train/Consolidation/00004961_005.png,2,Consolidation
val,train/Pneumothorax/00013653_000.png,11,Pneumothorax
val,train/Effusion/00009628_006.png,4,Effusion
val,train/Nodule/00016805_000.png,9,Nodule
val,train/Fibrosis/00004946_000.png,6,Fibrosis
val,train/Nodule/00024550_000.png,9,Nodule
val,train/Emphysema/00006142_005.png,5,Emphysema
val,train/Infiltration/00021261_000.png,7,Infiltration
val,train/Emphysema/00004040_002.png,5,Emphysema
val,train/Atelectasis/00011462_000.png,0,Atelectasis
val,train/Fibrosis/00004409_001.png,6,Fibrosis
val,train/Emphysema/00000360_004.png,5,Emphysema
val,train/Mass/00001410_004.png,8,Mass
val,train/Effusion/00019206_000.png,4,Effusion
val,train/Edema/00010314_019.png,3,Edema
val,train/Fibrosis/00005646_019.png,6,Fibrosis
val,train/Fibrosis/00018325_001.png,6,Fibrosis
val,train/Effusion/00009607_000.png,4,Effusion
val,train/Consolidation/00019395_009.png,2,Consolidation
val,train/Nodule/00003393_015.png,9,Nodule
val,train/Infiltration/00025421_005.png,7,Infiltration
val,train/Consolidation/00011303_004.png,2,Consolidation
val,train/Pneumothorax/00001561_001.png,11,Pneumothorax
val,train/Pneumothorax/00010123_003.png,11,Pneumothorax
val,train/Atelectasis/00005537_006.png,0,Atelectasis
val,train/Mass/00018733_001.png,8,Mass
val,train/Emphysema/00021073_005.png,5,Emphysema
val,train/Edema/00027725_044.png,3,Edema
val,train/Emphysema/00008702_000.png,5,Emphysema
val,train/Emphysema/00005666_008.png,5,Emphysema
val,train/Mass/00002510_004.png,8,Mass
val,train/Infiltration/00017555_012.png,7,Infiltration
val,train/Emphysema/00018225_004.png,5,Emphysema
val,train/Edema/00015028_005.png,3,Edema
val,train/Atelectasis/00026591_000.png,0,Atelectasis
val,train/Atelectasis/00022207_002.png,0,Atelectasis
val,train/Infiltration/00019204_000.png,7,Infiltration
val,train/Atelectasis/00009451_003.png,0,Atelectasis
val,train/Atelectasis/00005726_001.png,0,Atelectasis
val,train/Edema/00009894_003.png,3,Edema
val,train/Pneumonia/00014414_007.png,10,Pneumonia
val,train/Mass/00001875_001.png,8,Mass
val,train/Pneumothorax/00020450_002.png,11,Pneumothorax
val,train/Mass/00015785_001.png,8,Mass
val,train/Infiltration/00014705_006.png,7,Infiltration
val,train/Fibrosis/00001751_000.png,6,Fibrosis
val,train/Emphysema/00027596_000.png,5,Emphysema
val,train/Cardiomegaly/00017980_001.png,1,Cardiomegaly
val,train/Nodule/00015852_007.png,9,Nodule
val,train/Infiltration/00000634_003.png,7,Infiltration
val,train/Edema/00015193_007.png,3,Edema
val,train/Effusion/00005114_005.png,4,Effusion
val,train/Atelectasis/00015267_001.png,0,Atelectasis
val,train/Fibrosis/00011005_000.png,6,Fibrosis
val,train/Infiltration/00022658_000.png,7,Infiltration
val,train/Pneumothorax/00026034_000.png,11,Pneumothorax
val,train/Cardiomegaly/00005434_004.png,1,Cardiomegaly
val,train/Fibrosis/00009445_004.png,6,Fibrosis
val,train/Effusion/00012620_003.png,4,Effusion
val,train/Mass/00014320_031.png,8,Mass
val,train/Pneumothorax/00021023_020.png,11,Pneumothorax
val,train/Effusion/00006000_012.png,4,Effusion
val,train/Pneumonia/00021627_007.png,10,Pneumonia
val,train/Edema/00022442_002.png,3,Edema
val,train/Effusion/00007355_000.png,4,Effusion
val,train/Atelectasis/00025122_001.png,0,Atelectasis
val,train/Cardiomegaly/00020181_000.png,1,Cardiomegaly
val,train/Cardiomegaly/00030374_000.png,1,Cardiomegaly
val,train/Pneumonia/00000061_015.png,10,Pneumonia
val,train/Nodule/00018738_000.png,9,Nodule
val,train/Fibrosis/00010272_001.png,6,Fibrosis
val,train/Nodule/00010348_000.png,9,Nodule
val,train/Nodule/00013904_009.png,9,Nodule
val,train/Pneumonia/00020928_000.png,10,Pneumonia
val,train/Emphysema/00027700_004.png,5,Emphysema
val,train/Infiltration/00006411_005.png,7,Infiltration
val,train/Fibrosis/00002643_000.png,6,Fibrosis
val,train/Pneumothorax/00022734_001.png,11,Pneumothorax
val,train/Nodule/00008204_000.png,9,Nodule
val,train/Edema/00001723_001.png,3,Edema
val,train/Pneumonia/00017659_000.png,10,Pneumonia
val,train/Cardiomegaly/00015414_000.png,1,Cardiomegaly
val,train/Pneumonia/00014616_011.png,10,Pneumonia
val,train/Pneumonia/00029889_000.png,10,Pneumonia
val,train/Effusion/00014128_012.png,4,Effusion
val,train/Cardiomegaly/00003361_006.png,1,Cardiomegaly
val,train/Nodule/00014274_008.png,9,Nodule
val,train/Nodule/00014075_001.png,9,Nodule
val,train/Consolidation/00018724_017.png,2,Consolidation
val,train/Pneumonia/00020505_022.png,10,Pneumonia
val,train/Fibrosis/00026498_000.png,6,Fibrosis
val,train/Nodule/00028923_002.png,9,Nodule
val,train/Atelectasis/00003681_003.png,0,Atelectasis
val,train/Atelectasis/00011598_006.png,0,Atelectasis
val,train/Edema/00004435_006.png,3,Edema
val,train/Consolidation/00026916_000.png,2,Consolidation
val,train/Consolidation/00030786_006.png,2,Consolidation
val,train/Edema/00013849_009.png,3,Edema
val,train/Consolidation/00018404_017.png,2,Consolidation
val,train/Edema/00010352_063.png,3,Edema
val,train/Infiltration/00026849_001.png,7,Infiltration
val,train/Pneumothorax/00020248_004.png,11,Pneumothorax
val,train/Pneumothorax/00011688_008.png,11,Pneumothorax
val,train/Nodule/00028655_005.png,9,Nodule
val,train/Consolidation/00014145_012.png,2,Consolidation
val,train/Pneumothorax/00008232_014.png,11,Pneumothorax
val,train/Mass/00015790_000.png,8,Mass
val,train/Infiltration/00008594_011.png,7,Infiltration
val,train/Pneumothorax/00005957_000.png,11,Pneumothorax
val,train/Nodule/00014129_005.png,9,Nodule
val,train/Pneumonia/00021243_001.png,10,Pneumonia
val,train/Effusion/00004837_003.png,4,Effusion
val,train/Consolidation/00014362_011.png,2,Consolidation
val,train/Fibrosis/00018782_002.png,6,Fibrosis
val,train/Consolidation/00000627_029.png,2,Consolidation
val,train/Effusion/00009367_004.png,4,Effusion
val,train/Mass/00018447_000.png,8,Mass
val,train/Pneumonia/00019865_013.png,10,Pneumonia
val,train/Pneumonia/00026883_001.png,10,Pneumonia
val,train/Nodule/00017106_001.png,9,Nodule
val,train/Consolidation/00012628_049.png,2,Consolidation
val,train/Infiltration/00028683_001.png,7,Infiltration
val,train/Fibrosis/00019169_020.png,6,Fibrosis
val,train/Fibrosis/00009773_000.png,6,Fibrosis
val,train/Infiltration/00028830_000.png,7,Infiltration
val,train/Consolidation/00008451_007.png,2,Consolidation
val,train/Emphysema/00002294_000.png,5,Emphysema
val,train/Mass/00015163_001.png,8,Mass
val,train/Pneumonia/00006759_001.png,10,Pneumonia
val,train/Fibrosis/00007117_000.png,6,Fibrosis
val,train/Mass/00011886_009.png,8,Mass
val,train/Mass/00005014_011.png,8,Mass
val,train/Edema/00006296_021.png,3,Edema
val,train/Cardiomegaly/00012992_002.png,1,Cardiomegaly
val,train/Atelectasis/00005756_011.png,0,Atelectasis
val,train/Emphysema/00002718_001.png,5,Emphysema
val,train/Edema/00025768_007.png,3,Edema
val,train/Consolidation/00000930_000.png,2,Consolidation
val,train/Fibrosis/00006377_000.png,6,Fibrosis
val,train/Edema/00007274_003.png,3,Edema
val,train/Pneumothorax/00006960_015.png,11,Pneumothorax
val,train/Cardiomegaly/00008073_000.png,1,Cardiomegaly
val,train/Emphysema/00016410_031.png,5,Emphysema
val,train/Infiltration/00018497_000.png,7,Infiltration
val,train/Consolidation/00018574_021.png,2,Consolidation
val,train/Edema/00010427_002.png,3,Edema
val,train/Nodule/00020047_002.png,9,Nodule
val,train/Mass/00016311_005.png,8,Mass
val,train/Effusion/00003766_001.png,4,Effusion
val,train/Pneumonia/00006260_001.png,10,Pneumonia
val,train/Pneumothorax/00005539_007.png,11,Pneumothorax
val,train/Pneumothorax/00017324_021.png,11,Pneumothorax
val,train/Pneumonia/00012158_021.png,10,Pneumonia
val,train/Pneumothorax/00004680_000.png,11,Pneumothorax
val,train/Pneumonia/00027775_004.png,10,Pneumonia
val,train/Cardiomegaly/00022870_005.png,1,Cardiomegaly
val,train/Nodule/00026713_005.png,9,Nodule
val,train/Consolidation/00023090_000.png,2,Consolidation
val,train/Pneumonia/00000144_001.png,10,Pneumonia
val,train/Nodule/00011319_000.png,9,Nodule
val,train/Edema/00014904_003.png,3,Edema
val,train/Atelectasis/00012240_001.png,0,Atelectasis
val,train/Pneumonia/00000499_008.png,10,Pneumonia
val,train/Effusion/00020652_000.png,4,Effusion
val,train/Emphysema/00015997_000.png,5,Emphysema
val,train/Emphysema/00000289_007.png,5,Emphysema
val,train/Cardiomegaly/00009316_000.png,1,Cardiomegaly
val,train/Pneumothorax/00030561_014.png,11,Pneumothorax
val,train/Atelectasis/00016105_000.png,0,Atelectasis
val,train/Emphysema/00009425_003.png,5,Emphysema
val,train/Consolidation/00005274_009.png,2,Consolidation
val,train/Mass/00025635_004.png,8,Mass
val,train/Consolidation/00009613_002.png,2,Consolidation
val,train/Atelectasis/00005728_000.png,0,Atelectasis
val,train/Pneumonia/00026366_001.png,10,Pneumonia
val,train/Mass/00010458_000.png,8,Mass
val,train/Fibrosis/00022207_004.png,6,Fibrosis
val,train/Pneumonia/00019021_001.png,10,Pneumonia
val,train/Fibrosis/00007631_001.png,6,Fibrosis
val,train/Pneumothorax/00017801_006.png,11,Pneumothorax
val,train/Pneumonia/00027784_007.png,10,Pneumonia
val,train/Infiltration/00021622_002.png,7,Infiltration
val,train/Emphysema/00000381_001.png,5,Emphysema
val,train/Pneumonia/00010761_002.png,10,Pneumonia
val,train/Effusion/00006517_006.png,4,Effusion
val,train/Fibrosis/00015122_003.png,6,Fibrosis
val,train/Pneumothorax/00016122_008.png,11,Pneumothorax
val,train/Emphysema/00015556_002.png,5,Emphysema
val,train/Emphysema/00012761_006.png,5,Emphysema
val,train/Pneumonia/00001992_002.png,10,Pneumonia
val,train/Infiltration/00012635_017.png,7,Infiltration
val,train/Infiltration/00016200_003.png,7,Infiltration
val,train/Nodule/00005014_008.png,9,Nodule
val,train/Effusion/00029514_003.png,4,Effusion
val,train/Fibrosis/00003098_012.png,6,Fibrosis
val,train/Edema/00017356_008.png,3,Edema
val,train/Cardiomegaly/00005556_000.png,1,Cardiomegaly
val,train/Pneumonia/00025607_001.png,10,Pneumonia
val,train/Emphysema/00002323_000.png,5,Emphysema
val,train/Consolidation/00005400_004.png,2,Consolidation
val,train/Atelectasis/00000109_003.png,0,Atelectasis
val,train/Consolidation/00008518_008.png,2,Consolidation
val,train/Edema/00018254_016.png,3,Edema
val,train/Cardiomegaly/00005778_016.png,1,Cardiomegaly
val,train/Edema/00011885_005.png,3,Edema
val,train/Emphysema/00002041_000.png,5,Emphysema
val,train/Atelectasis/00005682_003.png,0,Atelectasis
val,train/Infiltration/00029897_001.png,7,Infiltration
val,train/Consolidation/00017925_005.png,2,Consolidation
val,train/Emphysema/00008468_018.png,5,Emphysema
val,train/Consolidation/00028431_002.png,2,Consolidation
val,train/Atelectasis/00008909_000.png,0,Atelectasis
val,train/Atelectasis/00016882_000.png,0,Atelectasis
val,train/Consolidation/00015013_008.png,2,Consolidation
val,train/Infiltration/00026331_001.png,7,Infiltration
val,train/Consolidation/00014950_003.png,2,Consolidation
val,train/Infiltration/00027457_000.png,7,Infiltration
val,train/Cardiomegaly/00013077_001.png,1,Cardiomegaly
val,train/Nodule/00019605_009.png,9,Nodule
val,train/Emphysema/00002041_001.png,5,Emphysema
val,train/Cardiomegaly/00003989_021.png,1,Cardiomegaly
val,train/Mass/00012735_001.png,8,Mass
val,train/Nodule/00017262_003.png,9,Nodule
val,train/Edema/00012620_005.png,3,Edema
val,train/Edema/00018724_009.png,3,Edema
val,train/Pneumothorax/00000118_011.png,11,Pneumothorax
val,train/Infiltration/00019418_001.png,7,Infiltration
val,train/Mass/00011859_001.png,8,Mass
val,train/Atelectasis/00003573_003.png,0,Atelectasis
val,train/Nodule/00005113_000.png,9,Nodule
val,train/Pneumonia/00026374_004.png,10,Pneumonia
val,train/Effusion/00004904_014.png,4,Effusion
val,train/Consolidation/00014618_003.png,2,Consolidation
val,train/Pneumonia/00003211_000.png,10,Pneumonia
val,train/Fibrosis/00016265_003.png,6,Fibrosis
val,train/Fibrosis/00005787_000.png,6,Fibrosis
val,train/Nodule/00012520_014.png,9,Nodule
val,train/Pneumothorax/00017801_005.png,11,Pneumothorax
val,train/Infiltration/00017985_008.png,7,Infiltration
val,train/Pneumonia/00021127_018.png,10,Pneumonia
val,train/Atelectasis/00026298_000.png,0,Atelectasis
val,train/Pneumothorax/00026793_006.png,11,Pneumothorax
val,train/Cardiomegaly/00023299_001.png,1,Cardiomegaly
val,train/Effusion/00013424_004.png,4,Effusion
val,train/Effusion/00005806_000.png,4,Effusion
val,train/Cardiomegaly/00026634_000.png,1,Cardiomegaly
val,train/Consolidation/00012805_009.png,2,Consolidation
val,train/Consolidation/00021340_000.png,2,Consolidation
val,train/Mass/00007716_004.png,8,Mass
val,train/Fibrosis/00012437_000.png,6,Fibrosis
val,train/Cardiomegaly/00017417_000.png,1,Cardiomegaly
val,train/Emphysema/00012648_005.png,5,Emphysema
val,train/Emphysema/00021455_003.png,5,Emphysema
val,train/Emphysema/00014831_000.png,5,Emphysema
val,train/Fibrosis/00006258_000.png,6,Fibrosis
val,train/Emphysema/00016772_016.png,5,Emphysema
val,train/Atelectasis/00027311_005.png,0,Atelectasis
val,train/Atelectasis/00022019_000.png,0,Atelectasis
val,train/Cardiomegaly/00025118_000.png,1,Cardiomegaly
val,train/Mass/00015240_000.png,8,Mass
val,train/Emphysema/00015606_046.png,5,Emphysema
val,train/Effusion/00025220_006.png,4,Effusion
val,train/Atelectasis/00011522_003.png,0,Atelectasis
val,train/Consolidation/00005482_000.png,2,Consolidation
val,train/Effusion/00018175_023.png,4,Effusion
val,train/Effusion/00017424_032.png,4,Effusion
val,train/Consolidation/00017963_000.png,2,Consolidation
val,train/Mass/00011430_000.png,8,Mass
val,train/Mass/00016238_000.png,8,Mass
val,train/Edema/00021969_000.png,3,Edema
val,train/Consolidation/00014332_005.png,2,Consolidation
val,train/Edema/00003693_001.png,3,Edema
val,train/Consolidation/00001104_020.png,2,Consolidation
val,train/Infiltration/00007256_015.png,7,Infiltration
val,train/Nodule/00015173_002.png,9,Nodule
val,train/Mass/00017656_000.png,8,Mass
val,train/Infiltration/00022213_000.png,7,Infiltration
val,train/Pneumothorax/00003840_002.png,11,Pneumothorax
val,train/Mass/00012161_003.png,8,Mass
val,train/Cardiomegaly/00010437_002.png,1,Cardiomegaly
val,train/Emphysema/00008755_000.png,5,Emphysema
val,train/Pneumonia/00017652_000.png,10,Pneumonia
val,train/Atelectasis/00007023_005.png,0,Atelectasis
val,train/Edema/00028803_002.png,3,Edema
val,train/Effusion/00018972_060.png,4,Effusion
val,train/Edema/00017424_028.png,3,Edema
val,train/Mass/00025473_000.png,8,Mass
val,train/Effusion/00021086_004.png,4,Effusion
val,train/Pneumonia/00009048_002.png,10,Pneumonia
val,train/Fibrosis/00010278_000.png,6,Fibrosis
val,train/Consolidation/00010849_000.png,2,Consolidation
val,train/Effusion/00013216_005.png,4,Effusion
val,train/Fibrosis/00006192_000.png,6,Fibrosis
val,train/Infiltration/00019910_002.png,7,Infiltration
val,train/Consolidation/00013077_016.png,2,Consolidation
val,train/Effusion/00010698_021.png,4,Effusion
val,train/Pneumonia/00014072_002.png,10,Pneumonia
val,train/Nodule/00007090_000.png,9,Nodule
val,train/Pneumothorax/00012233_002.png,11,Pneumothorax
val,train/Nodule/00012865_000.png,9,Nodule
val,train/Cardiomegaly/00002742_000.png,1,Cardiomegaly
val,train/Atelectasis/00026925_030.png,0,Atelectasis
val,train/Infiltration/00002315_000.png,7,Infiltration
val,train/Pneumonia/00008470_008.png,10,Pneumonia
val,train/Effusion/00027602_000.png,4,Effusion
val,train/Nodule/00009293_003.png,9,Nodule
val,train/Edema/00030038_013.png,3,Edema
val,train/Nodule/00013079_002.png,9,Nodule
val,train/Effusion/00011945_004.png,4,Effusion
val,train/Infiltration/00019438_000.png,7,Infiltration
val,train/Mass/00016095_000.png,8,Mass
val,train/Consolidation/00011553_036.png,2,Consolidation
val,train/Emphysema/00003860_000.png,5,Emphysema
val,train/Emphysema/00010896_001.png,5,Emphysema
val,train/Infiltration/00000061_018.png,7,Infiltration
val,train/Cardiomegaly/00018078_002.png,1,Cardiomegaly
val,train/Edema/00004338_003.png,3,Edema
val,train/Mass/00007869_002.png,8,Mass
val,train/Nodule/00014033_002.png,9,Nodule
val,train/Mass/00017478_000.png,8,Mass
val,train/Mass/00014404_002.png,8,Mass
val,train/Atelectasis/00026713_013.png,0,Atelectasis
val,train/Pneumonia/00018464_027.png,10,Pneumonia
val,train/Cardiomegaly/00006359_000.png,1,Cardiomegaly
val,train/Cardiomegaly/00015166_000.png,1,Cardiomegaly
val,train/Nodule/00016805_010.png,9,Nodule
val,train/Mass/00008746_000.png,8,Mass
val,train/Nodule/00014755_000.png,9,Nodule
val,train/Cardiomegaly/00005778_026.png,1,Cardiomegaly
val,train/Atelectasis/00010500_002.png,0,Atelectasis
val,train/Cardiomegaly/00027706_033.png,1,Cardiomegaly
val,train/Pneumothorax/00021976_012.png,11,Pneumothorax
val,train/Fibrosis/00000426_001.png,6,Fibrosis
val,train/Effusion/00027853_000.png,4,Effusion
val,train/Effusion/00028523_029.png,4,Effusion
val,train/Pneumonia/00011472_001.png,10,Pneumonia
val,train/Infiltration/00023203_002.png,7,Infiltration
val,train/Cardiomegaly/00011010_002.png,1,Cardiomegaly
val,train/Pneumothorax/00003602_001.png,11,Pneumothorax
val,train/Mass/00014010_002.png,8,Mass
val,train/Fibrosis/00001967_000.png,6,Fibrosis
val,train/Pneumothorax/00028961_001.png,11,Pneumothorax
val,train/Infiltration/00028357_036.png,7,Infiltration
val,train/Infiltration/00023320_000.png,7,Infiltration
val,train/Nodule/00014427_007.png,9,Nodule
val,train/Atelectasis/00007340_000.png,0,Atelectasis
val,train/Infiltration/00008007_000.png,7,Infiltration
val,train/Pneumothorax/00026683_003.png,11,Pneumothorax
val,train/Edema/00009932_001.png,3,Edema
val,train/Atelectasis/00010796_003.png,0,Atelectasis
val,train/Pneumothorax/00020286_028.png,11,Pneumothorax
val,train/Fibrosis/00029376_000.png,6,Fibrosis
val,train/Effusion/00004428_000.png,4,Effusion
val,train/Emphysema/00005460_005.png,5,Emphysema
val,train/Atelectasis/00000963_012.png,0,Atelectasis
val,train/Effusion/00010613_012.png,4,Effusion
val,train/Infiltration/00028498_000.png,7,Infiltration
val,train/Edema/00004646_007.png,3,Edema
val,train/Pneumonia/00022965_004.png,10,Pneumonia
val,train/Infiltration/00013855_003.png,7,Infiltration
val,train/Mass/00009421_000.png,8,Mass
val,train/Nodule/00012659_030.png,9,Nodule
val,train/Emphysema/00012648_002.png,5,Emphysema
val,train/Edema/00001301_020.png,3,Edema
val,train/Cardiomegaly/00022793_000.png,1,Cardiomegaly
val,train/Pneumothorax/00029903_008.png,11,Pneumothorax
val,train/Fibrosis/00002038_000.png,6,Fibrosis
val,train/Pneumonia/00002109_000.png,10,Pneumonia
val,train/Atelectasis/00020693_000.png,0,Atelectasis
val,train/Fibrosis/00002604_002.png,6,Fibrosis
val,train/Infiltration/00022679_007.png,7,Infiltration
val,train/Consolidation/00010531_081.png,2,Consolidation
val,train/Infiltration/00008701_006.png,7,Infiltration
val,train/Mass/00017050_001.png,8,Mass
val,train/Emphysema/00001701_004.png,5,Emphysema
val,train/Cardiomegaly/00017490_000.png,1,Cardiomegaly
val,train/Fibrosis/00000820_013.png,6,Fibrosis
val,train/Cardiomegaly/00003610_018.png,1,Cardiomegaly
val,train/Consolidation/00002673_020.png,2,Consolidation
val,train/Edema/00010773_027.png,3,Edema
val,train/Nodule/00007565_003.png,9,Nodule
val,train/Infiltration/00000376_009.png,7,Infiltration
val,train/Infiltration/00018683_003.png,7,Infiltration
val,train/Nodule/00011517_000.png,9,Nodule
val,train/Consolidation/00007624_032.png,2,Consolidation
val,train/Pneumothorax/00002356_009.png,11,Pneumothorax
val,train/Consolidation/00002345_012.png,2,Consolidation
val,train/Cardiomegaly/00008898_000.png,1,Cardiomegaly
val,train/Emphysema/00003122_000.png,5,Emphysema
val,train/Fibrosis/00001064_000.png,6,Fibrosis
val,train/Edema/00017365_004.png,3,Edema
val,train/Pneumothorax/00016109_002.png,11,Pneumothorax
val,train/Effusion/00020294_003.png,4,Effusion
val,train/Cardiomegaly/00022282_003.png,1,Cardiomegaly
val,train/Cardiomegaly/00007921_000.png,1,Cardiomegaly
val,train/Cardiomegaly/00000096_000.png,1,Cardiomegaly
val,train/Mass/00004928_005.png,8,Mass
val,train/Edema/00019407_003.png,3,Edema
val,train/Emphysema/00012960_003.png,5,Emphysema
val,train/Pneumothorax/00018117_009.png,11,Pneumothorax
val,train/Mass/00008215_001.png,8,Mass
val,train/Consolidation/00003546_009.png,2,Consolidation
val,train/Pneumonia/00014647_009.png,10,Pneumonia
val,train/Pneumothorax/00003574_008.png,11,Pneumothorax
val,train/Edema/00011959_003.png,3,Edema
val,train/Pneumothorax/00012308_002.png,11,Pneumothorax
val,train/Edema/00023048_000.png,3,Edema
val,train/Mass/00016103_000.png,8,Mass
val,train/Consolidation/00017536_000.png,2,Consolidation
val,train/Consolidation/00018177_005.png,2,Consolidation
val,train/Cardiomegaly/00012509_000.png,1,Cardiomegaly
val,train/Edema/00013231_008.png,3,Edema
val,train/Mass/00012578_001.png,8,Mass
val,train/Nodule/00004801_001.png,9,Nodule
val,train/Mass/00010584_001.png,8,Mass
val,train/Nodule/00026993_000.png,9,Nodule
val,train/Pneumothorax/00019730_002.png,11,Pneumothorax
val,train/Atelectasis/00010507_001.png,0,Atelectasis
val,train/Pneumonia/00009323_005.png,10,Pneumonia
val,train/Nodule/00016244_004.png,9,Nodule
val,train/Consolidation/00010294_006.png,2,Consolidation
val,train/Mass/00008642_001.png,8,Mass
val,train/Pneumonia/00013818_000.png,10,Pneumonia
val,train/Edema/00018972_031.png,3,Edema
val,train/Fibrosis/00017109_000.png,6,Fibrosis
val,train/Atelectasis/00021689_001.png,0,Atelectasis
test,test/Nodule/00017346_000.png,9,Nodule
test,test/Nodule/00001555_002.png,9,Nodule
test,test/Emphysema/00001248_021.png,5,Emphysema
test,test/Fibrosis/00002877_003.png,6,Fibrosis
test,test/Edema/00008626_026.png,3,Edema
test,test/Effusion/00007629_000.png,4,Effusion
test,test/Pneumonia/00000193_019.png,10,Pneumonia
test,test/Nodule/00029617_010.png,9,Nodule
test,test/Pneumonia/00028173_010.png,10,Pneumonia
test,test/Mass/00020065_008.png,8,Mass
test,test/Emphysema/00029631_005.png,5,Emphysema
test,test/Nodule/00029105_027.png,9,Nodule
test,test/Emphysema/00016587_036.png,5,Emphysema
test,test/Emphysema/00011355_038.png,5,Emphysema
test,test/Pneumonia/00017236_034.png,10,Pneumonia
test,test/Pneumothorax/00029950_018.png,11,Pneumothorax
test,test/Cardiomegaly/00027464_033.png,1,Cardiomegaly
test,test/Cardiomegaly/00004526_007.png,1,Cardiomegaly
test,test/Effusion/00029532_022.png,4,Effusion
test,test/Cardiomegaly/00028873_008.png,1,Cardiomegaly
test,test/Effusion/00005962_027.png,4,Effusion
test,test/Consolidation/00006271_083.png,2,Consolidation
test,test/Emphysema/00009735_001.png,5,Emphysema
test,test/Fibrosis/00000181_052.png,6,Fibrosis
test,test/Edema/00014149_034.png,3,Edema
test,test/Edema/00006991_013.png,3,Edema
test,test/Emphysema/00029259_010.png,5,Emphysema
test,test/Edema/00011985_006.png,3,Edema
test,test/Pneumothorax/00008566_014.png,11,Pneumothorax
test,test/Effusion/00028628_004.png,4,Effusion
test,test/Consolidation/00013249_057.png,2,Consolidation
test,test/Consolidation/00022815_073.png,2,Consolidation
test,test/Edema/00015953_004.png,3,Edema
test,test/Pneumothorax/00023065_030.png,11,Pneumothorax
test,test/Pneumonia/00022815_043.png,10,Pneumonia
test,test/Pneumothorax/00025954_019.png,11,Pneumothorax
test,test/Effusion/00009892_014.png,4,Effusion
test,test/Pneumonia/00001946_007.png,10,Pneumonia
test,test/Consolidation/00022877_027.png,2,Consolidation
test,test/Nodule/00002578_000.png,9,Nodule
test,test/Atelectasis/00004822_025.png,0,Atelectasis
test,test/Consolidation/00010828_054.png,2,Consolidation
test,test/Infiltration/00017981_015.png,7,Infiltration
test,test/Mass/00014956_017.png,8,Mass
test,test/Pneumonia/00030079_018.png,10,Pneumonia
test,test/Edema/00019508_010.png,3,Edema
test,test/Fibrosis/00000533_004.png,6,Fibrosis
test,test/Pneumothorax/00008841_034.png,11,Pneumothorax
test,test/Pneumothorax/00013111_061.png,11,Pneumothorax
test,test/Infiltration/00013670_038.png,7,Infiltration
test,test/Consolidation/00013256_014.png,2,Consolidation
test,test/Edema/00008291_007.png,3,Edema
test,test/Mass/00021772_000.png,8,Mass
test,test/Atelectasis/00015018_013.png,0,Atelectasis
test,test/Pneumothorax/00030606_009.png,11,Pneumothorax
test,test/Emphysema/00016258_011.png,5,Emphysema
test,test/Infiltration/00003148_013.png,7,Infiltration
test,test/Consolidation/00016786_014.png,2,Consolidation
test,test/Pneumonia/00007735_018.png,10,Pneumonia
test,test/Nodule/00022877_021.png,9,Nodule
test,test/Pneumonia/00016705_004.png,10,Pneumonia
test,test/Cardiomegaly/00001373_012.png,1,Cardiomegaly
test,test/Atelectasis/00020810_002.png,0,Atelectasis
test,test/Effusion/00020852_008.png,4,Effusion
test,test/Cardiomegaly/00004381_028.png,1,Cardiomegaly
test,test/Pneumothorax/00016807_015.png,11,Pneumothorax
test,test/Atelectasis/00027927_014.png,0,Atelectasis
test,test/Atelectasis/00027464_012.png,0,Atelectasis
test,test/Pneumonia/00014294_011.png,10,Pneumonia
test,test/Pneumothorax/00030636_010.png,11,Pneumothorax
test,test/Consolidation/00028774_034.png,2,Consolidation
test,test/Cardiomegaly/00006808_007.png,1,Cardiomegaly
test,test/Infiltration/00015530_096.png,7,Infiltration
test,test/Pneumonia/00005567_025.png,10,Pneumonia
test,test/Emphysema/00021711_006.png,5,Emphysema
test,test/Cardiomegaly/00000013_045.png,1,Cardiomegaly
test,test/Emphysema/00012094_052.png,5,Emphysema
test,test/Effusion/00017606_007.png,4,Effusion
test,test/Atelectasis/00005567_005.png,0,Atelectasis
test,test/Pneumothorax/00018055_012.png,11,Pneumothorax
test,test/Nodule/00020774_000.png,9,Nodule
test,test/Pneumonia/00016972_028.png,10,Pneumonia
test,test/Mass/00011291_004.png,8,Mass
test,test/Cardiomegaly/00000948_000.png,1,Cardiomegaly
test,test/Emphysema/00016434_003.png,5,Emphysema
test,test/Emphysema/00006673_000.png,5,Emphysema
test,test/Fibrosis/00000092_002.png,6,Fibrosis
test,test/Fibrosis/00015387_001.png,6,Fibrosis
test,test/Mass/00018249_008.png,8,Mass
test,test/Emphysema/00030046_005.png,5,Emphysema
test,test/Fibrosis/00005567_008.png,6,Fibrosis
test,test/Pneumonia/00010805_042.png,10,Pneumonia
test,test/Infiltration/00004893_042.png,7,Infiltration
test,test/Fibrosis/00003064_053.png,6,Fibrosis
test,test/Pneumothorax/00002509_007.png,11,Pneumothorax
test,test/Effusion/00026538_000.png,4,Effusion
test,test/Edema/00018615_029.png,3,Edema
test,test/Cardiomegaly/00004344_040.png,1,Cardiomegaly
test,test/Fibrosis/00002101_002.png,6,Fibrosis
test,test/Fibrosis/00012217_000.png,6,Fibrosis
test,test/Atelectasis/00018657_010.png,0,Atelectasis
test,test/Atelectasis/00019271_043.png,0,Atelectasis
test,test/Nodule/00029617_001.png,9,Nodule
test,test/Pneumonia/00009863_058.png,10,Pneumonia
test,test/Edema/00011391_038.png,3,Edema
test,test/Nodule/00007670_046.png,9,Nodule
test,test/Consolidation/00000181_047.png,2,Consolidation
test,test/Edema/00012747_003.png,3,Edema
test,test/Cardiomegaly/00004534_000.png,1,Cardiomegaly
test,test/Edema/00015561_010.png,3,Edema
test,test/Mass/00016064_001.png,8,Mass
test,test/Cardiomegaly/00029808_006.png,1,Cardiomegaly
test,test/Cardiomegaly/00007043_000.png,1,Cardiomegaly
test,test/Infiltration/00022572_086.png,7,Infiltration
test,test/Pneumothorax/00025954_012.png,11,Pneumothorax
test,test/Nodule/00016607_023.png,9,Nodule
test,test/Emphysema/00000013_042.png,5,Emphysema
test,test/Mass/00006948_001.png,8,Mass
test,test/Pneumothorax/00019124_101.png,11,Pneumothorax
test,test/Effusion/00001248_002.png,4,Effusion
test,test/Consolidation/00023271_017.png,2,Consolidation
test,test/Atelectasis/00009218_022.png,0,Atelectasis
test,test/Pneumonia/00017641_003.png,10,Pneumonia
test,test/Infiltration/00006304_045.png,7,Infiltration
test,test/Edema/00020716_004.png,3,Edema
test,test/Pneumonia/00013615_024.png,10,Pneumonia
test,test/Nodule/00015799_000.png,9,Nodule
test,test/Cardiomegaly/00001373_001.png,1,Cardiomegaly
test,test/Pneumonia/00006997_000.png,10,Pneumonia
test,test/Pneumothorax/00003028_077.png,11,Pneumothorax
test,test/Effusion/00019892_018.png,4,Effusion
test,test/Infiltration/00022815_032.png,7,Infiltration
test,test/Nodule/00020274_021.png,9,Nodule
test,test/Fibrosis/00003460_002.png,6,Fibrosis
test,test/Pneumothorax/00023075_005.png,11,Pneumothorax
test,test/Emphysema/00013111_065.png,5,Emphysema
test,test/Fibrosis/00003460_000.png,6,Fibrosis
test,test/Nodule/00016291_050.png,9,Nodule
test,test/Mass/00001517_009.png,8,Mass
test,test/Atelectasis/00002551_000.png,0,Atelectasis
test,test/Emphysema/00009845_016.png,5,Emphysema
test,test/Edema/00017236_089.png,3,Edema
test,test/Atelectasis/00012741_012.png,0,Atelectasis
test,test/Mass/00008841_047.png,8,Mass
test,test/Effusion/00005066_029.png,4,Effusion
test,test/Cardiomegaly/00027797_000.png,1,Cardiomegaly
test,test/Effusion/00026098_016.png,4,Effusion
test,test/Pneumothorax/00010936_015.png,11,Pneumothorax
test,test/Consolidation/00010012_023.png,2,Consolidation
test,test/Edema/00015666_001.png,3,Edema
test,test/Mass/00022899_023.png,8,Mass
test,test/Effusion/00018284_004.png,4,Effusion
test,test/Infiltration/00021201_016.png,7,Infiltration
test,test/Atelectasis/00002066_012.png,0,Atelectasis
test,test/Cardiomegaly/00011136_012.png,1,Cardiomegaly
test,test/Pneumothorax/00011460_012.png,11,Pneumothorax
test,test/Infiltration/00008522_029.png,7,Infiltration
test,test/Infiltration/00030079_035.png,7,Infiltration
test,test/Fibrosis/00001170_049.png,6,Fibrosis
test,test/Mass/00023309_007.png,8,Mass
test,test/Pneumothorax/00009237_016.png,11,Pneumothorax
test,test/Pneumothorax/00002509_018.png,11,Pneumothorax
test,test/Mass/00016587_054.png,8,Mass
test,test/Atelectasis/00022815_072.png,0,Atelectasis
test,test/Cardiomegaly/00010381_000.png,1,Cardiomegaly
test,test/Effusion/00025252_081.png,4,Effusion
test,test/Cardiomegaly/00006481_005.png,1,Cardiomegaly
test,test/Nodule/00010959_006.png,9,Nodule
test,test/Fibrosis/00007498_000.png,6,Fibrosis
test,test/Pneumothorax/00018921_035.png,11,Pneumothorax
test,test/Emphysema/00026412_063.png,5,Emphysema
test,test/Pneumonia/00014492_005.png,10,Pneumonia
test,test/Infiltration/00012021_064.png,7,Infiltration
test,test/Atelectasis/00011814_019.png,0,Atelectasis
test,test/Edema/00018867_024.png,3,Edema
test,test/Pneumothorax/00012622_016.png,11,Pneumothorax
test,test/Effusion/00007668_007.png,4,Effusion
test,test/Nodule/00017747_027.png,9,Nodule
test,test/Nodule/00002424_001.png,9,Nodule
test,test/Fibrosis/00010125_000.png,6,Fibrosis
test,test/Pneumonia/00013625_069.png,10,Pneumonia
test,test/Cardiomegaly/00001373_013.png,1,Cardiomegaly
test,test/Emphysema/00007046_003.png,5,Emphysema
test,test/Consolidation/00013111_028.png,2,Consolidation
test,test/Emphysema/00018387_032.png,5,Emphysema
test,test/Cardiomegaly/00004533_002.png,1,Cardiomegaly
test,test/Fibrosis/00022415_002.png,6,Fibrosis
test,test/Atelectasis/00028924_001.png,0,Atelectasis
test,test/Emphysema/00015530_081.png,5,Emphysema
test,test/Fibrosis/00006416_004.png,6,Fibrosis
test,test/Edema/00027637_004.png,3,Edema
test,test/Emphysema/00009214_000.png,5,Emphysema
test,test/Pneumothorax/00026923_007.png,11,Pneumothorax
test,test/Pneumothorax/00015171_007.png,11,Pneumothorax
test,test/Fibrosis/00020603_005.png,6,Fibrosis
test,test/Nodule/00026287_008.png,9,Nodule
test,test/Mass/00013648_032.png,8,Mass
test,test/Atelectasis/00002350_017.png,0,Atelectasis
test,test/Effusion/00017138_028.png,4,Effusion
test,test/Consolidation/00020945_018.png,2,Consolidation
test,test/Pneumothorax/00001006_020.png,11,Pneumothorax
test,test/Fibrosis/00017405_006.png,6,Fibrosis
test,test/Effusion/00025769_006.png,4,Effusion
test,test/Mass/00007417_003.png,8,Mass
test,test/Fibrosis/00011214_001.png,6,Fibrosis
test,test/Pneumonia/00001437_019.png,10,Pneumonia
test,test/Pneumothorax/00025787_048.png,11,Pneumothorax
test,test/Atelectasis/00018419_000.png,0,Atelectasis
test,test/Consolidation/00014004_029.png,2,Consolidation
test,test/Consolidation/00013627_004.png,2,Consolidation
test,test/Pneumonia/00022877_014.png,10,Pneumonia
test,test/Edema/00013249_019.png,3,Edema
test,test/Mass/00018284_000.png,8,Mass
test,test/Pneumonia/00020945_020.png,10,Pneumonia
test,test/Pneumothorax/00021374_017.png,11,Pneumothorax
test,test/Edema/00026346_006.png,3,Edema
test,test/Emphysema/00010767_020.png,5,Emphysema
test,test/Effusion/00015895_019.png,4,Effusion
test,test/Emphysema/00019406_009.png,5,Emphysema
test,test/Emphysema/00017138_116.png,5,Emphysema
test,test/Fibrosis/00010120_027.png,6,Fibrosis
test,test/Infiltration/00003072_012.png,7,Infiltration
test,test/Nodule/00019124_102.png,9,Nodule
test,test/Cardiomegaly/00014022_084.png,1,Cardiomegaly
test,test/Fibrosis/00000468_037.png,6,Fibrosis
test,test/Cardiomegaly/00007735_031.png,1,Cardiomegaly
test,test/Cardiomegaly/00021443_000.png,1,Cardiomegaly
test,test/Effusion/00002395_005.png,4,Effusion
test,test/Pneumonia/00001247_011.png,10,Pneumonia
test,test/Consolidation/00005695_001.png,2,Consolidation
test,test/Effusion/00016732_022.png,4,Effusion
test,test/Emphysema/00019437_002.png,5,Emphysema
test,test/Atelectasis/00000865_006.png,0,Atelectasis
test,test/Pneumothorax/00021201_015.png,11,Pneumothorax
test,test/Consolidation/00020213_117.png,2,Consolidation
test,test/Infiltration/00016705_011.png,7,Infiltration
test,test/Emphysema/00028317_013.png,5,Emphysema
test,test/Fibrosis/00015056_001.png,6,Fibrosis
test,test/Pneumonia/00009863_059.png,10,Pneumonia
test,test/Mass/00026261_001.png,8,Mass
test,test/Effusion/00019766_024.png,4,Effusion
test,test/Emphysema/00018865_014.png,5,Emphysema
test,test/Cardiomegaly/00021845_005.png,1,Cardiomegaly
test,test/Nodule/00016291_051.png,9,Nodule
test,test/Mass/00022837_043.png,8,Mass
test,test/Effusion/00026911_006.png,4,Effusion
test,test/Effusion/00011831_021.png,4,Effusion
test,test/Consolidation/00023068_017.png,2,Consolidation
test,test/Infiltration/00028774_013.png,7,Infiltration
test,test/Nodule/00013673_004.png,9,Nodule
test,test/Pneumonia/00013993_046.png,10,Pneumonia
test,test/Nodule/00014149_037.png,9,Nodule
test,test/Fibrosis/00022787_000.png,6,Fibrosis
test,test/Cardiomegaly/00005066_008.png,1,Cardiomegaly
test,test/Nodule/00019124_089.png,9,Nodule
test,test/Infiltration/00013531_006.png,7,Infiltration
test,test/Edema/00021277_033.png,3,Edema
test,test/Edema/00012455_003.png,3,Edema
test,test/Mass/00007322_000.png,8,Mass
test,test/Emphysema/00006378_004.png,5,Emphysema
test,test/Emphysema/00015646_029.png,5,Emphysema
test,test/Edema/00017236_021.png,3,Edema
test,test/Consolidation/00028509_003.png,2,Consolidation
test,test/Nodule/00001673_001.png,9,Nodule
test,test/Effusion/00012376_003.png,4,Effusion
test,test/Edema/00004342_042.png,3,Edema
test,test/Edema/00015605_035.png,3,Edema
test,test/Effusion/00016009_045.png,4,Effusion
test,test/Consolidation/00012021_018.png,2,Consolidation
test,test/Emphysema/00015530_115.png,5,Emphysema
test,test/Consolidation/00021364_002.png,2,Consolidation
test,test/Consolidation/00006239_000.png,2,Consolidation
test,test/Effusion/00014253_049.png,4,Effusion
test,test/Edema/00025252_048.png,3,Edema
test,test/Pneumonia/00018319_000.png,10,Pneumonia
test,test/Atelectasis/00013209_003.png,0,Atelectasis
test,test/Consolidation/00028844_001.png,2,Consolidation
test,test/Fibrosis/00022280_001.png,6,Fibrosis
test,test/Nodule/00015070_001.png,9,Nodule
test,test/Emphysema/00014731_014.png,5,Emphysema
test,test/Nodule/00012364_047.png,9,Nodule
test,test/Infiltration/00013992_020.png,7,Infiltration
test,test/Nodule/00026911_005.png,9,Nodule
test,test/Consolidation/00029264_001.png,2,Consolidation
test,test/Infiltration/00010012_022.png,7,Infiltration
test,test/Consolidation/00015058_018.png,2,Consolidation
test,test/Atelectasis/00004822_011.png,0,Atelectasis
test,test/Consolidation/00022572_079.png,2,Consolidation
test,test/Mass/00026261_002.png,8,Mass
test,test/Effusion/00012576_009.png,4,Effusion
test,test/Pneumonia/00003528_043.png,10,Pneumonia
test,test/Fibrosis/00018898_006.png,6,Fibrosis
test,test/Mass/00016971_006.png,8,Mass
test,test/Pneumothorax/00018840_038.png,11,Pneumothorax
test,test/Infiltration/00004342_060.png,7,Infiltration
test,test/Nodule/00001836_045.png,9,Nodule
test,test/Pneumothorax/00021700_011.png,11,Pneumothorax
test,test/Consolidation/00009945_000.png,2,Consolidation
test,test/Cardiomegaly/00014706_006.png,1,Cardiomegaly
test,test/Fibrosis/00007914_008.png,6,Fibrosis
test,test/Cardiomegaly/00013062_002.png,1,Cardiomegaly
test,test/Effusion/00012622_032.png,4,Effusion
test,test/Emphysema/00019437_005.png,5,Emphysema
test,test/Pneumothorax/00005801_008.png,11,Pneumothorax
test,test/Effusion/00025252_001.png,4,Effusion
test,test/Fibrosis/00014022_067.png,6,Fibrosis
test,test/Cardiomegaly/00005090_000.png,1,Cardiomegaly
test,test/Mass/00007120_008.png,8,Mass
test,test/Edema/00027657_023.png,3,Edema
test,test/Pneumonia/00011973_015.png,10,Pneumonia
test,test/Edema/00013993_064.png,3,Edema
test,test/Effusion/00008841_045.png,4,Effusion
test,test/Pneumonia/00008727_009.png,10,Pneumonia
test,test/Nodule/00015649_004.png,9,Nodule
test,test/Cardiomegaly/00001373_009.png,1,Cardiomegaly
test,test/Emphysema/00015056_000.png,5,Emphysema
test,test/Mass/00009349_039.png,8,Mass
test,test/Effusion/00019924_011.png,4,Effusion
test,test/Pneumothorax/00018055_005.png,11,Pneumothorax
test,test/Consolidation/00018091_024.png,2,Consolidation
test,test/Pneumonia/00015605_051.png,10,Pneumonia
test,test/Nodule/00012973_024.png,9,Nodule
test,test/Atelectasis/00030674_000.png,0,Atelectasis
test,test/Fibrosis/00000324_007.png,6,Fibrosis
test,test/Mass/00011291_006.png,8,Mass
test,test/Cardiomegaly/00004381_001.png,1,Cardiomegaly
test,test/Pneumothorax/00016568_024.png,11,Pneumothorax
test,test/Fibrosis/00016933_000.png,6,Fibrosis
test,test/Atelectasis/00007886_018.png,0,Atelectasis
test,test/Pneumothorax/00007676_008.png,11,Pneumothorax
test,test/Pneumothorax/00025085_004.png,11,Pneumothorax
test,test/Nodule/00027652_009.png,9,Nodule
test,test/Infiltration/00012364_059.png,7,Infiltration
test,test/Infiltration/00006271_066.png,7,Infiltration
test,test/Pneumonia/00026389_002.png,10,Pneumonia
test,test/Pneumothorax/00002316_008.png,11,Pneumothorax
test,test/Mass/00028208_000.png,8,Mass
test,test/Cardiomegaly/00004534_005.png,1,Cardiomegaly
test,test/Edema/00008291_008.png,3,Edema
test,test/Mass/00008008_020.png,8,Mass
test,test/Effusion/00025252_014.png,4,Effusion
test,test/Nodule/00013951_004.png,9,Nodule
test,test/Infiltration/00021274_013.png,7,Infiltration
test,test/Pneumonia/00021201_036.png,10,Pneumonia
test,test/Nodule/00028640_001.png,9,Nodule
test,test/Nodule/00014663_004.png,9,Nodule
test,test/Emphysema/00018865_011.png,5,Emphysema
test,test/Pneumonia/00014022_102.png,10,Pneumonia
test,test/Effusion/00008399_008.png,4,Effusion
test,test/Nodule/00017544_002.png,9,Nodule
test,test/Edema/00016944_002.png,3,Edema
test,test/Atelectasis/00027657_018.png,0,Atelectasis
test,test/Effusion/00011702_078.png,4,Effusion
test,test/Cardiomegaly/00011463_000.png,1,Cardiomegaly
test,test/Atelectasis/00007886_020.png,0,Atelectasis
test,test/Pneumothorax/00027478_000.png,11,Pneumothorax
test,test/Pneumonia/00004893_070.png,10,Pneumonia
test,test/Fibrosis/00014022_096.png,6,Fibrosis
test,test/Cardiomegaly/00028526_009.png,1,Cardiomegaly
test,test/Fibrosis/00014022_017.png,6,Fibrosis
test,test/Edema/00012263_008.png,3,Edema
test,test/Effusion/00029596_021.png,4,Effusion
test,test/Atelectasis/00005567_020.png,0,Atelectasis
test,test/Atelectasis/00018721_001.png,0,Atelectasis
test,test/Infiltration/00020791_002.png,7,Infiltration
test,test/Fibrosis/00012350_000.png,6,Fibrosis
test,test/Consolidation/00016490_027.png,2,Consolidation
test,test/Consolidation/00020429_013.png,2,Consolidation
test,test/Emphysema/00020429_028.png,5,Emphysema
test,test/Cardiomegaly/00029391_000.png,1,Cardiomegaly
test,test/Consolidation/00011702_041.png,2,Consolidation
test,test/Fibrosis/00002101_000.png,6,Fibrosis
test,test/Atelectasis/00007886_019.png,0,Atelectasis
test,test/Mass/00026769_001.png,8,Mass
test,test/Effusion/00025664_033.png,4,Effusion
test,test/Pneumonia/00019275_001.png,10,Pneumonia
test,test/Nodule/00016403_001.png,9,Nodule
test,test/Nodule/00006096_006.png,9,Nodule
test,test/Cardiomegaly/00011023_003.png,1,Cardiomegaly
test,test/Pneumonia/00017236_075.png,10,Pneumonia
test,test/Emphysema/00027213_025.png,5,Emphysema
test,test/Infiltration/00010805_040.png,7,Infiltration
test,test/Infiltration/00014294_000.png,7,Infiltration
test,test/Atelectasis/00011391_014.png,0,Atelectasis
test,test/Emphysema/00005681_015.png,5,Emphysema
test,test/Pneumonia/00021860_003.png,10,Pneumonia
test,test/Edema/00015264_005.png,3,Edema
test,test/Emphysema/00002417_001.png,5,Emphysema
test,test/Mass/00014663_006.png,8,Mass
test,test/Effusion/00020751_003.png,4,Effusion
test,test/Effusion/00016987_017.png,4,Effusion
test,test/Fibrosis/00000461_000.png,6,Fibrosis
test,test/Nodule/00008008_000.png,9,Nodule
test,test/Fibrosis/00014022_101.png,6,Fibrosis
test,test/Mass/00020274_001.png,8,Mass
test,test/Nodule/00018921_073.png,9,Nodule
test,test/Edema/00015058_015.png,3,Edema
test,test/Consolidation/00017138_030.png,2,Consolidation
test,test/Infiltration/00022572_019.png,7,Infiltration
test,test/Consolidation/00014022_106.png,2,Consolidation
test,test/Effusion/00002763_018.png,4,Effusion
test,test/Cardiomegaly/00013520_021.png,1,Cardiomegaly
test,test/Infiltration/00002437_029.png,7,Infiltration
test,test/Pneumothorax/00029259_031.png,11,Pneumothorax
test,test/Pneumonia/00013272_005.png,10,Pneumonia
test,test/Mass/00008566_000.png,8,Mass
test,test/Pneumothorax/00003062_002.png,11,Pneumothorax
test,test/Atelectasis/00019742_000.png,0,Atelectasis
test,test/Edema/00010012_021.png,3,Edema
test,test/Effusion/00013993_053.png,4,Effusion
test,test/Emphysema/00017448_003.png,5,Emphysema
test,test/Effusion/00027726_060.png,4,Effusion
test,test/Consolidation/00013670_142.png,2,Consolidation
test,test/Cardiomegaly/00021481_004.png,1,Cardiomegaly
test,test/Effusion/00019924_027.png,4,Effusion
test,test/Nodule/00014663_000.png,9,Nodule
test,test/Edema/00027935_003.png,3,Edema
test,test/Fibrosis/00002650_000.png,6,Fibrosis
test,test/Pneumonia/00015018_003.png,10,Pneumonia
test,test/Consolidation/00002051_000.png,2,Consolidation
test,test/Pneumonia/00028457_010.png,10,Pneumonia
test,test/Infiltration/00016508_046.png,7,Infiltration
test,test/Pneumonia/00022815_066.png,10,Pneumonia
test,test/Fibrosis/00001836_075.png,6,Fibrosis
test,test/Pneumonia/00008397_016.png,10,Pneumonia
test,test/Cardiomegaly/00013627_005.png,1,Cardiomegaly
test,test/Edema/00012364_077.png,3,Edema
test,test/Pneumothorax/00004858_026.png,11,Pneumothorax
test,test/Atelectasis/00000468_028.png,0,Atelectasis
test,test/Edema/00016568_054.png,3,Edema
test,test/Infiltration/00018615_035.png,7,Infiltration
test,test/Fibrosis/00014022_070.png,6,Fibrosis
test,test/Pneumonia/00012834_085.png,10,Pneumonia
test,test/Atelectasis/00013615_001.png,0,Atelectasis
test,test/Cardiomegaly/00004344_013.png,1,Cardiomegaly
test,test/Pneumothorax/00018921_060.png,11,Pneumothorax
test,test/Mass/00028844_018.png,8,Mass
test,test/Edema/00017701_002.png,3,Edema
test,test/Cardiomegaly/00013249_001.png,1,Cardiomegaly
test,test/Pneumonia/00003064_026.png,10,Pneumonia
test,test/Pneumonia/00026753_004.png,10,Pneumonia
test,test/Cardiomegaly/00023093_009.png,1,Cardiomegaly
test,test/Fibrosis/00002395_036.png,6,Fibrosis
test,test/Infiltration/00001248_015.png,7,Infiltration
test,test/Effusion/00016987_005.png,4,Effusion
test,test/Atelectasis/00016490_019.png,0,Atelectasis
test,test/Fibrosis/00006496_000.png,6,Fibrosis
test,test/Edema/00022290_011.png,3,Edema
test,test/Atelectasis/00015072_002.png,0,Atelectasis
test,test/Atelectasis/00006851_019.png,0,Atelectasis
test,test/Consolidation/00006304_016.png,2,Consolidation
test,test/Nodule/00023162_027.png,9,Nodule
test,test/Cardiomegaly/00018187_029.png,1,Cardiomegaly
test,test/Edema/00001736_017.png,3,Edema
test,test/Pneumonia/00028924_005.png,10,Pneumonia
test,test/Infiltration/00010481_006.png,7,Infiltration
test,test/Nodule/00022815_039.png,9,Nodule
test,test/Infiltration/00008626_015.png,7,Infiltration
test,test/Cardiomegaly/00017511_011.png,1,Cardiomegaly
test,test/Effusion/00016987_010.png,4,Effusion
test,test/Emphysema/00029532_010.png,5,Emphysema
test,test/Cardiomegaly/00000211_043.png,1,Cardiomegaly
test,test/Pneumothorax/00026451_014.png,11,Pneumothorax
test,test/Pneumothorax/00015646_047.png,11,Pneumothorax
test,test/Emphysema/00008586_000.png,5,Emphysema
test,test/Mass/00011804_004.png,8,Mass
test,test/Atelectasis/00018657_011.png,0,Atelectasis
test,test/Cardiomegaly/00014706_024.png,1,Cardiomegaly
test,test/Nodule/00003669_002.png,9,Nodule
test,test/Pneumothorax/00025787_053.png,11,Pneumothorax
test,test/Nodule/00013062_000.png,9,Nodule
test,test/Cardiomegaly/00004533_012.png,1,Cardiomegaly
test,test/Effusion/00022416_055.png,4,Effusion
test,test/Fibrosis/00006329_002.png,6,Fibrosis
test,test/Atelectasis/00013615_019.png,0,Atelectasis
test,test/Emphysema/00030606_003.png,5,Emphysema
test,test/Edema/00027113_001.png,3,Edema
test,test/Pneumothorax/00016937_000.png,11,Pneumothorax
test,test/Fibrosis/00016699_000.png,6,Fibrosis
test,test/Emphysema/00027368_003.png,5,Emphysema
test,test/Pneumonia/00017714_019.png,10,Pneumonia
test,test/Pneumothorax/00028148_011.png,11,Pneumothorax
test,test/Pneumonia/00005567_017.png,10,Pneumonia
test,test/Infiltration/00014626_033.png,7,Infiltration
test,test/Effusion/00021222_004.png,4,Effusion
test,test/Effusion/00000583_000.png,4,Effusion
test,test/Mass/00015018_001.png,8,Mass
test,test/Consolidation/00026818_006.png,2,Consolidation
test,test/Effusion/00026562_005.png,4,Effusion
test,test/Pneumothorax/00019892_003.png,11,Pneumothorax
test,test/Pneumonia/00016184_037.png,10,Pneumonia
test,test/Cardiomegaly/00007551_018.png,1,Cardiomegaly
test,test/Cardiomegaly/00002435_005.png,1,Cardiomegaly
test,test/Infiltration/00006621_002.png,7,Infiltration
test,test/Consolidation/00003028_044.png,2,Consolidation
test,test/Effusion/00022899_021.png,4,Effusion
test,test/Pneumonia/00016705_003.png,10,Pneumonia
test,test/Emphysema/00027592_015.png,5,Emphysema
test,test/Nodule/00015070_005.png,9,Nodule
test,test/Edema/00006160_001.png,3,Edema
test,test/Emphysema/00004943_003.png,5,Emphysema
test,test/Pneumothorax/00010677_030.png,11,Pneumothorax
test,test/Cardiomegaly/00000661_000.png,1,Cardiomegaly
test,test/Mass/00019499_000.png,8,Mass
test,test/Emphysema/00016587_075.png,5,Emphysema
test,test/Mass/00018623_001.png,8,Mass
test,test/Pneumonia/00022192_038.png,10,Pneumonia
test,test/Cardiomegaly/00003483_000.png,1,Cardiomegaly
test,test/Fibrosis/00013192_005.png,6,Fibrosis
test,test/Fibrosis/00009239_002.png,6,Fibrosis
test,test/Pneumothorax/00029259_011.png,11,Pneumothorax
test,test/Emphysema/00008566_002.png,5,Emphysema
test,test/Mass/00010092_043.png,8,Mass
test,test/Mass/00016971_002.png,8,Mass
test,test/Pneumonia/00017138_068.png,10,Pneumonia
test,test/Effusion/00022416_026.png,4,Effusion
test,test/Pneumonia/00001582_021.png,10,Pneumonia
test,test/Mass/00001836_044.png,8,Mass
test,test/Infiltration/00004808_032.png,7,Infiltration
test,test/Edema/00015058_013.png,3,Edema
test,test/Consolidation/00017606_034.png,2,Consolidation
test,test/Consolidation/00002300_007.png,2,Consolidation
test,test/Emphysema/00026412_055.png,5,Emphysema
test,test/Cardiomegaly/00000032_021.png,1,Cardiomegaly
test,test/Consolidation/00004808_015.png,2,Consolidation
test,test/Nodule/00012156_000.png,9,Nodule
test,test/Pneumothorax/00029075_002.png,11,Pneumothorax
test,test/Effusion/00003028_018.png,4,Effusion
test,test/Pneumothorax/00011460_022.png,11,Pneumothorax
test,test/Atelectasis/00030439_007.png,0,Atelectasis
test,test/Atelectasis/00017606_002.png,0,Atelectasis
test,test/Edema/00016291_028.png,3,Edema
test,test/Mass/00023075_013.png,8,Mass
test,test/Effusion/00029843_005.png,4,Effusion
test,test/Pneumonia/00011514_015.png,10,Pneumonia
test,test/Infiltration/00013031_022.png,7,Infiltration
test,test/Pneumothorax/00005986_017.png,11,Pneumothorax
test,test/Atelectasis/00022706_000.png,0,Atelectasis
test,test/Cardiomegaly/00004533_009.png,1,Cardiomegaly
test,test/Effusion/00020113_003.png,4,Effusion
test,test/Emphysema/00000041_001.png,5,Emphysema
test,test/Pneumonia/00004344_002.png,10,Pneumonia
test,test/Atelectasis/00014197_014.png,0,Atelectasis
test,test/Infiltration/00011391_062.png,7,Infiltration
test,test/Pneumonia/00000583_045.png,10,Pneumonia
test,test/Pneumonia/00020945_021.png,10,Pneumonia
test,test/Atelectasis/00000506_023.png,0,Atelectasis
test,test/Infiltration/00020274_013.png,7,Infiltration
test,test/Mass/00029259_005.png,8,Mass
test,test/Effusion/00012592_001.png,4,Effusion
test,test/Mass/00011925_077.png,8,Mass
test,test/Fibrosis/00004822_018.png,6,Fibrosis
test,test/Effusion/00015895_025.png,4,Effusion
test,test/Pneumonia/00028873_017.png,10,Pneumonia
test,test/Fibrosis/00022415_003.png,6,Fibrosis
test,test/Pneumonia/00021710_002.png,10,Pneumonia
test,test/Cardiomegaly/00020349_000.png,1,Cardiomegaly
test,test/Mass/00022837_053.png,8,Mass
test,test/Mass/00009845_001.png,8,Mass
test,test/Emphysema/00009845_026.png,5,Emphysema
test,test/Consolidation/00020482_047.png,2,Consolidation
test,test/Infiltration/00018187_063.png,7,Infiltration
test,test/Pneumothorax/00026392_006.png,11,Pneumothorax
test,test/Consolidation/00007322_005.png,2,Consolidation
test,test/Pneumothorax/00025368_031.png,11,Pneumothorax
test,test/Effusion/00020113_010.png,4,Effusion
test,test/Cardiomegaly/00004893_084.png,1,Cardiomegaly
test,test/Fibrosis/00005609_025.png,6,Fibrosis
test,test/Atelectasis/00014688_007.png,0,Atelectasis
test,test/Atelectasis/00006134_005.png,0,Atelectasis
test,test/Infiltration/00013310_025.png,7,Infiltration
test,test/Mass/00012376_006.png,8,Mass
test,test/Nodule/00018249_000.png,9,Nodule
test,test/Consolidation/00013670_104.png,2,Consolidation
test,test/Nodule/00030413_000.png,9,Nodule
test,test/Consolidation/00012834_051.png,2,Consolidation
test,test/Edema/00017138_004.png,3,Edema
test,test/Emphysema/00012091_000.png,5,Emphysema
test,test/Nodule/00014663_049.png,9,Nodule
test,test/Atelectasis/00018860_025.png,0,Atelectasis
test,test/Atelectasis/00011973_018.png,0,Atelectasis
test,test/Pneumothorax/00017137_008.png,11,Pneumothorax
test,test/Consolidation/00010828_034.png,2,Consolidation
test,test/Infiltration/00023309_024.png,7,Infiltration
test,test/Fibrosis/00012622_034.png,6,Fibrosis
test,test/Mass/00011831_000.png,8,Mass
test,test/Consolidation/00026132_023.png,2,Consolidation
test,test/Mass/00026769_003.png,8,Mass
test,test/Pneumothorax/00021374_015.png,11,Pneumothorax
test,test/Cardiomegaly/00016606_000.png,1,Cardiomegaly
test,test/Emphysema/00016587_076.png,5,Emphysema
test,test/Infiltration/00025612_006.png,7,Infiltration
test,test/Atelectasis/00013615_046.png,0,Atelectasis
test,test/Cardiomegaly/00006481_032.png,1,Cardiomegaly
test,test/Effusion/00013285_022.png,4,Effusion
test,test/Edema/00013670_060.png,3,Edema
test,test/Mass/00027833_009.png,8,Mass
test,test/Fibrosis/00002763_002.png,6,Fibrosis
test,test/Emphysema/00016508_053.png,5,Emphysema
test,test/Edema/00002224_003.png,3,Edema
test,test/Infiltration/00017504_015.png,7,Infiltration
test,test/Atelectasis/00018721_016.png,0,Atelectasis
test,test/Pneumonia/00022192_032.png,10,Pneumonia
test,test/Infiltration/00014969_005.png,7,Infiltration
test,test/Edema/00019208_006.png,3,Edema
test,test/Effusion/00004858_062.png,4,Effusion
test,test/Mass/00014888_017.png,8,Mass
test,test/Fibrosis/00000997_003.png,6,Fibrosis
test,test/Mass/00013991_002.png,8,Mass
test,test/Consolidation/00029502_001.png,2,Consolidation
test,test/Consolidation/00027657_006.png,2,Consolidation
test,test/Effusion/00015732_053.png,4,Effusion
test,test/Infiltration/00015442_023.png,7,Infiltration
test,test/Cardiomegaly/00007551_021.png,1,Cardiomegaly
test,test/Effusion/00020213_113.png,4,Effusion
test,test/Pneumonia/00017405_013.png,10,Pneumonia
test,test/Nodule/00009507_000.png,9,Nodule
test,test/Effusion/00000398_001.png,4,Effusion
test,test/Consolidation/00006271_023.png,2,Consolidation
test,test/Edema/00007018_032.png,3,Edema
test,test/Infiltration/00013993_066.png,7,Infiltration
test,test/Fibrosis/00006717_006.png,6,Fibrosis
test,test/Effusion/00002763_019.png,4,Effusion
test,test/Emphysema/00016270_003.png,5,Emphysema
test,test/Atelectasis/00022416_082.png,0,Atelectasis
test,test/Edema/00013377_019.png,3,Edema
test,test/Nodule/00015831_005.png,9,Nodule
test,test/Pneumothorax/00021374_022.png,11,Pneumothorax
test,test/Mass/00018091_027.png,8,Mass
test,test/Mass/00008295_042.png,8,Mass
test,test/Consolidation/00010007_147.png,2,Consolidation
test,test/Nodule/00023033_003.png,9,Nodule
test,test/Consolidation/00030079_032.png,2,Consolidation
test,test/Nodule/00022993_026.png,9,Nodule
test,test/Fibrosis/00021352_000.png,6,Fibrosis
test,test/Infiltration/00027935_008.png,7,Infiltration
test,test/Effusion/00018284_003.png,4,Effusion
test,test/Fibrosis/00013884_003.png,6,Fibrosis
test,test/Atelectasis/00020819_007.png,0,Atelectasis
test,test/Consolidation/00013670_078.png,2,Consolidation
test,test/Fibrosis/00004991_003.png,6,Fibrosis
test,test/Pneumothorax/00017972_034.png,11,Pneumothorax
test,test/Pneumonia/00011391_006.png,10,Pneumonia
test,test/Effusion/00026196_000.png,4,Effusion
test,test/Atelectasis/00001736_002.png,0,Atelectasis
test,test/Mass/00016971_004.png,8,Mass
test,test/Emphysema/00023075_018.png,5,Emphysema
test,test/Fibrosis/00002395_021.png,6,Fibrosis
test,test/Mass/00014822_025.png,8,Mass
test,test/Infiltration/00013261_013.png,7,Infiltration
test,test/Infiltration/00010478_004.png,7,Infiltration
test,test/Nodule/00008727_023.png,9,Nodule
test,test/Pneumonia/00016705_002.png,10,Pneumonia
test,test/Nodule/00030206_007.png,9,Nodule
test,test/Cardiomegaly/00001075_045.png,1,Cardiomegaly
test,test/Mass/00014798_000.png,8,Mass
test,test/Infiltration/00012834_083.png,7,Infiltration
test,test/Mass/00001900_015.png,8,Mass
test,test/Nodule/00028265_000.png,9,Nodule
test,test/Atelectasis/00010828_033.png,0,Atelectasis
test,test/Atelectasis/00020408_041.png,0,Atelectasis
test,test/Atelectasis/00005066_021.png,0,Atelectasis
test,test/Emphysema/00001555_000.png,5,Emphysema
test,test/Nodule/00019124_087.png,9,Nodule
test,test/Consolidation/00001373_004.png,2,Consolidation
test,test/Nodule/00006964_005.png,9,Nodule
test,test/Edema/00011985_008.png,3,Edema
test,test/Pneumothorax/00030606_014.png,11,Pneumothorax
test,test/Mass/00001836_006.png,8,Mass
test,test/Mass/00000618_001.png,8,Mass
test,test/Mass/00004808_080.png,8,Mass
test,test/Fibrosis/00023696_007.png,6,Fibrosis
test,test/Fibrosis/00001140_004.png,6,Fibrosis
test,test/Pneumothorax/00011460_008.png,11,Pneumothorax
test,test/Atelectasis/00010380_001.png,0,Atelectasis
test,test/Atelectasis/00015262_007.png,0,Atelectasis
test,test/Nodule/00013951_003.png,9,Nodule
test,test/Effusion/00028454_013.png,4,Effusion
test,test/Atelectasis/00027726_042.png,0,Atelectasis
test,test/Fibrosis/00014022_097.png,6,Fibrosis
test,test/Consolidation/00010007_182.png,2,Consolidation
test,test/Atelectasis/00028974_018.png,0,Atelectasis
test,test/Edema/00012364_050.png,3,Edema
test,test/Emphysema/00017504_055.png,5,Emphysema
test,test/Cardiomegaly/00005066_002.png,1,Cardiomegaly
test,test/Nodule/00028689_001.png,9,Nodule
test,test/Effusion/00017036_021.png,4,Effusion
test,test/Edema/00018091_014.png,3,Edema
test,test/Pneumothorax/00015530_137.png,11,Pneumothorax
test,test/Pneumonia/00000218_001.png,10,Pneumonia
test,test/Emphysema/00028876_005.png,5,Emphysema
test,test/Infiltration/00030079_010.png,7,Infiltration
test,test/Atelectasis/00007034_002.png,0,Atelectasis
test,test/Cardiomegaly/00001373_022.png,1,Cardiomegaly
test,test/Effusion/00005089_035.png,4,Effusion
test,test/Pneumothorax/00018366_037.png,11,Pneumothorax
test,test/Infiltration/00021862_002.png,7,Infiltration
test,test/Pneumonia/00019275_002.png,10,Pneumonia
test,test/Fibrosis/00015056_003.png,6,Fibrosis
test,test/Consolidation/00025520_001.png,2,Consolidation
test,test/Pneumothorax/00002290_003.png,11,Pneumothorax
test,test/Cardiomegaly/00013249_009.png,1,Cardiomegaly
test,test/Edema/00016293_004.png,3,Edema
test,test/Atelectasis/00014839_032.png,0,Atelectasis
test,test/Fibrosis/00004822_033.png,6,Fibrosis
test,test/Fibrosis/00000218_005.png,6,Fibrosis
test,test/Nodule/00015831_003.png,9,Nodule
test,test/Emphysema/00015646_000.png,5,Emphysema
test,test/Pneumonia/00012094_011.png,10,Pneumonia
test,test/Edema/00015264_003.png,3,Edema
test,test/Infiltration/00001736_020.png,7,Infiltration
test,test/Infiltration/00015799_030.png,7,Infiltration
test,test/Edema/00012364_005.png,3,Edema
test,test/Pneumonia/00015442_001.png,10,Pneumonia
test,test/Infiltration/00027093_006.png,7,Infiltration
test,test/Consolidation/00010012_014.png,2,Consolidation
test,test/Nodule/00020393_006.png,9,Nodule
test,test/Mass/00029481_006.png,8,Mass
test,test/Atelectasis/00009138_017.png,0,Atelectasis
test,test/Edema/00021277_034.png,3,Edema
test,test/Fibrosis/00004893_029.png,6,Fibrosis
test,test/Consolidation/00004808_045.png,2,Consolidation
test,test/Nodule/00008008_021.png,9,Nodule
test,test/Cardiomegaly/00000377_000.png,1,Cardiomegaly
test,test/Emphysema/00027838_016.png,5,Emphysema
test,test/Nodule/00012291_005.png,9,Nodule
test,test/Fibrosis/00001836_065.png,6,Fibrosis
test,test/Mass/00017243_005.png,8,Mass
test,test/Atelectasis/00002350_009.png,0,Atelectasis
test,test/Edema/00019508_005.png,3,Edema
test,test/Pneumothorax/00019124_091.png,11,Pneumothorax
test,test/Effusion/00009917_005.png,4,Effusion
test,test/Mass/00013977_004.png,8,Mass
test,test/Effusion/00028774_015.png,4,Effusion
test,test/Atelectasis/00023696_001.png,0,Atelectasis
test,test/Pneumonia/00018319_001.png,10,Pneumonia
test,test/Consolidation/00006329_005.png,2,Consolidation
test,test/Infiltration/00019924_018.png,7,Infiltration
test,test/Nodule/00012261_000.png,9,Nodule
test,test/Consolidation/00013111_032.png,2,Consolidation
test,test/Consolidation/00016607_015.png,2,Consolidation
test,test/Pneumonia/00013992_005.png,10,Pneumonia
test,test/Fibrosis/00010563_006.png,6,Fibrosis
test,test/Nodule/00018233_031.png,9,Nodule
test,test/Nodule/00023026_001.png,9,Nodule
test,test/Pneumonia/00029481_004.png,10,Pneumonia
test,test/Emphysema/00012094_051.png,5,Emphysema
test,test/Emphysema/00015530_083.png,5,Emphysema
test,test/Mass/00014398_005.png,8,Mass
test,test/Nodule/00023162_003.png,9,Nodule
test,test/Emphysema/00012087_020.png,5,Emphysema
test,test/Fibrosis/00016719_011.png,6,Fibrosis
test,test/Nodule/00018705_005.png,9,Nodule
test,test/Edema/00015100_006.png,3,Edema
test,test/Edema/00028689_002.png,3,Edema
test,test/Emphysema/00015530_045.png,5,Emphysema
test,test/Nodule/00023310_000.png,9,Nodule
test,test/Pneumothorax/00011460_020.png,11,Pneumothorax
test,test/Edema/00012878_001.png,3,Edema
test,test/Pneumonia/00003973_007.png,10,Pneumonia
test,test/Emphysema/00000246_006.png,5,Emphysema
test,test/Consolidation/00030079_015.png,2,Consolidation
test,test/Infiltration/00000324_000.png,7,Infiltration
test,test/Cardiomegaly/00007551_020.png,1,Cardiomegaly
test,test/Pneumonia/00007444_003.png,10,Pneumonia
test,test/Edema/00027782_002.png,3,Edema
test,test/Edema/00014839_026.png,3,Edema
test,test/Cardiomegaly/00007735_037.png,1,Cardiomegaly
test,test/Edema/00007018_053.png,3,Edema
test,test/Fibrosis/00025210_001.png,6,Fibrosis
test,test/Consolidation/00015770_035.png,2,Consolidation
test,test/Effusion/00028844_030.png,4,Effusion
test,test/Effusion/00026538_014.png,4,Effusion
test,test/Edema/00006271_012.png,3,Edema
test,test/Mass/00011925_069.png,8,Mass
test,test/Effusion/00002395_030.png,4,Effusion
test,test/Pneumothorax/00018921_004.png,11,Pneumothorax
test,test/Cardiomegaly/00004533_011.png,1,Cardiomegaly
test,test/Fibrosis/00009166_007.png,6,Fibrosis
test,test/Consolidation/00022815_001.png,2,Consolidation
test,test/Atelectasis/00030692_000.png,0,Atelectasis
test,test/Cardiomegaly/00015732_032.png,1,Cardiomegaly
test,test/Mass/00013051_001.png,8,Mass
test,test/Consolidation/00010828_032.png,2,Consolidation
test,test/Cardiomegaly/00006808_003.png,1,Cardiomegaly
test,test/Consolidation/00003028_043.png,2,Consolidation
test,test/Nodule/00006586_000.png,9,Nodule
test,test/Pneumothorax/00005681_040.png,11,Pneumothorax
test,test/Edema/00011391_048.png,3,Edema
test,test/Infiltration/00028526_000.png,7,Infiltration
test,test/Infiltration/00029039_003.png,7,Infiltration
test,test/Pneumonia/00015442_000.png,10,Pneumonia
test,test/Fibrosis/00011953_000.png,6,Fibrosis
test,test/Fibrosis/00021024_012.png,6,Fibrosis
test,test/Edema/00014058_002.png,3,Edema
test,test/Atelectasis/00021303_003.png,0,Atelectasis
test,test/Pneumothorax/00011460_037.png,11,Pneumothorax
test,test/Pneumonia/00021201_037.png,10,Pneumonia
test,test/Infiltration/00009608_044.png,7,Infiltration
test,test/Cardiomegaly/00000032_029.png,1,Cardiomegaly
test,test/Pneumothorax/00018366_015.png,11,Pneumothorax
test,test/Edema/00012386_004.png,3,Edema
test,test/Cardiomegaly/00000845_000.png,1,Cardiomegaly
test,test/Pneumothorax/00007670_003.png,11,Pneumothorax
test,test/Edema/00013531_028.png,3,Edema
test,test/Infiltration/00002763_024.png,7,Infiltration
test,test/Atelectasis/00013112_009.png,0,Atelectasis
test,test/Emphysema/00016429_019.png,5,Emphysema
test,test/Nodule/00025787_014.png,9,Nodule
test,test/Effusion/00011237_058.png,4,Effusion
test,test/Cardiomegaly/00014706_019.png,1,Cardiomegaly
test,test/Cardiomegaly/00015770_010.png,1,Cardiomegaly
test,test/Atelectasis/00012045_011.png,0,Atelectasis
test,test/Atelectasis/00021972_018.png,0,Atelectasis
test,test/Pneumonia/00013615_004.png,10,Pneumonia
test,test/Consolidation/00029088_010.png,2,Consolidation
test,test/Cardiomegaly/00000032_056.png,1,Cardiomegaly
test,test/Cardiomegaly/00016564_001.png,1,Cardiomegaly
test,test/Infiltration/00005986_007.png,7,Infiltration
test,test/Consolidation/00011237_103.png,2,Consolidation
test,test/Mass/00008566_001.png,8,Mass
test,test/Fibrosis/00007034_023.png,6,Fibrosis
test,test/Pneumothorax/00021782_028.png,11,Pneumothorax
test,test/Edema/00018187_068.png,3,Edema
test,test/Edema/00010012_005.png,3,Edema
test,test/Pneumonia/00001946_024.png,10,Pneumonia
test,test/Mass/00014675_001.png,8,Mass
test,test/Cardiomegaly/00004630_001.png,1,Cardiomegaly
test,test/Pneumonia/00016291_015.png,10,Pneumonia
test,test/Cardiomegaly/00012793_000.png,1,Cardiomegaly
test,test/Consolidation/00029943_031.png,2,Consolidation
test,test/Consolidation/00018101_008.png,2,Consolidation
test,test/Emphysema/00000013_041.png,5,Emphysema
test,test/Emphysema/00030260_010.png,5,Emphysema
test,test/Infiltration/00018840_032.png,7,Infiltration
test,test/Mass/00028844_019.png,8,Mass
test,test/Infiltration/00001006_002.png,7,Infiltration
test,test/Fibrosis/00018203_000.png,6,Fibrosis
test,test/Effusion/00026538_003.png,4,Effusion
test,test/Pneumonia/00012094_009.png,10,Pneumonia
test,test/Pneumothorax/00018921_003.png,11,Pneumothorax
test,test/Mass/00013461_008.png,8,Mass
test,test/Infiltration/00004526_003.png,7,Infiltration
test,test/Infiltration/00008522_021.png,7,Infiltration
test,test/Effusion/00029596_019.png,4,Effusion
test,test/Atelectasis/00010481_023.png,0,Atelectasis
test,test/Atelectasis/00006851_017.png,0,Atelectasis
test,test/Cardiomegaly/00007651_000.png,1,Cardiomegaly
test,test/Emphysema/00026412_047.png,5,Emphysema
test,test/Edema/00011973_002.png,3,Edema
test,test/Edema/00012263_010.png,3,Edema
test,test/Pneumonia/00020482_029.png,10,Pneumonia
test,test/Fibrosis/00016094_021.png,6,Fibrosis
test,test/Effusion/00021481_015.png,4,Effusion
test,test/Fibrosis/00013283_001.png,6,Fibrosis
test,test/Consolidation/00020213_057.png,2,Consolidation
test,test/Pneumonia/00011702_043.png,10,Pneumonia
test,test/Consolidation/00022416_030.png,2,Consolidation
test,test/Emphysema/00018865_022.png,5,Emphysema
test,test/Cardiomegaly/00018187_027.png,1,Cardiomegaly
test,test/Mass/00027833_008.png,8,Mass
test,test/Effusion/00009934_001.png,4,Effusion
test,test/Pneumonia/00001582_019.png,10,Pneumonia
test,test/Emphysema/00015171_003.png,5,Emphysema
test,test/Pneumonia/00006717_007.png,10,Pneumonia
test,test/Pneumothorax/00022141_024.png,11,Pneumothorax
test,test/Fibrosis/00020065_013.png,6,Fibrosis
test,test/Consolidation/00022141_007.png,2,Consolidation
test,test/Mass/00018253_020.png,8,Mass
test,test/Atelectasis/00023176_015.png,0,Atelectasis
test,test/Consolidation/00000032_016.png,2,Consolidation
test,test/Effusion/00016987_012.png,4,Effusion
test,test/Nodule/00017747_016.png,9,Nodule
test,test/Emphysema/00017504_044.png,5,Emphysema
test,test/Fibrosis/00003008_000.png,6,Fibrosis
test,test/Mass/00004858_041.png,8,Mass
test,test/Edema/00018867_016.png,3,Edema
test,test/Cardiomegaly/00021663_006.png,1,Cardiomegaly
test,test/Mass/00017747_051.png,8,Mass
test,test/Fibrosis/00019406_002.png,6,Fibrosis
test,test/Pneumonia/00020845_002.png,10,Pneumonia
test,test/Atelectasis/00003072_008.png,0,Atelectasis
test,test/Emphysema/00014346_003.png,5,Emphysema
test,test/Effusion/00027726_048.png,4,Effusion
test,test/Infiltration/00014197_004.png,7,Infiltration
test,test/Effusion/00029813_022.png,4,Effusion
test,test/Emphysema/00003945_003.png,5,Emphysema
test,test/Pneumonia/00004893_027.png,10,Pneumonia
test,test/Pneumonia/00020405_030.png,10,Pneumonia
test,test/Infiltration/00004808_061.png,7,Infiltration
test,test/Cardiomegaly/00004344_038.png,1,Cardiomegaly
test,test/Cardiomegaly/00029906_000.png,1,Cardiomegaly
test,test/Consolidation/00018860_010.png,2,Consolidation
test,test/Pneumothorax/00013471_013.png,11,Pneumothorax
test,test/Atelectasis/00000865_011.png,0,Atelectasis
test,test/Pneumothorax/00023065_032.png,11,Pneumothorax
test,test/Fibrosis/00026745_000.png,6,Fibrosis
test,test/Edema/00007018_048.png,3,Edema
test,test/Effusion/00011702_077.png,4,Effusion
test,test/Effusion/00012834_001.png,4,Effusion
test,test/Edema/00029460_002.png,3,Edema
test,test/Emphysema/00014839_012.png,5,Emphysema
test,test/Edema/00015605_044.png,3,Edema
test,test/Pneumonia/00009229_003.png,10,Pneumonia
test,test/Emphysema/00029431_003.png,5,Emphysema
test,test/Nodule/00012045_001.png,9,Nodule
test,test/Fibrosis/00014058_013.png,6,Fibrosis
test,test/Edema/00012386_005.png,3,Edema
test,test/Fibrosis/00002101_003.png,6,Fibrosis
test,test/Nodule/00019124_082.png,9,Nodule
test,test/Pneumonia/00013615_053.png,10,Pneumonia
test,test/Mass/00001075_024.png,8,Mass
test,test/Emphysema/00007750_013.png,5,Emphysema
test,test/Atelectasis/00004858_043.png,0,Atelectasis
test,test/Edema/00016607_020.png,3,Edema
test,test/Emphysema/00008911_031.png,5,Emphysema
test,test/Edema/00022815_029.png,3,Edema
test,test/Atelectasis/00009342_003.png,0,Atelectasis
test,test/Pneumothorax/00014083_023.png,11,Pneumothorax
test,test/Nodule/00017199_007.png,9,Nodule
test,test/Nodule/00004943_002.png,9,Nodule
test,test/Consolidation/00017641_007.png,2,Consolidation
test,test/Infiltration/00018427_001.png,7,Infiltration
test,test/Infiltration/00030573_020.png,7,Infiltration
test,test/Fibrosis/00014022_098.png,6,Fibrosis
test,test/Mass/00011804_019.png,8,Mass
test,test/Consolidation/00014688_003.png,2,Consolidation
test,test/Edema/00018867_025.png,3,Edema
test,test/Emphysema/00016270_007.png,5,Emphysema
test,test/Atelectasis/00006851_020.png,0,Atelectasis
test,test/Atelectasis/00026451_040.png,0,Atelectasis
test,test/Edema/00013128_010.png,3,Edema
test,test/Atelectasis/00019265_010.png,0,Atelectasis
test,test/Infiltration/00017138_051.png,7,Infiltration
test,test/Edema/00023271_015.png,3,Edema
test,test/Infiltration/00004342_026.png,7,Infiltration
test,test/Infiltration/00023058_002.png,7,Infiltration
test,test/Atelectasis/00009349_008.png,0,Atelectasis
test,test/Nodule/00028876_020.png,9,Nodule
test,test/Mass/00023309_011.png,8,Mass
test,test/Infiltration/00026562_001.png,7,Infiltration
test,test/Consolidation/00019750_018.png,2,Consolidation
test,test/Cardiomegaly/00004893_075.png,1,Cardiomegaly
test,test/Cardiomegaly/00010007_165.png,1,Cardiomegaly
test,test/Emphysema/00029813_029.png,5,Emphysema
test,test/Infiltration/00017138_098.png,7,Infiltration
test,test/Infiltration/00022416_046.png,7,Infiltration
test,test/Atelectasis/00021321_004.png,0,Atelectasis
test,test/Mass/00019373_031.png,8,Mass
test,test/Emphysema/00029918_002.png,5,Emphysema
test,test/Atelectasis/00015018_012.png,0,Atelectasis
test,test/Pneumothorax/00013209_017.png,11,Pneumothorax
test,test/Infiltration/00006271_021.png,7,Infiltration
test,test/Pneumothorax/00026221_003.png,11,Pneumothorax
test,test/Nodule/00025368_001.png,9,Nodule
test,test/Cardiomegaly/00026087_000.png,1,Cardiomegaly
test,test/Edema/00019208_003.png,3,Edema
test,test/Effusion/00021222_002.png,4,Effusion
test,test/Cardiomegaly/00005066_007.png,1,Cardiomegaly
test,test/Effusion/00026538_010.png,4,Effusion
test,test/Consolidation/00019924_038.png,2,Consolidation
test,test/Fibrosis/00000733_002.png,6,Fibrosis
test,test/Effusion/00028844_011.png,4,Effusion
test,test/Edema/00014675_005.png,3,Edema
test,test/Fibrosis/00000733_003.png,6,Fibrosis
test,test/Fibrosis/00002763_001.png,6,Fibrosis
test,test/Infiltration/00014626_040.png,7,Infiltration
test,test/Infiltration/00011391_008.png,7,Infiltration
test,test/Mass/00020146_001.png,8,Mass
test,test/Pneumothorax/00007676_014.png,11,Pneumothorax
test,test/Atelectasis/00013807_012.png,0,Atelectasis
test,test/Pneumonia/00019750_031.png,10,Pneumonia
test,test/Consolidation/00015770_036.png,2,Consolidation
test,test/Atelectasis/00023068_008.png,0,Atelectasis
test,test/Cardiomegaly/00000032_053.png,1,Cardiomegaly
test,test/Edema/00023310_006.png,3,Edema
test,test/Pneumothorax/00009845_009.png,11,Pneumothorax
test,test/Mass/00022837_002.png,8,Mass
test,test/Nodule/00008626_024.png,9,Nodule
test,test/Nodule/00012592_005.png,9,Nodule
test,test/Infiltration/00007034_069.png,7,Infiltration
test,test/Effusion/00007120_012.png,4,Effusion
test,test/Infiltration/00006271_019.png,7,Infiltration
test,test/Pneumothorax/00028148_008.png,11,Pneumothorax
test,test/Nodule/00017747_034.png,9,Nodule
test,test/Emphysema/00002051_003.png,5,Emphysema
test,test/Emphysema/00016270_013.png,5,Emphysema
test,test/Pneumothorax/00025954_025.png,11,Pneumothorax
test,test/Cardiomegaly/00004893_025.png,1,Cardiomegaly
test,test/Fibrosis/00002877_002.png,6,Fibrosis
test,test/Nodule/00012374_001.png,9,Nodule
test,test/Fibrosis/00008407_000.png,6,Fibrosis
test,test/Emphysema/00011355_002.png,5,Emphysema
test,test/Pneumothorax/00025954_033.png,11,Pneumothorax
test,test/Emphysema/00017611_003.png,5,Emphysema
test,test/Nodule/00011832_000.png,9,Nodule
test,test/Effusion/00006271_000.png,4,Effusion
test,test/Edema/00019157_006.png,3,Edema
test,test/Nodule/00029481_008.png,9,Nodule
test,test/Infiltration/00020482_006.png,7,Infiltration
test,test/Nodule/00013670_046.png,9,Nodule
test,test/Mass/00017178_001.png,8,Mass
test,test/Mass/00014358_008.png,8,Mass
test,test/Mass/00008924_000.png,8,Mass
test,test/Mass/00013911_023.png,8,Mass
test,test/Atelectasis/00028321_001.png,0,Atelectasis
test,test/Mass/00008397_006.png,8,Mass
test,test/Emphysema/00015530_046.png,5,Emphysema
test,test/Infiltration/00011391_012.png,7,Infiltration
test,test/Pneumothorax/00015646_057.png,11,Pneumothorax
test,test/Pneumothorax/00016429_007.png,11,Pneumothorax
test,test/Infiltration/00016972_027.png,7,Infiltration
test,test/Atelectasis/00013615_045.png,0,Atelectasis
test,test/Atelectasis/00005089_002.png,0,Atelectasis
test,test/Nodule/00014116_008.png,9,Nodule
test,test/Consolidation/00021277_029.png,2,Consolidation
test,test/Mass/00001900_014.png,8,Mass
test,test/Edema/00015605_032.png,3,Edema
test,test/Cardiomegaly/00014706_025.png,1,Cardiomegaly
test,test/Pneumothorax/00011355_023.png,11,Pneumothorax
test,test/Consolidation/00029663_003.png,2,Consolidation
test,test/Pneumonia/00016972_005.png,10,Pneumonia
test,test/Emphysema/00029259_017.png,5,Emphysema
test,test/Pneumothorax/00014525_013.png,11,Pneumothorax
test,test/Consolidation/00006329_004.png,2,Consolidation
test,test/Mass/00018203_002.png,8,Mass
test,test/Mass/00019124_079.png,8,Mass
test,test/Atelectasis/00023068_051.png,0,Atelectasis
test,test/Pneumothorax/00026412_061.png,11,Pneumothorax
test,test/Consolidation/00013993_014.png,2,Consolidation
test,test/Infiltration/00017318_015.png,7,Infiltration
test,test/Fibrosis/00005612_009.png,6,Fibrosis
test,test/Consolidation/00015605_026.png,2,Consolidation
test,test/Cardiomegaly/00025845_000.png,1,Cardiomegaly
test,test/Consolidation/00007735_022.png,2,Consolidation
test,test/Edema/00018867_027.png,3,Edema
test,test/Fibrosis/00002722_002.png,6,Fibrosis
test,test/Infiltration/00010610_001.png,7,Infiltration
test,test/Cardiomegaly/00002435_000.png,1,Cardiomegaly
test,test/Mass/00027464_000.png,8,Mass
test,test/Infiltration/00018233_037.png,7,Infiltration
test,test/Nodule/00012156_005.png,9,Nodule
test,test/Mass/00015895_011.png,8,Mass
test,test/Infiltration/00015605_001.png,7,Infiltration
test,test/Edema/00011985_005.png,3,Edema
test,test/Consolidation/00010007_130.png,2,Consolidation
test,test/Atelectasis/00027758_002.png,0,Atelectasis
test,test/Pneumothorax/00003400_004.png,11,Pneumothorax
test,test/Emphysema/00010815_015.png,5,Emphysema
test,test/Atelectasis/00030079_043.png,0,Atelectasis
test,test/Fibrosis/00011683_023.png,6,Fibrosis
test,test/Emphysema/00027357_001.png,5,Emphysema
test,test/Mass/00009608_038.png,8,Mass
test,test/Effusion/00010871_011.png,4,Effusion
test,test/Consolidation/00020213_026.png,2,Consolidation
test,test/Nodule/00026285_000.png,9,Nodule
