split,relative_path,label,class_name
train,train/Cardiomegaly/00016034_002.png,1,Cardiomegaly
train,train/Atelectasis/00017999_004.png,0,Atelectasis
train,train/Consolidation/00012266_000.png,2,Consolidation
train,train/Cardiomegaly/00009883_000.png,1,Cardiomegaly
train,train/Edema/00016399_019.png,3,Edema
train,train/Effusion/00013613_009.png,4,Effusion
train,train/Pneumonia/00019169_001.png,10,Pneumonia
train,train/Consolidation/00010199_001.png,2,Consolidation
train,train/Infiltration/00013986_004.png,7,Infiltration
train,train/Fibrosis/00002517_000.png,6,Fibrosis
train,train/Edema/00013002_011.png,3,Edema
train,train/Fibrosis/00011971_001.png,6,Fibrosis
train,train/Cardiomegaly/00010808_002.png,1,Cardiomegaly
train,train/Nodule/00027392_000.png,9,Nodule
train,train/Fibrosis/00003039_000.png,6,Fibrosis
train,train/Emphysema/00019230_000.png,5,Emphysema
train,train/Emphysema/00017738_000.png,5,Emphysema
train,train/Emphysema/00010371_000.png,5,Emphysema
train,train/Edema/00006296_009.png,3,Edema
train,train/Fibrosis/00005150_000.png,6,Fibrosis
train,train/Mass/00023298_000.png,8,Mass
train,train/Pneumonia/00015826_036.png,10,Pneumonia
train,train/Pneumonia/00002288_004.png,10,Pneumonia
train,train/Edema/00029422_006.png,3,Edema
train,train/Pneumonia/00020076_002.png,10,Pneumonia
train,train/Fibrosis/00003104_004.png,6,Fibrosis
train,train/Fibrosis/00013429_000.png,6,Fibrosis
train,train/Effusion/00015915_006.png,4,Effusion
train,train/Mass/00017467_010.png,8,Mass
train,train/Pneumonia/00013662_005.png,10,Pneumonia
train,train/Effusion/00021041_008.png,4,Effusion
train,train/Cardiomegaly/00017949_000.png,1,Cardiomegaly
train,train/Nodule/00005091_000.png,9,Nodule
train,train/Atelectasis/00019967_011.png,0,Atelectasis
train,train/Fibrosis/00005923_000.png,6,Fibrosis
train,train/Effusion/00028013_010.png,4,Effusion
train,train/Edema/00018126_015.png,3,Edema
train,train/Fibrosis/00003647_007.png,6,Fibrosis
train,train/Edema/00012426_004.png,3,Edema
train,train/Edema/00021841_004.png,3,Edema
train,train/Pneumothorax/00000832_004.png,11,Pneumothorax
train,train/Edema/00005110_007.png,3,Edema
train,train/Fibrosis/00000280_002.png,6,Fibrosis
train,train/Cardiomegaly/00016650_000.png,1,Cardiomegaly
train,train/Effusion/00007352_014.png,4,Effusion
train,train/Fibrosis/00013037_000.png,6,Fibrosis
train,train/Effusion/00007076_022.png,4,Effusion
train,train/Fibrosis/00010756_004.png,6,Fibrosis
train,train/Fibrosis/00009637_001.png,6,Fibrosis
train,train/Effusion/00004435_015.png,4,Effusion
train,train/Mass/00011544_016.png,8,Mass
train,train/Atelectasis/00020755_001.png,0,Atelectasis
train,train/Fibrosis/00026293_004.png,6,Fibrosis
train,train/Infiltration/00025128_004.png,7,Infiltration
train,train/Nodule/00004734_003.png,9,Nodule
train,train/Edema/00018104_005.png,3,Edema
train,train/Consolidation/00010456_007.png,2,Consolidation
train,train/Atelectasis/00005742_001.png,0,Atelectasis
train,train/Mass/00011901_000.png,8,Mass
train,train/Fibrosis/00003344_001.png,6,Fibrosis
train,train/Nodule/00000735_000.png,9,Nodule
train,train/Edema/00015190_006.png,3,Edema
train,train/Pneumonia/00003053_007.png,10,Pneumonia
train,train/Mass/00022059_000.png,8,Mass
train,train/Pneumonia/00010334_010.png,10,Pneumonia
train,train/Nodule/00021759_004.png,9,Nodule
train,train/Mass/00015196_006.png,8,Mass
train,train/Atelectasis/00026298_001.png,0,Atelectasis
train,train/Effusion/00006519_022.png,4,Effusion
train,train/Cardiomegaly/00013409_001.png,1,Cardiomegaly
train,train/Effusion/00026027_003.png,4,Effusion
train,train/Infiltration/00025424_001.png,7,Infiltration
train,train/Edema/00011959_006.png,3,Edema
train,train/Edema/00019605_008.png,3,Edema
train,train/Pneumothorax/00022651_015.png,11,Pneumothorax
train,train/Edema/00018972_057.png,3,Edema
train,train/Mass/00009955_002.png,8,Mass
train,train/Edema/00014029_004.png,3,Edema
train,train/Emphysema/00005460_006.png,5,Emphysema
train,train/Effusion/00014153_000.png,4,Effusion
train,train/Consolidation/00029165_007.png,2,Consolidation
train,train/Mass/00015251_000.png,8,Mass
train,train/Infiltration/00022846_004.png,7,Infiltration
train,train/Infiltration/00013572_007.png,7,Infiltration
train,train/Nodule/00005935_001.png,9,Nodule
train,train/Pneumonia/00003426_017.png,10,Pneumonia
train,train/Pneumothorax/00022826_000.png,11,Pneumothorax
train,train/Nodule/00027415_025.png,9,Nodule
train,train/Pneumothorax/00025974_001.png,11,Pneumothorax
train,train/Atelectasis/00009136_000.png,0,Atelectasis
train,train/Effusion/00019673_002.png,4,Effusion
train,train/Effusion/00029821_007.png,4,Effusion
train,train/Mass/00027589_000.png,8,Mass
train,train/Effusion/00009423_000.png,4,Effusion
train,train/Pneumothorax/00002146_003.png,11,Pneumothorax
train,train/Cardiomegaly/00012381_003.png,1,Cardiomegaly
train,train/Infiltration/00012236_006.png,7,Infiltration
train,train/Effusion/00010790_040.png,4,Effusion
train,train/Fibrosis/00003647_006.png,6,Fibrosis
train,train/Pneumonia/00015968_000.png,10,Pneumonia
train,train/Fibrosis/00026704_000.png,6,Fibrosis
train,train/Pneumonia/00011553_006.png,10,Pneumonia
train,train/Fibrosis/00008583_001.png,6,Fibrosis
train,train/Pneumonia/00009081_000.png,10,Pneumonia
train,train/Mass/00004014_000.png,8,Mass
train,train/Pneumonia/00017231_001.png,10,Pneumonia
train,train/Emphysema/00002538_000.png,5,Emphysema
train,train/Pneumothorax/00021611_002.png,11,Pneumothorax
train,train/Atelectasis/00002939_004.png,0,Atelectasis
train,train/Infiltration/00021031_000.png,7,Infiltration
train,train/Edema/00016715_010.png,3,Edema
train,train/Pneumonia/00011966_007.png,10,Pneumonia
train,train/Cardiomegaly/00023335_000.png,1,Cardiomegaly
train,train/Atelectasis/00017618_002.png,0,Atelectasis
train,train/Nodule/00006764_003.png,9,Nodule
train,train/Pneumonia/00022965_004.png,10,Pneumonia
train,train/Cardiomegaly/00019010_001.png,1,Cardiomegaly
train,train/Fibrosis/00006868_005.png,6,Fibrosis
train,train/Consolidation/00020010_001.png,2,Consolidation
train,train/Nodule/00025447_001.png,9,Nodule
train,train/Pneumonia/00025421_001.png,10,Pneumonia
train,train/Emphysema/00023136_002.png,5,Emphysema
train,train/Effusion/00007833_002.png,4,Effusion
train,train/Effusion/00006695_006.png,4,Effusion
train,train/Cardiomegaly/00021996_003.png,1,Cardiomegaly
train,train/Consolidation/00010695_019.png,2,Consolidation
train,train/Consolidation/00015151_002.png,2,Consolidation
train,train/Mass/00017258_013.png,8,Mass
train,train/Consolidation/00025909_002.png,2,Consolidation
train,train/Consolidation/00030339_008.png,2,Consolidation
train,train/Cardiomegaly/00015882_000.png,1,Cardiomegaly
train,train/Pneumonia/00000963_007.png,10,Pneumonia
train,train/Infiltration/00010173_000.png,7,Infiltration
train,train/Infiltration/00026979_004.png,7,Infiltration
train,train/Consolidation/00000798_024.png,2,Consolidation
train,train/Edema/00011835_001.png,3,Edema
train,train/Cardiomegaly/00019940_002.png,1,Cardiomegaly
train,train/Edema/00015581_007.png,3,Edema
train,train/Emphysema/00014984_000.png,5,Emphysema
train,train/Mass/00009939_000.png,8,Mass
train,train/Nodule/00018028_000.png,9,Nodule
train,train/Effusion/00019677_002.png,4,Effusion
train,train/Infiltration/00022244_000.png,7,Infiltration
train,train/Infiltration/00025581_000.png,7,Infiltration
train,train/Pneumothorax/00001583_011.png,11,Pneumothorax
train,train/Fibrosis/00011243_000.png,6,Fibrosis
train,train/Emphysema/00022559_007.png,5,Emphysema
train,train/Edema/00015190_007.png,3,Edema
train,train/Pneumothorax/00004800_002.png,11,Pneumothorax
train,train/Infiltration/00017584_001.png,7,Infiltration
train,train/Emphysema/00017369_003.png,5,Emphysema
train,train/Mass/00000959_001.png,8,Mass
train,train/Emphysema/00005523_000.png,5,Emphysema
train,train/Consolidation/00009641_006.png,2,Consolidation
train,train/Effusion/00016805_015.png,4,Effusion
train,train/Mass/00014357_000.png,8,Mass
train,train/Edema/00009876_002.png,3,Edema
train,train/Fibrosis/00026956_004.png,6,Fibrosis
train,train/Edema/00010991_002.png,3,Edema
train,train/Effusion/00007909_003.png,4,Effusion
train,train/Pneumonia/00012158_025.png,10,Pneumonia
train,train/Pneumonia/00025583_005.png,10,Pneumonia
train,train/Edema/00004007_025.png,3,Edema
train,train/Pneumothorax/00029998_006.png,11,Pneumothorax
train,train/Edema/00013447_011.png,3,Edema
train,train/Consolidation/00021127_004.png,2,Consolidation
train,train/Pneumonia/00013447_012.png,10,Pneumonia
train,train/Effusion/00012018_014.png,4,Effusion
train,train/Consolidation/00015045_019.png,2,Consolidation
train,train/Edema/00028846_003.png,3,Edema
train,train/Cardiomegaly/00005249_000.png,1,Cardiomegaly
train,train/Nodule/00017262_000.png,9,Nodule
train,train/Infiltration/00010062_000.png,7,Infiltration
train,train/Cardiomegaly/00025126_000.png,1,Cardiomegaly
train,train/Fibrosis/00007631_001.png,6,Fibrosis
train,train/Effusion/00029465_003.png,4,Effusion
train,train/Pneumothorax/00018960_002.png,11,Pneumothorax
train,train/Pneumonia/00010375_000.png,10,Pneumonia
train,train/Nodule/00009259_000.png,9,Nodule
train,train/Mass/00023297_001.png,8,Mass
train,train/Consolidation/00008451_006.png,2,Consolidation
train,train/Emphysema/00017824_002.png,5,Emphysema
train,train/Atelectasis/00008853_000.png,0,Atelectasis
train,train/Mass/00014653_003.png,8,Mass
train,train/Mass/00011034_002.png,8,Mass
train,train/Consolidation/00027017_002.png,2,Consolidation
train,train/Effusion/00021648_009.png,4,Effusion
train,train/Consolidation/00028583_000.png,2,Consolidation
train,train/Infiltration/00013003_045.png,7,Infiltration
train,train/Nodule/00014075_001.png,9,Nodule
train,train/Fibrosis/00007507_000.png,6,Fibrosis
train,train/Edema/00015911_008.png,3,Edema
train,train/Mass/00015915_008.png,8,Mass
train,train/Fibrosis/00001048_000.png,6,Fibrosis
train,train/Edema/00013447_010.png,3,Edema
train,train/Mass/00005991_008.png,8,Mass
train,train/Edema/00007944_003.png,3,Edema
train,train/Infiltration/00019087_016.png,7,Infiltration
train,train/Atelectasis/00012471_007.png,0,Atelectasis
train,train/Infiltration/00019065_001.png,7,Infiltration
train,train/Nodule/00006360_002.png,9,Nodule
train,train/Emphysema/00002378_000.png,5,Emphysema
train,train/Cardiomegaly/00002541_000.png,1,Cardiomegaly
train,train/Pneumonia/00021895_001.png,10,Pneumonia
train,train/Edema/00020458_017.png,3,Edema
train,train/Pneumothorax/00003574_012.png,11,Pneumothorax
train,train/Emphysema/00003523_030.png,5,Emphysema
train,train/Pneumothorax/00029903_015.png,11,Pneumothorax
train,train/Effusion/00017251_002.png,4,Effusion
train,train/Atelectasis/00021131_002.png,0,Atelectasis
train,train/Edema/00003940_002.png,3,Edema
train,train/Atelectasis/00002659_003.png,0,Atelectasis
train,train/Pneumothorax/00001029_003.png,11,Pneumothorax
train,train/Edema/00018104_007.png,3,Edema
train,train/Edema/00009894_003.png,3,Edema
train,train/Fibrosis/00008806_001.png,6,Fibrosis
train,train/Nodule/00008785_000.png,9,Nodule
train,train/Pneumothorax/00005240_002.png,11,Pneumothorax
train,train/Nodule/00004710_000.png,9,Nodule
train,train/Pneumonia/00028874_003.png,10,Pneumonia
train,train/Consolidation/00008468_002.png,2,Consolidation
train,train/Edema/00001880_003.png,3,Edema
train,train/Atelectasis/00003192_002.png,0,Atelectasis
train,train/Nodule/00001333_000.png,9,Nodule
train,train/Pneumonia/00013070_000.png,10,Pneumonia
train,train/Atelectasis/00027621_006.png,0,Atelectasis
train,train/Pneumonia/00000499_008.png,10,Pneumonia
train,train/Fibrosis/00001303_004.png,6,Fibrosis
train,train/Consolidation/00012742_000.png,2,Consolidation
train,train/Cardiomegaly/00015803_001.png,1,Cardiomegaly
train,train/Edema/00022767_000.png,3,Edema
train,train/Edema/00006981_005.png,3,Edema
train,train/Cardiomegaly/00005778_005.png,1,Cardiomegaly
train,train/Infiltration/00005920_004.png,7,Infiltration
train,train/Fibrosis/00016244_001.png,6,Fibrosis
train,train/Edema/00008561_013.png,3,Edema
train,train/Pneumothorax/00001698_003.png,11,Pneumothorax
train,train/Consolidation/00022458_012.png,2,Consolidation
train,train/Cardiomegaly/00006411_017.png,1,Cardiomegaly
train,train/Edema/00001723_001.png,3,Edema
train,train/Effusion/00007683_004.png,4,Effusion
train,train/Pneumonia/00000798_025.png,10,Pneumonia
train,train/Emphysema/00029981_009.png,5,Emphysema
train,train/Infiltration/00005762_011.png,7,Infiltration
train,train/Infiltration/00025400_002.png,7,Infiltration
train,train/Mass/00014296_003.png,8,Mass
train,train/Edema/00027045_002.png,3,Edema
train,train/Pneumothorax/00016052_013.png,11,Pneumothorax
train,train/Mass/00011723_024.png,8,Mass
train,train/Edema/00014226_007.png,3,Edema
train,train/Effusion/00012585_009.png,4,Effusion
train,train/Pneumonia/00013779_000.png,10,Pneumonia
train,train/Atelectasis/00019889_004.png,0,Atelectasis
train,train/Fibrosis/00000269_000.png,6,Fibrosis
train,train/Consolidation/00006517_001.png,2,Consolidation
train,train/Effusion/00027355_014.png,4,Effusion
train,train/Nodule/00007482_006.png,9,Nodule
train,train/Fibrosis/00000586_000.png,6,Fibrosis
train,train/Emphysema/00008760_000.png,5,Emphysema
train,train/Cardiomegaly/00028646_000.png,1,Cardiomegaly
train,train/Nodule/00002018_000.png,9,Nodule
train,train/Atelectasis/00016480_005.png,0,Atelectasis
train,train/Pneumothorax/00028211_010.png,11,Pneumothorax
train,train/Fibrosis/00002285_002.png,6,Fibrosis
train,train/Pneumothorax/00013558_000.png,11,Pneumothorax
train,train/Atelectasis/00019547_008.png,0,Atelectasis
train,train/Atelectasis/00008824_006.png,0,Atelectasis
train,train/Cardiomegaly/00018656_000.png,1,Cardiomegaly
train,train/Mass/00009198_001.png,8,Mass
train,train/Effusion/00014112_012.png,4,Effusion
train,train/Nodule/00002426_000.png,9,Nodule
train,train/Effusion/00028688_000.png,4,Effusion
train,train/Nodule/00020624_015.png,9,Nodule
train,train/Effusion/00007626_000.png,4,Effusion
train,train/Fibrosis/00002649_019.png,6,Fibrosis
train,train/Mass/00008881_001.png,8,Mass
train,train/Infiltration/00014674_009.png,7,Infiltration
train,train/Edema/00016715_011.png,3,Edema
train,train/Mass/00010795_000.png,8,Mass
train,train/Nodule/00003547_003.png,9,Nodule
train,train/Pneumothorax/00004602_000.png,11,Pneumothorax
train,train/Edema/00018103_011.png,3,Edema
train,train/Fibrosis/00009903_001.png,6,Fibrosis
train,train/Pneumonia/00013818_000.png,10,Pneumonia
train,train/Pneumothorax/00010729_005.png,11,Pneumothorax
train,train/Nodule/00005061_001.png,9,Nodule
train,train/Pneumothorax/00021264_004.png,11,Pneumothorax
train,train/Fibrosis/00015628_027.png,6,Fibrosis
train,train/Atelectasis/00029470_001.png,0,Atelectasis
train,train/Consolidation/00013457_000.png,2,Consolidation
train,train/Consolidation/00006296_013.png,2,Consolidation
train,train/Mass/00011723_023.png,8,Mass
train,train/Cardiomegaly/00013407_003.png,1,Cardiomegaly
train,train/Infiltration/00006519_017.png,7,Infiltration
train,train/Cardiomegaly/00006386_007.png,1,Cardiomegaly
train,train/Consolidation/00026569_000.png,2,Consolidation
train,train/Nodule/00014981_000.png,9,Nodule
train,train/Effusion/00017436_003.png,4,Effusion
train,train/Edema/00025905_003.png,3,Edema
train,train/Infiltration/00000376_010.png,7,Infiltration
train,train/Infiltration/00001986_014.png,7,Infiltration
train,train/Pneumonia/00001021_000.png,10,Pneumonia
train,train/Effusion/00003704_001.png,4,Effusion
train,train/Emphysema/00025800_001.png,5,Emphysema
train,train/Emphysema/00030459_003.png,5,Emphysema
train,train/Consolidation/00018404_017.png,2,Consolidation
train,train/Mass/00009518_000.png,8,Mass
train,train/Nodule/00003851_005.png,9,Nodule
train,train/Mass/00001005_000.png,8,Mass
train,train/Edema/00005682_006.png,3,Edema
train,train/Mass/00026068_000.png,8,Mass
train,train/Infiltration/00020544_000.png,7,Infiltration
train,train/Mass/00015721_000.png,8,Mass
train,train/Fibrosis/00005787_001.png,6,Fibrosis
train,train/Effusion/00002208_010.png,4,Effusion
train,train/Effusion/00022566_018.png,4,Effusion
train,train/Pneumothorax/00007355_001.png,11,Pneumothorax
train,train/Nodule/00025150_011.png,9,Nodule
train,train/Emphysema/00015556_006.png,5,Emphysema
train,train/Fibrosis/00002738_000.png,6,Fibrosis
train,train/Consolidation/00005403_006.png,2,Consolidation
train,train/Fibrosis/00017450_001.png,6,Fibrosis
train,train/Infiltration/00022531_000.png,7,Infiltration
train,train/Effusion/00010794_001.png,4,Effusion
train,train/Effusion/00026420_001.png,4,Effusion
train,train/Atelectasis/00005939_003.png,0,Atelectasis
train,train/Pneumonia/00013611_001.png,10,Pneumonia
train,train/Mass/00004465_000.png,8,Mass
train,train/Atelectasis/00012276_007.png,0,Atelectasis
train,train/Mass/00015790_000.png,8,Mass
train,train/Fibrosis/00011493_003.png,6,Fibrosis
train,train/Fibrosis/00013876_004.png,6,Fibrosis
train,train/Consolidation/00010698_002.png,2,Consolidation
train,train/Pneumothorax/00002544_004.png,11,Pneumothorax
train,train/Pneumonia/00009048_002.png,10,Pneumonia
train,train/Infiltration/00002919_004.png,7,Infiltration
train,train/Fibrosis/00018362_021.png,6,Fibrosis
train,train/Pneumothorax/00008748_007.png,11,Pneumothorax
train,train/Pneumonia/00001529_005.png,10,Pneumonia
train,train/Pneumothorax/00006330_012.png,11,Pneumothorax
train,train/Mass/00028359_001.png,8,Mass
train,train/Mass/00007995_001.png,8,Mass
train,train/Pneumothorax/00020188_000.png,11,Pneumothorax
train,train/Nodule/00020611_000.png,9,Nodule
train,train/Emphysema/00008468_050.png,5,Emphysema
train,train/Atelectasis/00001734_005.png,0,Atelectasis
train,train/Mass/00014320_016.png,8,Mass
train,train/Emphysema/00011143_001.png,5,Emphysema
train,train/Emphysema/00011752_021.png,5,Emphysema
train,train/Pneumonia/00008745_034.png,10,Pneumonia
train,train/Fibrosis/00013185_001.png,6,Fibrosis
train,train/Atelectasis/00008489_021.png,0,Atelectasis
train,train/Pneumothorax/00028094_001.png,11,Pneumothorax
train,train/Atelectasis/00019205_001.png,0,Atelectasis
train,train/Atelectasis/00026099_040.png,0,Atelectasis
train,train/Atelectasis/00026896_000.png,0,Atelectasis
train,train/Fibrosis/00017323_003.png,6,Fibrosis
train,train/Cardiomegaly/00012987_003.png,1,Cardiomegaly
train,train/Fibrosis/00029121_001.png,6,Fibrosis
train,train/Fibrosis/00009773_000.png,6,Fibrosis
train,train/Emphysema/00026489_003.png,5,Emphysema
train,train/Infiltration/00029414_000.png,7,Infiltration
train,train/Pneumonia/00016362_000.png,10,Pneumonia
train,train/Effusion/00010863_005.png,4,Effusion
train,train/Emphysema/00023316_001.png,5,Emphysema
train,train/Effusion/00016975_014.png,4,Effusion
train,train/Consolidation/00000491_020.png,2,Consolidation
train,train/Mass/00009671_004.png,8,Mass
train,train/Nodule/00004498_001.png,9,Nodule
train,train/Pneumothorax/00002817_012.png,11,Pneumothorax
train,train/Mass/00000103_008.png,8,Mass
train,train/Emphysema/00002294_000.png,5,Emphysema
train,train/Consolidation/00013102_000.png,2,Consolidation
train,train/Cardiomegaly/00027334_000.png,1,Cardiomegaly
train,train/Edema/00003535_014.png,3,Edema
train,train/Pneumothorax/00008376_001.png,11,Pneumothorax
train,train/Nodule/00029688_000.png,9,Nodule
train,train/Pneumothorax/00009925_022.png,11,Pneumothorax
train,train/Cardiomegaly/00007157_011.png,1,Cardiomegaly
train,train/Consolidation/00028341_007.png,2,Consolidation
train,train/Mass/00015214_014.png,8,Mass
train,train/Consolidation/00006209_000.png,2,Consolidation
train,train/Atelectasis/00019784_000.png,0,Atelectasis
train,train/Pneumothorax/00017227_008.png,11,Pneumothorax
train,train/Mass/00006827_005.png,8,Mass
train,train/Emphysema/00006604_001.png,5,Emphysema
train,train/Fibrosis/00012366_000.png,6,Fibrosis
train,train/Fibrosis/00002471_000.png,6,Fibrosis
train,train/Nodule/00026330_001.png,9,Nodule
train,train/Atelectasis/00005168_000.png,0,Atelectasis
train,train/Edema/00017365_004.png,3,Edema
train,train/Consolidation/00007157_012.png,2,Consolidation
train,train/Pneumothorax/00017369_005.png,11,Pneumothorax
train,train/Cardiomegaly/00005641_003.png,1,Cardiomegaly
train,train/Infiltration/00026188_000.png,7,Infiltration
train,train/Effusion/00008037_001.png,4,Effusion
train,train/Emphysema/00016821_001.png,5,Emphysema
train,train/Pneumothorax/00029124_000.png,11,Pneumothorax
train,train/Edema/00017365_005.png,3,Edema
train,train/Consolidation/00011379_014.png,2,Consolidation
train,train/Effusion/00022484_007.png,4,Effusion
train,train/Consolidation/00012028_003.png,2,Consolidation
train,train/Pneumonia/00022952_003.png,10,Pneumonia
train,train/Atelectasis/00009768_001.png,0,Atelectasis
train,train/Pneumothorax/00006960_004.png,11,Pneumothorax
train,train/Pneumothorax/00019222_006.png,11,Pneumothorax
train,train/Emphysema/00003523_031.png,5,Emphysema
train,train/Atelectasis/00020693_000.png,0,Atelectasis
train,train/Cardiomegaly/00026634_000.png,1,Cardiomegaly
train,train/Nodule/00004571_015.png,9,Nodule
train,train/Infiltration/00030609_025.png,7,Infiltration
train,train/Atelectasis/00017903_000.png,0,Atelectasis
train,train/Cardiomegaly/00004003_000.png,1,Cardiomegaly
train,train/Edema/00028987_002.png,3,Edema
train,train/Atelectasis/00013282_009.png,0,Atelectasis
train,train/Consolidation/00020328_000.png,2,Consolidation
train,train/Nodule/00016404_010.png,9,Nodule
train,train/Nodule/00006436_000.png,9,Nodule
train,train/Fibrosis/00001409_002.png,6,Fibrosis
train,train/Pneumonia/00001855_008.png,10,Pneumonia
train,train/Pneumonia/00025806_005.png,10,Pneumonia
train,train/Fibrosis/00018554_000.png,6,Fibrosis
train,train/Pneumonia/00005892_001.png,10,Pneumonia
train,train/Pneumonia/00008470_008.png,10,Pneumonia
train,train/Mass/00029041_002.png,8,Mass
train,train/Emphysema/00007093_019.png,5,Emphysema
train,train/Nodule/00014218_000.png,9,Nodule
train,train/Effusion/00010091_000.png,4,Effusion
train,train/Emphysema/00011065_005.png,5,Emphysema
train,train/Pneumonia/00019021_001.png,10,Pneumonia
train,train/Cardiomegaly/00008605_000.png,1,Cardiomegaly
train,train/Consolidation/00001952_010.png,2,Consolidation
train,train/Pneumonia/00028076_000.png,10,Pneumonia
train,train/Emphysema/00012380_000.png,5,Emphysema
train,train/Infiltration/00013178_008.png,7,Infiltration
train,train/Infiltration/00023498_002.png,7,Infiltration
train,train/Edema/00004857_047.png,3,Edema
train,train/Fibrosis/00013015_000.png,6,Fibrosis
train,train/Fibrosis/00004048_012.png,6,Fibrosis
train,train/Consolidation/00019653_002.png,2,Consolidation
train,train/Edema/00012585_006.png,3,Edema
train,train/Fibrosis/00010837_000.png,6,Fibrosis
train,train/Pneumonia/00019707_017.png,10,Pneumonia
train,train/Fibrosis/00001306_000.png,6,Fibrosis
train,train/Infiltration/00021987_000.png,7,Infiltration
train,train/Mass/00029413_000.png,8,Mass
train,train/Infiltration/00029752_001.png,7,Infiltration
train,train/Atelectasis/00002189_000.png,0,Atelectasis
train,train/Cardiomegaly/00003665_010.png,1,Cardiomegaly
train,train/Infiltration/00023292_000.png,7,Infiltration
train,train/Cardiomegaly/00025118_001.png,1,Cardiomegaly
train,train/Emphysema/00021226_000.png,5,Emphysema
train,train/Cardiomegaly/00010629_000.png,1,Cardiomegaly
train,train/Emphysema/00010704_001.png,5,Emphysema
train,train/Pneumothorax/00019201_002.png,11,Pneumothorax
train,train/Pneumonia/00027508_001.png,10,Pneumonia
train,train/Atelectasis/00001206_003.png,0,Atelectasis
train,train/Edema/00011587_006.png,3,Edema
train,train/Pneumothorax/00011454_002.png,11,Pneumothorax
train,train/Cardiomegaly/00007279_004.png,1,Cardiomegaly
train,train/Emphysema/00027131_002.png,5,Emphysema
train,train/Edema/00010509_006.png,3,Edema
train,train/Cardiomegaly/00010728_000.png,1,Cardiomegaly
train,train/Atelectasis/00009857_000.png,0,Atelectasis
train,train/Fibrosis/00013172_000.png,6,Fibrosis
train,train/Pneumothorax/00002146_002.png,11,Pneumothorax
train,train/Edema/00027623_003.png,3,Edema
train,train/Nodule/00024814_000.png,9,Nodule
train,train/Nodule/00016336_000.png,9,Nodule
train,train/Pneumonia/00014616_011.png,10,Pneumonia
train,train/Pneumothorax/00014715_001.png,11,Pneumothorax
train,train/Infiltration/00012286_001.png,7,Infiltration
train,train/Effusion/00016896_007.png,4,Effusion
train,train/Edema/00013714_008.png,3,Edema
train,train/Effusion/00020204_018.png,4,Effusion
train,train/Edema/00001101_005.png,3,Edema
train,train/Fibrosis/00010825_000.png,6,Fibrosis
train,train/Edema/00027355_009.png,3,Edema
train,train/Atelectasis/00022374_006.png,0,Atelectasis
train,train/Emphysema/00002536_000.png,5,Emphysema
train,train/Atelectasis/00027676_003.png,0,Atelectasis
train,train/Nodule/00019882_000.png,9,Nodule
train,train/Effusion/00018329_009.png,4,Effusion
train,train/Fibrosis/00002652_000.png,6,Fibrosis
train,train/Mass/00007532_002.png,8,Mass
train,train/Atelectasis/00003421_009.png,0,Atelectasis
train,train/Atelectasis/00002262_012.png,0,Atelectasis
train,train/Consolidation/00004833_039.png,2,Consolidation
train,train/Consolidation/00021341_007.png,2,Consolidation
train,train/Emphysema/00015997_000.png,5,Emphysema
train,train/Edema/00017603_019.png,3,Edema
train,train/Cardiomegaly/00026256_000.png,1,Cardiomegaly
train,train/Infiltration/00013003_044.png,7,Infiltration
train,train/Fibrosis/00014259_000.png,6,Fibrosis
train,train/Effusion/00019648_000.png,4,Effusion
train,train/Pneumonia/00005032_000.png,10,Pneumonia
train,train/Edema/00018829_005.png,3,Edema
train,train/Pneumonia/00019895_002.png,10,Pneumonia
train,train/Pneumothorax/00011805_005.png,11,Pneumothorax
train,train/Pneumothorax/00029437_014.png,11,Pneumothorax
train,train/Edema/00000938_002.png,3,Edema
train,train/Nodule/00025777_002.png,9,Nodule
train,train/Pneumothorax/00005224_000.png,11,Pneumothorax
train,train/Pneumothorax/00019773_006.png,11,Pneumothorax
train,train/Nodule/00028606_001.png,9,Nodule
train,train/Mass/00012978_000.png,8,Mass
train,train/Cardiomegaly/00027907_001.png,1,Cardiomegaly
train,train/Cardiomegaly/00023246_000.png,1,Cardiomegaly
train,train/Cardiomegaly/00000044_002.png,1,Cardiomegaly
train,train/Effusion/00019894_012.png,4,Effusion
train,train/Consolidation/00025412_000.png,2,Consolidation
train,train/Infiltration/00019806_000.png,7,Infiltration
train,train/Pneumonia/00010531_012.png,10,Pneumonia
train,train/Infiltration/00013774_050.png,7,Infiltration
train,train/Effusion/00011548_019.png,4,Effusion
train,train/Effusion/00010427_012.png,4,Effusion
train,train/Pneumonia/00002118_009.png,10,Pneumonia
train,train/Nodule/00025181_007.png,9,Nodule
train,train/Effusion/00029661_002.png,4,Effusion
train,train/Nodule/00022208_005.png,9,Nodule
train,train/Cardiomegaly/00010897_015.png,1,Cardiomegaly
train,train/Fibrosis/00016998_000.png,6,Fibrosis
train,train/Mass/00017467_014.png,8,Mass
train,train/Infiltration/00013669_000.png,7,Infiltration
train,train/Effusion/00009628_006.png,4,Effusion
train,train/Nodule/00016550_023.png,9,Nodule
train,train/Emphysema/00003523_032.png,5,Emphysema
train,train/Atelectasis/00008180_004.png,0,Atelectasis
train,train/Mass/00009993_006.png,8,Mass
train,train/Nodule/00003436_001.png,9,Nodule
train,train/Edema/00001650_005.png,3,Edema
train,train/Pneumothorax/00025097_001.png,11,Pneumothorax
train,train/Emphysema/00013920_000.png,5,Emphysema
train,train/Pneumothorax/00010864_005.png,11,Pneumothorax
train,train/Atelectasis/00007212_015.png,0,Atelectasis
train,train/Effusion/00012144_034.png,4,Effusion
train,train/Fibrosis/00002604_002.png,6,Fibrosis
train,train/Atelectasis/00020529_000.png,0,Atelectasis
train,train/Infiltration/00019515_003.png,7,Infiltration
train,train/Edema/00030038_013.png,3,Edema
train,train/Nodule/00013079_001.png,9,Nodule
train,train/Infiltration/00015081_006.png,7,Infiltration
train,train/Edema/00003798_000.png,3,Edema
train,train/Effusion/00018626_014.png,4,Effusion
train,train/Edema/00011122_004.png,3,Edema
train,train/Infiltration/00009711_000.png,7,Infiltration
train,train/Edema/00001301_020.png,3,Edema
train,train/Pneumonia/00010509_003.png,10,Pneumonia
train,train/Edema/00005138_003.png,3,Edema
train,train/Fibrosis/00006167_000.png,6,Fibrosis
train,train/Pneumonia/00003950_002.png,10,Pneumonia
train,train/Fibrosis/00001238_000.png,6,Fibrosis
train,train/Mass/00005460_001.png,8,Mass
train,train/Pneumonia/00006490_006.png,10,Pneumonia
train,train/Emphysema/00008468_015.png,5,Emphysema
train,train/Mass/00007405_013.png,8,Mass
train,train/Mass/00019545_000.png,8,Mass
train,train/Fibrosis/00011875_000.png,6,Fibrosis
train,train/Pneumothorax/00026793_006.png,11,Pneumothorax
train,train/Pneumothorax/00006926_019.png,11,Pneumothorax
train,train/Consolidation/00019395_011.png,2,Consolidation
train,train/Edema/00002412_000.png,3,Edema
train,train/Emphysema/00009600_002.png,5,Emphysema
train,train/Atelectasis/00016384_000.png,0,Atelectasis
train,train/Effusion/00008494_002.png,4,Effusion
train,train/Cardiomegaly/00011139_000.png,1,Cardiomegaly
train,train/Cardiomegaly/00003015_000.png,1,Cardiomegaly
train,train/Edema/00027355_005.png,3,Edema
train,train/Emphysema/00012018_000.png,5,Emphysema
train,train/Consolidation/00006307_008.png,2,Consolidation
train,train/Edema/00010350_023.png,3,Edema
train,train/Cardiomegaly/00018181_000.png,1,Cardiomegaly
train,train/Pneumonia/00029889_000.png,10,Pneumonia
train,train/Atelectasis/00002500_003.png,0,Atelectasis
train,train/Atelectasis/00012625_001.png,0,Atelectasis
train,train/Pneumonia/00011553_007.png,10,Pneumonia
train,train/Nodule/00007394_000.png,9,Nodule
train,train/Effusion/00003771_004.png,4,Effusion
train,train/Effusion/00014596_004.png,4,Effusion
train,train/Fibrosis/00021048_000.png,6,Fibrosis
train,train/Nodule/00022417_001.png,9,Nodule
train,train/Emphysema/00001157_002.png,5,Emphysema
train,train/Nodule/00021212_002.png,9,Nodule
train,train/Pneumothorax/00009606_004.png,11,Pneumothorax
train,train/Atelectasis/00023790_000.png,0,Atelectasis
train,train/Effusion/00020427_005.png,4,Effusion
train,train/Fibrosis/00022069_001.png,6,Fibrosis
train,train/Cardiomegaly/00003283_000.png,1,Cardiomegaly
train,train/Cardiomegaly/00028916_000.png,1,Cardiomegaly
train,train/Emphysema/00021073_005.png,5,Emphysema
train,train/Atelectasis/00029331_000.png,0,Atelectasis
train,train/Fibrosis/00010038_001.png,6,Fibrosis
train,train/Consolidation/00005026_004.png,2,Consolidation
train,train/Mass/00021616_012.png,8,Mass
train,train/Nodule/00016811_005.png,9,Nodule
train,train/Cardiomegaly/00007094_000.png,1,Cardiomegaly
train,train/Atelectasis/00025902_000.png,0,Atelectasis
train,train/Infiltration/00004746_015.png,7,Infiltration
train,train/Pneumonia/00022329_001.png,10,Pneumonia
train,train/Infiltration/00028350_001.png,7,Infiltration
train,train/Nodule/00005294_000.png,9,Nodule
train,train/Effusion/00004306_000.png,4,Effusion
train,train/Atelectasis/00000877_009.png,0,Atelectasis
train,train/Effusion/00016860_004.png,4,Effusion
train,train/Consolidation/00005579_005.png,2,Consolidation
train,train/Pneumothorax/00002786_000.png,11,Pneumothorax
train,train/Infiltration/00011772_002.png,7,Infiltration
train,train/Mass/00004665_000.png,8,Mass
train,train/Edema/00015833_002.png,3,Edema
train,train/Atelectasis/00013229_006.png,0,Atelectasis
train,train/Consolidation/00008858_004.png,2,Consolidation
train,train/Effusion/00013641_050.png,4,Effusion
train,train/Infiltration/00030378_000.png,7,Infiltration
train,train/Edema/00025645_004.png,3,Edema
train,train/Atelectasis/00021141_000.png,0,Atelectasis
train,train/Pneumonia/00006966_004.png,10,Pneumonia
train,train/Pneumonia/00011188_002.png,10,Pneumonia
train,train/Cardiomegaly/00023647_000.png,1,Cardiomegaly
train,train/Pneumonia/00007624_024.png,10,Pneumonia
train,train/Nodule/00029134_004.png,9,Nodule
train,train/Cardiomegaly/00025987_000.png,1,Cardiomegaly
train,train/Cardiomegaly/00005805_000.png,1,Cardiomegaly
train,train/Pneumothorax/00003722_011.png,11,Pneumothorax
train,train/Consolidation/00019538_003.png,2,Consolidation
train,train/Pneumothorax/00001397_012.png,11,Pneumothorax
train,train/Infiltration/00029243_000.png,7,Infiltration
train,train/Nodule/00028416_001.png,9,Nodule
train,train/Edema/00016376_002.png,3,Edema
train,train/Consolidation/00013890_008.png,2,Consolidation
train,train/Consolidation/00002457_008.png,2,Consolidation
train,train/Mass/00022698_002.png,8,Mass
train,train/Pneumothorax/00020195_008.png,11,Pneumothorax
train,train/Mass/00016525_007.png,8,Mass
train,train/Edema/00016376_011.png,3,Edema
train,train/Consolidation/00010294_035.png,2,Consolidation
train,train/Emphysema/00005839_004.png,5,Emphysema
train,train/Edema/00002860_003.png,3,Edema
train,train/Pneumothorax/00001583_009.png,11,Pneumothorax
train,train/Pneumothorax/00029688_011.png,11,Pneumothorax
train,train/Nodule/00011379_047.png,9,Nodule
train,train/Cardiomegaly/00020425_000.png,1,Cardiomegaly
train,train/Fibrosis/00008009_012.png,6,Fibrosis
train,train/Fibrosis/00020471_000.png,6,Fibrosis
train,train/Fibrosis/00000820_025.png,6,Fibrosis
train,train/Atelectasis/00000627_028.png,0,Atelectasis
train,train/Edema/00015376_024.png,3,Edema
train,train/Emphysema/00000027_000.png,5,Emphysema
train,train/Atelectasis/00014637_005.png,0,Atelectasis
train,train/Atelectasis/00007199_000.png,0,Atelectasis
train,train/Fibrosis/00008864_007.png,6,Fibrosis
train,train/Nodule/00017123_002.png,9,Nodule
train,train/Pneumonia/00026729_000.png,10,Pneumonia
train,train/Infiltration/00019176_027.png,7,Infiltration
train,train/Emphysema/00018592_006.png,5,Emphysema
train,train/Edema/00007816_012.png,3,Edema
train,train/Infiltration/00028131_012.png,7,Infiltration
train,train/Nodule/00027012_000.png,9,Nodule
train,train/Atelectasis/00009018_005.png,0,Atelectasis
train,train/Effusion/00029326_005.png,4,Effusion
train,train/Edema/00004435_006.png,3,Edema
train,train/Cardiomegaly/00018275_000.png,1,Cardiomegaly
train,train/Pneumonia/00000310_001.png,10,Pneumonia
train,train/Pneumothorax/00025712_001.png,11,Pneumothorax
train,train/Effusion/00008888_051.png,4,Effusion
train,train/Infiltration/00012931_026.png,7,Infiltration
train,train/Mass/00006113_002.png,8,Mass
train,train/Nodule/00019479_010.png,9,Nodule
train,train/Effusion/00005739_000.png,4,Effusion
train,train/Pneumothorax/00004728_002.png,11,Pneumothorax
train,train/Consolidation/00006248_002.png,2,Consolidation
train,train/Infiltration/00020522_000.png,7,Infiltration
train,train/Emphysema/00008468_014.png,5,Emphysema
train,train/Pneumothorax/00025481_000.png,11,Pneumothorax
train,train/Cardiomegaly/00010095_000.png,1,Cardiomegaly
train,train/Emphysema/00000118_000.png,5,Emphysema
train,train/Mass/00004605_020.png,8,Mass
train,train/Cardiomegaly/00004007_004.png,1,Cardiomegaly
train,train/Pneumothorax/00001951_013.png,11,Pneumothorax
train,train/Emphysema/00014829_000.png,5,Emphysema
train,train/Nodule/00027725_022.png,9,Nodule
train,train/Infiltration/00029870_001.png,7,Infiltration
train,train/Edema/00026515_005.png,3,Edema
train,train/Infiltration/00006045_000.png,7,Infiltration
train,train/Consolidation/00009365_014.png,2,Consolidation
train,train/Cardiomegaly/00020042_006.png,1,Cardiomegaly
train,train/Pneumothorax/00011967_007.png,11,Pneumothorax
train,train/Atelectasis/00000827_014.png,0,Atelectasis
train,train/Mass/00026382_000.png,8,Mass
train,train/Effusion/00017648_001.png,4,Effusion
train,train/Nodule/00003550_000.png,9,Nodule
train,train/Consolidation/00021808_002.png,2,Consolidation
train,train/Pneumothorax/00021759_022.png,11,Pneumothorax
train,train/Cardiomegaly/00010968_000.png,1,Cardiomegaly
train,train/Pneumonia/00005639_003.png,10,Pneumonia
train,train/Nodule/00005487_000.png,9,Nodule
train,train/Fibrosis/00000199_004.png,6,Fibrosis
train,train/Effusion/00019899_018.png,4,Effusion
train,train/Mass/00023073_000.png,8,Mass
train,train/Fibrosis/00007109_025.png,6,Fibrosis
train,train/Edema/00030570_004.png,3,Edema
train,train/Pneumothorax/00008304_001.png,11,Pneumothorax
train,train/Consolidation/00017676_005.png,2,Consolidation
train,train/Edema/00017365_003.png,3,Edema
train,train/Pneumonia/00017254_000.png,10,Pneumonia
train,train/Mass/00029310_001.png,8,Mass
train,train/Mass/00006010_002.png,8,Mass
train,train/Atelectasis/00020046_008.png,0,Atelectasis
train,train/Atelectasis/00001088_021.png,0,Atelectasis
train,train/Effusion/00025761_010.png,4,Effusion
train,train/Consolidation/00028618_001.png,2,Consolidation
train,train/Atelectasis/00007692_000.png,0,Atelectasis
train,train/Consolidation/00000766_021.png,2,Consolidation
train,train/Consolidation/00000491_003.png,2,Consolidation
train,train/Fibrosis/00001029_014.png,6,Fibrosis
train,train/Pneumothorax/00029244_003.png,11,Pneumothorax
train,train/Pneumonia/00008362_013.png,10,Pneumonia
train,train/Infiltration/00028822_005.png,7,Infiltration
train,train/Cardiomegaly/00012509_000.png,1,Cardiomegaly
train,train/Cardiomegaly/00005035_004.png,1,Cardiomegaly
train,train/Cardiomegaly/00023768_000.png,1,Cardiomegaly
train,train/Nodule/00030695_000.png,9,Nodule
train,train/Consolidation/00003426_025.png,2,Consolidation
train,train/Mass/00017266_000.png,8,Mass
train,train/Atelectasis/00012053_003.png,0,Atelectasis
train,train/Mass/00010753_000.png,8,Mass
train,train/Nodule/00014933_007.png,9,Nodule
train,train/Emphysema/00020450_020.png,5,Emphysema
train,train/Fibrosis/00010206_000.png,6,Fibrosis
train,train/Atelectasis/00008098_001.png,0,Atelectasis
train,train/Cardiomegaly/00012276_002.png,1,Cardiomegaly
train,train/Effusion/00011568_004.png,4,Effusion
train,train/Emphysema/00020548_002.png,5,Emphysema
train,train/Cardiomegaly/00009813_009.png,1,Cardiomegaly
train,train/Infiltration/00026984_000.png,7,Infiltration
train,train/Pneumonia/00007992_006.png,10,Pneumonia
train,train/Mass/00009848_000.png,8,Mass
train,train/Pneumothorax/00020195_009.png,11,Pneumothorax
train,train/Atelectasis/00003361_003.png,0,Atelectasis
train,train/Fibrosis/00018325_001.png,6,Fibrosis
train,train/Cardiomegaly/00011849_000.png,1,Cardiomegaly
train,train/Effusion/00014006_007.png,4,Effusion
train,train/Mass/00019006_002.png,8,Mass
train,train/Cardiomegaly/00018448_004.png,1,Cardiomegaly
train,train/Nodule/00010801_003.png,9,Nodule
train,train/Atelectasis/00021299_002.png,0,Atelectasis
train,train/Pneumothorax/00015214_012.png,11,Pneumothorax
train,train/Pneumonia/00028764_002.png,10,Pneumonia
train,train/Pneumonia/00003248_007.png,10,Pneumonia
train,train/Emphysema/00002339_005.png,5,Emphysema
train,train/Fibrosis/00013382_000.png,6,Fibrosis
train,train/Nodule/00025505_000.png,9,Nodule
train,train/Emphysema/00008594_005.png,5,Emphysema
train,train/Emphysema/00027700_004.png,5,Emphysema
train,train/Effusion/00005589_001.png,4,Effusion
train,train/Pneumonia/00016425_000.png,10,Pneumonia
train,train/Mass/00016060_000.png,8,Mass
train,train/Infiltration/00003893_000.png,7,Infiltration
train,train/Effusion/00009925_019.png,4,Effusion
train,train/Nodule/00025878_000.png,9,Nodule
train,train/Consolidation/00011299_000.png,2,Consolidation
train,train/Mass/00028819_001.png,8,Mass
train,train/Emphysema/00010942_000.png,5,Emphysema
train,train/Emphysema/00008468_006.png,5,Emphysema
train,train/Fibrosis/00000613_000.png,6,Fibrosis
train,train/Fibrosis/00018335_004.png,6,Fibrosis
train,train/Atelectasis/00000047_004.png,0,Atelectasis
train,train/Pneumothorax/00007705_000.png,11,Pneumothorax
train,train/Nodule/00025628_001.png,9,Nodule
train,train/Mass/00023153_000.png,8,Mass
train,train/Mass/00002361_003.png,8,Mass
train,train/Mass/00013135_000.png,8,Mass
train,train/Edema/00026223_004.png,3,Edema
train,train/Pneumothorax/00015556_008.png,11,Pneumothorax
train,train/Edema/00004435_005.png,3,Edema
train,train/Fibrosis/00007317_019.png,6,Fibrosis
train,train/Emphysema/00006874_000.png,5,Emphysema
train,train/Nodule/00004744_000.png,9,Nodule
train,train/Infiltration/00003534_012.png,7,Infiltration
train,train/Atelectasis/00018044_027.png,0,Atelectasis
train,train/Nodule/00017557_002.png,9,Nodule
train,train/Atelectasis/00003097_001.png,0,Atelectasis
train,train/Edema/00018853_004.png,3,Edema
train,train/Mass/00016212_000.png,8,Mass
train,train/Mass/00026800_000.png,8,Mass
train,train/Consolidation/00026694_006.png,2,Consolidation
train,train/Infiltration/00025303_032.png,7,Infiltration
train,train/Edema/00025768_007.png,3,Edema
train,train/Consolidation/00021176_000.png,2,Consolidation
train,train/Nodule/00018819_001.png,9,Nodule
train,train/Edema/00005184_000.png,3,Edema
train,train/Cardiomegaly/00025754_000.png,1,Cardiomegaly
train,train/Infiltration/00020121_001.png,7,Infiltration
train,train/Mass/00021811_002.png,8,Mass
train,train/Emphysema/00019894_007.png,5,Emphysema
train,train/Effusion/00020373_004.png,4,Effusion
train,train/Emphysema/00000359_002.png,5,Emphysema
train,train/Nodule/00020469_001.png,9,Nodule
train,train/Mass/00016748_000.png,8,Mass
train,train/Consolidation/00002412_007.png,2,Consolidation
train,train/Fibrosis/00025940_000.png,6,Fibrosis
train,train/Infiltration/00006495_003.png,7,Infiltration
train,train/Pneumonia/00016825_000.png,10,Pneumonia
train,train/Nodule/00008715_001.png,9,Nodule
train,train/Nodule/00015562_001.png,9,Nodule
train,train/Pneumonia/00013304_002.png,10,Pneumonia
train,train/Cardiomegaly/00022515_001.png,1,Cardiomegaly
train,train/Infiltration/00022675_000.png,7,Infiltration
train,train/Cardiomegaly/00026233_000.png,1,Cardiomegaly
train,train/Effusion/00013379_001.png,4,Effusion
train,train/Edema/00013875_001.png,3,Edema
train,train/Infiltration/00019176_060.png,7,Infiltration
train,train/Pneumonia/00021399_000.png,10,Pneumonia
train,train/Pneumonia/00027775_004.png,10,Pneumonia
train,train/Edema/00013052_004.png,3,Edema
train,train/Atelectasis/00007755_000.png,0,Atelectasis
train,train/Effusion/00012615_004.png,4,Effusion
train,train/Nodule/00001381_002.png,9,Nodule
train,train/Infiltration/00022156_009.png,7,Infiltration
train,train/Effusion/00019006_005.png,4,Effusion
train,train/Pneumonia/00014072_002.png,10,Pneumonia
train,train/Pneumothorax/00020427_008.png,11,Pneumothorax
train,train/Effusion/00016802_006.png,4,Effusion
train,train/Emphysema/00008861_001.png,5,Emphysema
train,train/Fibrosis/00002284_000.png,6,Fibrosis
train,train/Atelectasis/00014647_010.png,0,Atelectasis
train,train/Emphysema/00025650_002.png,5,Emphysema
train,train/Nodule/00011885_000.png,9,Nodule
train,train/Emphysema/00000165_003.png,5,Emphysema
train,train/Mass/00009273_003.png,8,Mass
train,train/Atelectasis/00010311_001.png,0,Atelectasis
train,train/Edema/00007274_003.png,3,Edema
train,train/Cardiomegaly/00015729_000.png,1,Cardiomegaly
train,train/Cardiomegaly/00015286_000.png,1,Cardiomegaly
train,train/Mass/00003129_002.png,8,Mass
train,train/Effusion/00014000_002.png,4,Effusion
train,train/Nodule/00026187_000.png,9,Nodule
train,train/Emphysema/00010896_001.png,5,Emphysema
train,train/Pneumonia/00021127_018.png,10,Pneumonia
train,train/Infiltration/00019894_035.png,7,Infiltration
train,train/Pneumonia/00006296_032.png,10,Pneumonia
train,train/Nodule/00014934_009.png,9,Nodule
train,train/Fibrosis/00006832_011.png,6,Fibrosis
train,train/Consolidation/00003981_014.png,2,Consolidation
train,train/Infiltration/00020788_000.png,7,Infiltration
train,train/Pneumothorax/00016142_035.png,11,Pneumothorax
train,train/Pneumothorax/00001724_001.png,11,Pneumothorax
train,train/Fibrosis/00007966_002.png,6,Fibrosis
train,train/Mass/00005244_000.png,8,Mass
train,train/Fibrosis/00000359_008.png,6,Fibrosis
train,train/Fibrosis/00016265_002.png,6,Fibrosis
train,train/Infiltration/00029964_002.png,7,Infiltration
train,train/Infiltration/00012663_005.png,7,Infiltration
train,train/Effusion/00018521_005.png,4,Effusion
train,train/Consolidation/00018683_005.png,2,Consolidation
train,train/Fibrosis/00025512_001.png,6,Fibrosis
train,train/Cardiomegaly/00001868_000.png,1,Cardiomegaly
train,train/Mass/00027002_000.png,8,Mass
train,train/Pneumonia/00019962_002.png,10,Pneumonia
train,train/Consolidation/00017110_024.png,2,Consolidation
train,train/Edema/00018739_021.png,3,Edema
train,train/Atelectasis/00007497_007.png,0,Atelectasis
train,train/Fibrosis/00005277_002.png,6,Fibrosis
train,train/Mass/00018373_001.png,8,Mass
train,train/Mass/00005110_006.png,8,Mass
train,train/Atelectasis/00013309_000.png,0,Atelectasis
train,train/Pneumonia/00002109_000.png,10,Pneumonia
train,train/Pneumonia/00003640_004.png,10,Pneumonia
train,train/Pneumonia/00006289_005.png,10,Pneumonia
train,train/Infiltration/00015496_000.png,7,Infiltration
train,train/Emphysema/00007597_001.png,5,Emphysema
train,train/Effusion/00028211_018.png,4,Effusion
train,train/Cardiomegaly/00015588_005.png,1,Cardiomegaly
train,train/Fibrosis/00006752_005.png,6,Fibrosis
train,train/Nodule/00018738_000.png,9,Nodule
train,train/Pneumonia/00001906_004.png,10,Pneumonia
train,train/Nodule/00025806_000.png,9,Nodule
train,train/Atelectasis/00022839_000.png,0,Atelectasis
train,train/Atelectasis/00019049_001.png,0,Atelectasis
train,train/Pneumonia/00005963_025.png,10,Pneumonia
train,train/Atelectasis/00023227_000.png,0,Atelectasis
train,train/Effusion/00013849_003.png,4,Effusion
train,train/Mass/00010744_005.png,8,Mass
train,train/Mass/00029224_000.png,8,Mass
train,train/Emphysema/00012002_000.png,5,Emphysema
train,train/Atelectasis/00011837_010.png,0,Atelectasis
train,train/Edema/00011987_006.png,3,Edema
train,train/Pneumonia/00022156_008.png,10,Pneumonia
train,train/Infiltration/00010315_010.png,7,Infiltration
train,train/Pneumothorax/00002356_000.png,11,Pneumothorax
train,train/Fibrosis/00009329_000.png,6,Fibrosis
train,train/Fibrosis/00017991_008.png,6,Fibrosis
train,train/Pneumothorax/00001984_003.png,11,Pneumothorax
train,train/Effusion/00018019_014.png,4,Effusion
train,train/Infiltration/00027725_026.png,7,Infiltration
train,train/Consolidation/00022897_006.png,2,Consolidation
train,train/Cardiomegaly/00017818_000.png,1,Cardiomegaly
train,train/Nodule/00001584_003.png,9,Nodule
train,train/Pneumothorax/00013408_008.png,11,Pneumothorax
train,train/Pneumothorax/00000416_004.png,11,Pneumothorax
train,train/Nodule/00003393_022.png,9,Nodule
train,train/Infiltration/00029463_001.png,7,Infiltration
train,train/Pneumonia/00015273_000.png,10,Pneumonia
train,train/Cardiomegaly/00022282_003.png,1,Cardiomegaly
train,train/Infiltration/00003534_033.png,7,Infiltration
train,train/Fibrosis/00011543_002.png,6,Fibrosis
train,train/Atelectasis/00026591_000.png,0,Atelectasis
train,train/Fibrosis/00025518_001.png,6,Fibrosis
train,train/Pneumothorax/00010680_000.png,11,Pneumothorax
train,train/Emphysema/00000711_011.png,5,Emphysema
train,train/Effusion/00019899_016.png,4,Effusion
train,train/Effusion/00013966_005.png,4,Effusion
train,train/Mass/00026443_000.png,8,Mass
train,train/Emphysema/00004299_000.png,5,Emphysema
train,train/Atelectasis/00023128_013.png,0,Atelectasis
train,train/Pneumothorax/00021264_002.png,11,Pneumothorax
train,train/Cardiomegaly/00005641_001.png,1,Cardiomegaly
train,train/Pneumothorax/00004330_002.png,11,Pneumothorax
train,train/Pneumonia/00026629_006.png,10,Pneumonia
train,train/Emphysema/00029035_002.png,5,Emphysema
train,train/Edema/00001684_004.png,3,Edema
train,train/Fibrosis/00016413_000.png,6,Fibrosis
train,train/Atelectasis/00002036_000.png,0,Atelectasis
train,train/Infiltration/00002343_000.png,7,Infiltration
train,train/Edema/00004608_004.png,3,Edema
train,train/Fibrosis/00008224_000.png,6,Fibrosis
train,train/Pneumonia/00013678_006.png,10,Pneumonia
train,train/Effusion/00005759_026.png,4,Effusion
train,train/Pneumothorax/00010841_003.png,11,Pneumothorax
train,train/Fibrosis/00016975_004.png,6,Fibrosis
train,train/Atelectasis/00010360_007.png,0,Atelectasis
train,train/Mass/00021383_001.png,8,Mass
train,train/Effusion/00011380_016.png,4,Effusion
train,train/Cardiomegaly/00025684_000.png,1,Cardiomegaly
train,train/Consolidation/00018643_003.png,2,Consolidation
train,train/Pneumothorax/00020652_017.png,11,Pneumothorax
train,train/Nodule/00006903_001.png,9,Nodule
train,train/Cardiomegaly/00027779_000.png,1,Cardiomegaly
train,train/Mass/00003377_009.png,8,Mass
train,train/Effusion/00014465_026.png,4,Effusion
train,train/Fibrosis/00022063_000.png,6,Fibrosis
train,train/Edema/00022065_014.png,3,Edema
train,train/Effusion/00014465_017.png,4,Effusion
train,train/Fibrosis/00005341_000.png,6,Fibrosis
train,train/Pneumonia/00003523_011.png,10,Pneumonia
train,train/Fibrosis/00005646_019.png,6,Fibrosis
train,train/Emphysema/00002359_009.png,5,Emphysema
train,train/Fibrosis/00015087_004.png,6,Fibrosis
train,train/Pneumothorax/00005600_006.png,11,Pneumothorax
train,train/Pneumothorax/00000547_006.png,11,Pneumothorax
train,train/Edema/00027355_003.png,3,Edema
train,train/Pneumonia/00006985_002.png,10,Pneumonia
train,train/Cardiomegaly/00007858_004.png,1,Cardiomegaly
train,train/Emphysema/00025295_002.png,5,Emphysema
train,train/Edema/00012620_007.png,3,Edema
train,train/Pneumothorax/00009350_004.png,11,Pneumothorax
train,train/Atelectasis/00007010_002.png,0,Atelectasis
train,train/Cardiomegaly/00000683_002.png,1,Cardiomegaly
train,train/Cardiomegaly/00029358_016.png,1,Cardiomegaly
train,train/Effusion/00004263_000.png,4,Effusion
train,train/Pneumonia/00026938_000.png,10,Pneumonia
train,train/Atelectasis/00016480_004.png,0,Atelectasis
train,train/Nodule/00020047_001.png,9,Nodule
train,train/Emphysema/00019576_005.png,5,Emphysema
train,train/Emphysema/00018902_000.png,5,Emphysema
train,train/Infiltration/00015791_000.png,7,Infiltration
train,train/Edema/00018373_004.png,3,Edema
train,train/Emphysema/00005132_002.png,5,Emphysema
train,train/Effusion/00010505_010.png,4,Effusion
train,train/Effusion/00016739_000.png,4,Effusion
train,train/Edema/00010627_000.png,3,Edema
train,train/Nodule/00000785_001.png,9,Nodule
train,train/Nodule/00027839_000.png,9,Nodule
train,train/Consolidation/00003548_014.png,2,Consolidation
train,train/Atelectasis/00012848_013.png,0,Atelectasis
train,train/Cardiomegaly/00015774_000.png,1,Cardiomegaly
train,train/Mass/00019927_006.png,8,Mass
train,train/Pneumonia/00014234_000.png,10,Pneumonia
train,train/Pneumothorax/00026604_002.png,11,Pneumothorax
train,train/Pneumonia/00000165_001.png,10,Pneumonia
train,train/Fibrosis/00002739_001.png,6,Fibrosis
train,train/Pneumonia/00006759_001.png,10,Pneumonia
train,train/Atelectasis/00015721_003.png,0,Atelectasis
train,train/Nodule/00005895_006.png,9,Nodule
train,train/Effusion/00013592_010.png,4,Effusion
train,train/Edema/00018251_007.png,3,Edema
train,train/Infiltration/00010582_007.png,7,Infiltration
train,train/Cardiomegaly/00012845_001.png,1,Cardiomegaly
train,train/Fibrosis/00005577_003.png,6,Fibrosis
train,train/Pneumonia/00020171_000.png,10,Pneumonia
train,train/Atelectasis/00019730_010.png,0,Atelectasis
train,train/Fibrosis/00001029_015.png,6,Fibrosis
train,train/Fibrosis/00010368_000.png,6,Fibrosis
train,train/Consolidation/00006629_000.png,2,Consolidation
train,train/Emphysema/00010932_002.png,5,Emphysema
train,train/Fibrosis/00011760_000.png,6,Fibrosis
train,train/Cardiomegaly/00010939_000.png,1,Cardiomegaly
train,train/Consolidation/00029207_002.png,2,Consolidation
train,train/Edema/00011619_009.png,3,Edema
train,train/Emphysema/00013216_007.png,5,Emphysema
train,train/Nodule/00003752_004.png,9,Nodule
train,train/Fibrosis/00019169_020.png,6,Fibrosis
train,train/Mass/00027739_000.png,8,Mass
train,train/Consolidation/00029147_002.png,2,Consolidation
train,train/Fibrosis/00010409_000.png,6,Fibrosis
train,train/Atelectasis/00021937_000.png,0,Atelectasis
train,train/Atelectasis/00015642_000.png,0,Atelectasis
train,train/Infiltration/00002878_018.png,7,Infiltration
train,train/Effusion/00016728_004.png,4,Effusion
train,train/Consolidation/00027775_002.png,2,Consolidation
train,train/Effusion/00014465_023.png,4,Effusion
train,train/Cardiomegaly/00010437_002.png,1,Cardiomegaly
train,train/Fibrosis/00007871_001.png,6,Fibrosis
train,train/Consolidation/00005218_004.png,2,Consolidation
train,train/Cardiomegaly/00017999_007.png,1,Cardiomegaly
train,train/Cardiomegaly/00028871_003.png,1,Cardiomegaly
train,train/Atelectasis/00005172_003.png,0,Atelectasis
train,train/Infiltration/00024936_000.png,7,Infiltration
train,train/Atelectasis/00018562_008.png,0,Atelectasis
train,train/Fibrosis/00000382_002.png,6,Fibrosis
train,train/Consolidation/00009365_020.png,2,Consolidation
train,train/Pneumonia/00018525_000.png,10,Pneumonia
train,train/Effusion/00005750_032.png,4,Effusion
train,train/Pneumonia/00019770_000.png,10,Pneumonia
train,train/Infiltration/00025870_000.png,7,Infiltration
train,train/Consolidation/00002345_012.png,2,Consolidation
train,train/Atelectasis/00012266_001.png,0,Atelectasis
train,train/Infiltration/00012536_002.png,7,Infiltration
train,train/Emphysema/00025849_028.png,5,Emphysema
train,train/Pneumothorax/00003215_000.png,11,Pneumothorax
train,train/Atelectasis/00022312_009.png,0,Atelectasis
train,train/Edema/00006679_013.png,3,Edema
train,train/Consolidation/00002022_001.png,2,Consolidation
train,train/Consolidation/00016011_001.png,2,Consolidation
train,train/Emphysema/00000801_000.png,5,Emphysema
train,train/Infiltration/00025290_023.png,7,Infiltration
train,train/Nodule/00008459_000.png,9,Nodule
train,train/Atelectasis/00023133_004.png,0,Atelectasis
train,train/Mass/00013594_036.png,8,Mass
train,train/Edema/00007332_001.png,3,Edema
train,train/Edema/00010773_027.png,3,Edema
train,train/Consolidation/00028357_015.png,2,Consolidation
train,train/Pneumonia/00012158_021.png,10,Pneumonia
train,train/Consolidation/00016729_002.png,2,Consolidation
train,train/Nodule/00024620_000.png,9,Nodule
train,train/Cardiomegaly/00030572_000.png,1,Cardiomegaly
train,train/Consolidation/00018177_005.png,2,Consolidation
train,train/Atelectasis/00028374_001.png,0,Atelectasis
train,train/Atelectasis/00010199_003.png,0,Atelectasis
train,train/Nodule/00015115_000.png,9,Nodule
train,train/Effusion/00011917_002.png,4,Effusion
train,train/Nodule/00013449_001.png,9,Nodule
train,train/Consolidation/00013668_000.png,2,Consolidation
train,train/Effusion/00010850_004.png,4,Effusion
train,train/Infiltration/00009184_002.png,7,Infiltration
train,train/Mass/00016325_006.png,8,Mass
train,train/Fibrosis/00016224_001.png,6,Fibrosis
train,train/Effusion/00002032_011.png,4,Effusion
train,train/Emphysema/00022431_008.png,5,Emphysema
train,train/Mass/00005110_005.png,8,Mass
train,train/Mass/00015039_013.png,8,Mass
train,train/Effusion/00029358_001.png,4,Effusion
train,train/Nodule/00010646_000.png,9,Nodule
train,train/Cardiomegaly/00005778_016.png,1,Cardiomegaly
train,train/Consolidation/00010994_015.png,2,Consolidation
train,train/Effusion/00025681_001.png,4,Effusion
train,train/Fibrosis/00026236_006.png,6,Fibrosis
train,train/Atelectasis/00020341_004.png,0,Atelectasis
train,train/Edema/00006057_003.png,3,Edema
train,train/Edema/00004079_002.png,3,Edema
train,train/Atelectasis/00010594_002.png,0,Atelectasis
train,train/Pneumothorax/00025800_004.png,11,Pneumothorax
train,train/Consolidation/00012890_002.png,2,Consolidation
train,train/Consolidation/00010222_029.png,2,Consolidation
train,train/Consolidation/00012072_005.png,2,Consolidation
train,train/Infiltration/00020364_000.png,7,Infiltration
train,train/Consolidation/00028357_021.png,2,Consolidation
train,train/Effusion/00013613_001.png,4,Effusion
train,train/Edema/00018972_031.png,3,Edema
train,train/Cardiomegaly/00005566_008.png,1,Cardiomegaly
train,train/Effusion/00011187_002.png,4,Effusion
train,train/Pneumonia/00021572_017.png,10,Pneumonia
train,train/Effusion/00011481_022.png,4,Effusion
train,train/Emphysema/00021750_003.png,5,Emphysema
train,train/Infiltration/00000694_002.png,7,Infiltration
train,train/Mass/00015115_005.png,8,Mass
train,train/Nodule/00012700_000.png,9,Nodule
train,train/Infiltration/00020524_002.png,7,Infiltration
train,train/Fibrosis/00001689_005.png,6,Fibrosis
train,train/Pneumothorax/00004085_000.png,11,Pneumothorax
train,train/Mass/00027230_002.png,8,Mass
train,train/Edema/00005682_007.png,3,Edema
train,train/Fibrosis/00008652_000.png,6,Fibrosis
train,train/Infiltration/00019176_096.png,7,Infiltration
train,train/Pneumonia/00025607_001.png,10,Pneumonia
train,train/Effusion/00026686_000.png,4,Effusion
train,train/Effusion/00014771_005.png,4,Effusion
train,train/Consolidation/00000242_000.png,2,Consolidation
train,train/Effusion/00009919_000.png,4,Effusion
train,train/Nodule/00012148_005.png,9,Nodule
train,train/Cardiomegaly/00002418_000.png,1,Cardiomegaly
train,train/Infiltration/00028606_003.png,7,Infiltration
train,train/Fibrosis/00010042_009.png,6,Fibrosis
train,train/Infiltration/00017963_002.png,7,Infiltration
train,train/Infiltration/00025442_000.png,7,Infiltration
train,train/Emphysema/00002464_000.png,5,Emphysema
train,train/Edema/00012653_003.png,3,Edema
train,train/Mass/00028765_001.png,8,Mass
train,train/Pneumonia/00001182_004.png,10,Pneumonia
train,train/Edema/00005195_002.png,3,Edema
train,train/Atelectasis/00020682_000.png,0,Atelectasis
train,train/Pneumothorax/00007700_003.png,11,Pneumothorax
train,train/Consolidation/00013305_005.png,2,Consolidation
train,train/Edema/00029839_004.png,3,Edema
train,train/Pneumonia/00015628_018.png,10,Pneumonia
train,train/Emphysema/00013837_000.png,5,Emphysema
train,train/Pneumonia/00026085_000.png,10,Pneumonia
train,train/Emphysema/00008959_000.png,5,Emphysema
train,train/Atelectasis/00007576_037.png,0,Atelectasis
train,train/Atelectasis/00012471_003.png,0,Atelectasis
train,train/Infiltration/00002192_001.png,7,Infiltration
train,train/Pneumothorax/00029437_005.png,11,Pneumothorax
train,train/Cardiomegaly/00003598_002.png,1,Cardiomegaly
train,train/Pneumonia/00003510_008.png,10,Pneumonia
train,train/Pneumonia/00008401_006.png,10,Pneumonia
train,train/Fibrosis/00000232_000.png,6,Fibrosis
train,train/Pneumonia/00011966_006.png,10,Pneumonia
train,train/Consolidation/00000238_002.png,2,Consolidation
train,train/Emphysema/00008071_000.png,5,Emphysema
train,train/Cardiomegaly/00006483_000.png,1,Cardiomegaly
train,train/Cardiomegaly/00004824_011.png,1,Cardiomegaly
train,train/Nodule/00001772_001.png,9,Nodule
train,train/Pneumothorax/00001968_000.png,11,Pneumothorax
train,train/Effusion/00021120_000.png,4,Effusion
train,train/Mass/00020290_000.png,8,Mass
train,train/Infiltration/00005995_005.png,7,Infiltration
train,train/Consolidation/00011692_001.png,2,Consolidation
train,train/Cardiomegaly/00000442_003.png,1,Cardiomegaly
train,train/Mass/00011913_001.png,8,Mass
train,train/Nodule/00026925_009.png,9,Nodule
train,train/Cardiomegaly/00027953_000.png,1,Cardiomegaly
train,train/Emphysema/00010077_008.png,5,Emphysema
train,train/Atelectasis/00012304_001.png,0,Atelectasis
train,train/Edema/00020629_009.png,3,Edema
train,train/Consolidation/00000877_006.png,2,Consolidation
train,train/Cardiomegaly/00013184_001.png,1,Cardiomegaly
train,train/Atelectasis/00025533_000.png,0,Atelectasis
train,train/Pneumothorax/00012233_006.png,11,Pneumothorax
train,train/Pneumonia/00011147_000.png,10,Pneumonia
train,train/Cardiomegaly/00029665_000.png,1,Cardiomegaly
train,train/Pneumothorax/00014530_006.png,11,Pneumothorax
train,train/Nodule/00019279_000.png,9,Nodule
train,train/Infiltration/00012257_002.png,7,Infiltration
train,train/Emphysema/00018524_001.png,5,Emphysema
train,train/Mass/00014604_000.png,8,Mass
train,train/Emphysema/00002339_004.png,5,Emphysema
train,train/Atelectasis/00014852_001.png,0,Atelectasis
train,train/Mass/00010584_001.png,8,Mass
train,train/Atelectasis/00008238_001.png,0,Atelectasis
train,train/Pneumothorax/00029035_005.png,11,Pneumothorax
train,train/Cardiomegaly/00016760_000.png,1,Cardiomegaly
train,train/Effusion/00003393_059.png,4,Effusion
train,train/Emphysema/00013205_002.png,5,Emphysema
train,train/Infiltration/00009302_015.png,7,Infiltration
train,train/Effusion/00009600_010.png,4,Effusion
train,train/Fibrosis/00001429_000.png,6,Fibrosis
train,train/Emphysema/00010955_000.png,5,Emphysema
train,train/Atelectasis/00013620_006.png,0,Atelectasis
train,train/Edema/00016410_012.png,3,Edema
train,train/Nodule/00020537_005.png,9,Nodule
train,train/Nodule/00003126_015.png,9,Nodule
train,train/Edema/00026828_020.png,3,Edema
train,train/Effusion/00007095_005.png,4,Effusion
train,train/Infiltration/00025377_002.png,7,Infiltration
train,train/Effusion/00008039_005.png,4,Effusion
train,train/Infiltration/00020037_001.png,7,Infiltration
train,train/Mass/00004532_000.png,8,Mass
train,train/Consolidation/00015606_009.png,2,Consolidation
train,train/Effusion/00000591_014.png,4,Effusion
train,train/Pneumonia/00021571_000.png,10,Pneumonia
train,train/Mass/00015920_006.png,8,Mass
train,train/Effusion/00013576_005.png,4,Effusion
train,train/Cardiomegaly/00002256_016.png,1,Cardiomegaly
train,train/Pneumothorax/00016486_011.png,11,Pneumothorax
train,train/Infiltration/00004857_037.png,7,Infiltration
train,train/Atelectasis/00003002_011.png,0,Atelectasis
train,train/Edema/00012863_012.png,3,Edema
train,train/Infiltration/00005918_003.png,7,Infiltration
train,train/Atelectasis/00024237_000.png,0,Atelectasis
train,train/Mass/00013133_000.png,8,Mass
train,train/Cardiomegaly/00007688_000.png,1,Cardiomegaly
train,train/Edema/00004508_012.png,3,Edema
train,train/Pneumothorax/00003011_004.png,11,Pneumothorax
train,train/Consolidation/00005693_000.png,2,Consolidation
train,train/Pneumothorax/00026469_004.png,11,Pneumothorax
train,train/Infiltration/00020340_008.png,7,Infiltration
train,train/Pneumothorax/00003760_000.png,11,Pneumothorax
train,train/Edema/00004992_015.png,3,Edema
train,train/Effusion/00002353_002.png,4,Effusion
train,train/Edema/00018895_000.png,3,Edema
train,train/Fibrosis/00002649_002.png,6,Fibrosis
train,train/Consolidation/00007762_007.png,2,Consolidation
train,train/Emphysema/00026615_000.png,5,Emphysema
train,train/Infiltration/00024898_000.png,7,Infiltration
train,train/Effusion/00012640_007.png,4,Effusion
train,train/Edema/00027725_009.png,3,Edema
train,train/Pneumonia/00007787_001.png,10,Pneumonia
train,train/Pneumothorax/00018263_002.png,11,Pneumothorax
train,train/Pneumothorax/00009736_016.png,11,Pneumothorax
train,train/Pneumothorax/00021759_023.png,11,Pneumothorax
train,train/Emphysema/00005167_000.png,5,Emphysema
train,train/Emphysema/00012882_000.png,5,Emphysema
train,train/Effusion/00006344_000.png,4,Effusion
train,train/Edema/00015376_029.png,3,Edema
train,train/Atelectasis/00010340_002.png,0,Atelectasis
train,train/Emphysema/00026986_002.png,5,Emphysema
train,train/Cardiomegaly/00006875_007.png,1,Cardiomegaly
train,train/Pneumothorax/00027066_008.png,11,Pneumothorax
train,train/Pneumothorax/00007076_014.png,11,Pneumothorax
train,train/Infiltration/00020625_000.png,7,Infiltration
train,train/Infiltration/00005832_027.png,7,Infiltration
train,train/Nodule/00012921_000.png,9,Nodule
train,train/Mass/00027391_001.png,8,Mass
train,train/Nodule/00016509_002.png,9,Nodule
train,train/Fibrosis/00008419_000.png,6,Fibrosis
train,train/Infiltration/00001362_002.png,7,Infiltration
train,train/Consolidation/00005626_006.png,2,Consolidation
train,train/Fibrosis/00000676_004.png,6,Fibrosis
train,train/Effusion/00014320_054.png,4,Effusion
train,train/Nodule/00002165_001.png,9,Nodule
train,train/Fibrosis/00030702_000.png,6,Fibrosis
train,train/Effusion/00004862_000.png,4,Effusion
train,train/Consolidation/00008734_002.png,2,Consolidation
train,train/Nodule/00020092_000.png,9,Nodule
train,train/Consolidation/00006906_023.png,2,Consolidation
train,train/Consolidation/00009727_039.png,2,Consolidation
train,train/Mass/00017467_015.png,8,Mass
train,train/Atelectasis/00009600_023.png,0,Atelectasis
train,train/Effusion/00001232_001.png,4,Effusion
train,train/Infiltration/00025849_005.png,7,Infiltration
train,train/Infiltration/00025421_005.png,7,Infiltration
train,train/Fibrosis/00000901_004.png,6,Fibrosis
train,train/Edema/00002655_003.png,3,Edema
train,train/Infiltration/00018237_042.png,7,Infiltration
train,train/Edema/00006446_007.png,3,Edema
train,train/Pneumothorax/00002146_007.png,11,Pneumothorax
train,train/Cardiomegaly/00029246_000.png,1,Cardiomegaly
train,train/Pneumothorax/00005666_019.png,11,Pneumothorax
train,train/Nodule/00012520_005.png,9,Nodule
train,train/Consolidation/00006039_019.png,2,Consolidation
train,train/Mass/00014653_002.png,8,Mass
train,train/Consolidation/00012911_003.png,2,Consolidation
train,train/Nodule/00004519_013.png,9,Nodule
train,train/Pneumonia/00026112_001.png,10,Pneumonia
train,train/Mass/00025924_028.png,8,Mass
train,train/Fibrosis/00006199_013.png,6,Fibrosis
train,train/Pneumonia/00001529_002.png,10,Pneumonia
train,train/Effusion/00004577_007.png,4,Effusion
train,train/Mass/00016778_049.png,8,Mass
train,train/Edema/00013085_000.png,3,Edema
train,train/Mass/00026015_000.png,8,Mass
train,train/Effusion/00007909_004.png,4,Effusion
train,train/Cardiomegaly/00029459_002.png,1,Cardiomegaly
train,train/Atelectasis/00004235_000.png,0,Atelectasis
train,train/Consolidation/00014715_013.png,2,Consolidation
train,train/Mass/00026202_003.png,8,Mass
train,train/Mass/00003221_012.png,8,Mass
train,train/Consolidation/00000627_030.png,2,Consolidation
train,train/Nodule/00027560_000.png,9,Nodule
train,train/Infiltration/00030570_003.png,7,Infiltration
train,train/Infiltration/00002491_002.png,7,Infiltration
train,train/Pneumonia/00020928_000.png,10,Pneumonia
train,train/Atelectasis/00011544_001.png,0,Atelectasis
train,train/Infiltration/00008009_033.png,7,Infiltration
train,train/Consolidation/00007762_011.png,2,Consolidation
train,train/Atelectasis/00018663_008.png,0,Atelectasis
train,train/Emphysema/00012718_001.png,5,Emphysema
train,train/Atelectasis/00019530_011.png,0,Atelectasis
train,train/Mass/00002361_006.png,8,Mass
train,train/Cardiomegaly/00003410_000.png,1,Cardiomegaly
train,train/Nodule/00002353_003.png,9,Nodule
train,train/Infiltration/00030770_001.png,7,Infiltration
train,train/Emphysema/00002935_000.png,5,Emphysema
train,train/Pneumothorax/00017731_007.png,11,Pneumothorax
train,train/Edema/00018373_003.png,3,Edema
train,train/Emphysema/00007342_000.png,5,Emphysema
train,train/Infiltration/00022635_000.png,7,Infiltration
train,train/Fibrosis/00000529_000.png,6,Fibrosis
train,train/Nodule/00029287_000.png,9,Nodule
train,train/Nodule/00001738_002.png,9,Nodule
train,train/Cardiomegaly/00029472_000.png,1,Cardiomegaly
train,train/Cardiomegaly/00020688_000.png,1,Cardiomegaly
train,train/Mass/00011741_009.png,8,Mass
train,train/Emphysema/00012960_002.png,5,Emphysema
train,train/Consolidation/00026232_014.png,2,Consolidation
train,train/Mass/00017819_001.png,8,Mass
train,train/Atelectasis/00019757_000.png,0,Atelectasis
train,train/Consolidation/00004673_007.png,2,Consolidation
train,train/Emphysema/00010369_003.png,5,Emphysema
train,train/Consolidation/00022699_002.png,2,Consolidation
train,train/Atelectasis/00011896_021.png,0,Atelectasis
train,train/Infiltration/00018989_006.png,7,Infiltration
train,train/Pneumonia/00026883_001.png,10,Pneumonia
train,train/Effusion/00003741_001.png,4,Effusion
train,train/Infiltration/00030568_000.png,7,Infiltration
train,train/Pneumothorax/00021770_015.png,11,Pneumothorax
train,train/Atelectasis/00000109_000.png,0,Atelectasis
train,train/Pneumothorax/00018521_009.png,11,Pneumothorax
train,train/Fibrosis/00028175_000.png,6,Fibrosis
train,train/Pneumonia/00011386_000.png,10,Pneumonia
train,train/Consolidation/00014423_004.png,2,Consolidation
train,train/Consolidation/00005332_000.png,2,Consolidation
train,train/Mass/00013063_001.png,8,Mass
train,train/Pneumothorax/00016051_013.png,11,Pneumothorax
train,train/Emphysema/00012620_000.png,5,Emphysema
train,train/Atelectasis/00010420_003.png,0,Atelectasis
train,train/Cardiomegaly/00003552_000.png,1,Cardiomegaly
train,train/Edema/00026925_015.png,3,Edema
train,train/Edema/00016232_005.png,3,Edema
train,train/Infiltration/00005466_003.png,7,Infiltration
train,train/Effusion/00017295_001.png,4,Effusion
train,train/Atelectasis/00030695_001.png,0,Atelectasis
train,train/Infiltration/00027345_000.png,7,Infiltration
train,train/Edema/00010142_007.png,3,Edema
train,train/Emphysema/00006142_005.png,5,Emphysema
train,train/Pneumonia/00010384_035.png,10,Pneumonia
train,train/Atelectasis/00016620_000.png,0,Atelectasis
train,train/Effusion/00010841_005.png,4,Effusion
train,train/Cardiomegaly/00014449_001.png,1,Cardiomegaly
train,train/Atelectasis/00012487_019.png,0,Atelectasis
train,train/Mass/00010093_002.png,8,Mass
train,train/Nodule/00029229_000.png,9,Nodule
train,train/Consolidation/00007762_010.png,2,Consolidation
train,train/Effusion/00021119_006.png,4,Effusion
train,train/Consolidation/00019756_004.png,2,Consolidation
train,train/Effusion/00018644_005.png,4,Effusion
train,train/Pneumonia/00003510_009.png,10,Pneumonia
train,train/Edema/00021970_003.png,3,Edema
train,train/Edema/00016399_017.png,3,Edema
train,train/Effusion/00004541_002.png,4,Effusion
train,train/Emphysema/00009169_001.png,5,Emphysema
train,train/Nodule/00020398_032.png,9,Nodule
train,train/Nodule/00006926_002.png,9,Nodule
train,train/Consolidation/00025754_003.png,2,Consolidation
train,train/Consolidation/00003005_020.png,2,Consolidation
train,train/Mass/00004621_000.png,8,Mass
train,train/Pneumothorax/00011423_003.png,11,Pneumothorax
train,train/Cardiomegaly/00003180_000.png,1,Cardiomegaly
train,train/Emphysema/00000254_000.png,5,Emphysema
train,train/Cardiomegaly/00000330_000.png,1,Cardiomegaly
train,train/Emphysema/00002323_000.png,5,Emphysema
train,train/Pneumothorax/00006763_011.png,11,Pneumothorax
train,train/Pneumonia/00011882_000.png,10,Pneumonia
train,train/Pneumothorax/00012752_003.png,11,Pneumothorax
train,train/Pneumothorax/00021006_027.png,11,Pneumothorax
train,train/Fibrosis/00014849_011.png,6,Fibrosis
train,train/Emphysema/00017340_001.png,5,Emphysema
train,train/Edema/00013342_006.png,3,Edema
train,train/Mass/00017262_002.png,8,Mass
train,train/Pneumothorax/00029688_006.png,11,Pneumothorax
train,train/Pneumothorax/00025082_005.png,11,Pneumothorax
train,train/Cardiomegaly/00011764_004.png,1,Cardiomegaly
train,train/Consolidation/00004979_000.png,2,Consolidation
train,train/Mass/00019174_000.png,8,Mass
train,train/Effusion/00025924_018.png,4,Effusion
train,train/Consolidation/00013307_006.png,2,Consolidation
train,train/Edema/00004646_005.png,3,Edema
train,train/Effusion/00028292_005.png,4,Effusion
train,train/Consolidation/00028385_000.png,2,Consolidation
train,train/Consolidation/00010530_011.png,2,Consolidation
train,train/Atelectasis/00020319_007.png,0,Atelectasis
train,train/Infiltration/00021909_000.png,7,Infiltration
train,train/Consolidation/00027806_000.png,2,Consolidation
train,train/Consolidation/00018724_028.png,2,Consolidation
train,train/Atelectasis/00019845_000.png,0,Atelectasis
train,train/Effusion/00013216_005.png,4,Effusion
train,train/Pneumonia/00021369_002.png,10,Pneumonia
train,train/Atelectasis/00002446_000.png,0,Atelectasis
train,train/Cardiomegaly/00019801_000.png,1,Cardiomegaly
train,train/Consolidation/00015370_007.png,2,Consolidation
train,train/Mass/00011130_005.png,8,Mass
train,train/Infiltration/00005079_016.png,7,Infiltration
train,train/Cardiomegaly/00006493_000.png,1,Cardiomegaly
train,train/Nodule/00005604_000.png,9,Nodule
train,train/Consolidation/00007437_000.png,2,Consolidation
train,train/Pneumonia/00001637_001.png,10,Pneumonia
train,train/Atelectasis/00017155_000.png,0,Atelectasis
train,train/Nodule/00007274_008.png,9,Nodule
train,train/Mass/00018899_001.png,8,Mass
train,train/Pneumothorax/00016318_004.png,11,Pneumothorax
train,train/Nodule/00016369_000.png,9,Nodule
train,train/Fibrosis/00002112_002.png,6,Fibrosis
train,train/Pneumothorax/00012315_022.png,11,Pneumothorax
train,train/Pneumonia/00002572_006.png,10,Pneumonia
train,train/Nodule/00013193_000.png,9,Nodule
train,train/Cardiomegaly/00000825_003.png,1,Cardiomegaly
train,train/Edema/00012236_005.png,3,Edema
train,train/Fibrosis/00000403_000.png,6,Fibrosis
train,train/Atelectasis/00018854_002.png,0,Atelectasis
train,train/Fibrosis/00000067_000.png,6,Fibrosis
train,train/Fibrosis/00008490_005.png,6,Fibrosis
train,train/Nodule/00005939_007.png,9,Nodule
train,train/Atelectasis/00002611_010.png,0,Atelectasis
train,train/Mass/00025128_001.png,8,Mass
train,train/Pneumonia/00010505_018.png,10,Pneumonia
train,train/Consolidation/00028357_020.png,2,Consolidation
train,train/Fibrosis/00001029_016.png,6,Fibrosis
train,train/Fibrosis/00010995_001.png,6,Fibrosis
train,train/Cardiomegaly/00011443_001.png,1,Cardiomegaly
train,train/Atelectasis/00015969_001.png,0,Atelectasis
train,train/Infiltration/00025290_021.png,7,Infiltration
train,train/Fibrosis/00003887_001.png,6,Fibrosis
train,train/Effusion/00008561_008.png,4,Effusion
train,train/Nodule/00004436_002.png,9,Nodule
train,train/Emphysema/00024903_000.png,5,Emphysema
train,train/Mass/00010938_001.png,8,Mass
train,train/Effusion/00008964_004.png,4,Effusion
train,train/Fibrosis/00005577_001.png,6,Fibrosis
train,train/Mass/00004094_009.png,8,Mass
train,train/Pneumothorax/00027304_000.png,11,Pneumothorax
train,train/Effusion/00027584_010.png,4,Effusion
train,train/Consolidation/00013467_020.png,2,Consolidation
train,train/Consolidation/00005179_006.png,2,Consolidation
train,train/Edema/00010627_001.png,3,Edema
train,train/Effusion/00003957_002.png,4,Effusion
train,train/Consolidation/00012276_008.png,2,Consolidation
train,train/Atelectasis/00014381_003.png,0,Atelectasis
train,train/Consolidation/00003606_001.png,2,Consolidation
train,train/Nodule/00006253_002.png,9,Nodule
train,train/Nodule/00008342_028.png,9,Nodule
train,train/Cardiomegaly/00012898_000.png,1,Cardiomegaly
train,train/Effusion/00004605_018.png,4,Effusion
train,train/Effusion/00007185_015.png,4,Effusion
train,train/Atelectasis/00009278_000.png,0,Atelectasis
train,train/Consolidation/00018829_012.png,2,Consolidation
train,train/Cardiomegaly/00003567_000.png,1,Cardiomegaly
train,train/Consolidation/00006248_000.png,2,Consolidation
train,train/Atelectasis/00006022_007.png,0,Atelectasis
train,train/Atelectasis/00014991_000.png,0,Atelectasis
train,train/Fibrosis/00006393_005.png,6,Fibrosis
train,train/Emphysema/00008500_000.png,5,Emphysema
train,train/Atelectasis/00023111_006.png,0,Atelectasis
train,train/Fibrosis/00000545_004.png,6,Fibrosis
train,train/Edema/00010222_016.png,3,Edema
train,train/Emphysema/00011481_002.png,5,Emphysema
train,train/Emphysema/00028611_027.png,5,Emphysema
train,train/Consolidation/00019176_016.png,2,Consolidation
train,train/Mass/00028258_002.png,8,Mass
train,train/Cardiomegaly/00005778_026.png,1,Cardiomegaly
train,train/Fibrosis/00004065_001.png,6,Fibrosis
train,train/Pneumonia/00006260_001.png,10,Pneumonia
train,train/Pneumothorax/00006762_004.png,11,Pneumothorax
train,train/Pneumonia/00026179_003.png,10,Pneumonia
train,train/Emphysema/00016749_000.png,5,Emphysema
train,train/Consolidation/00011553_041.png,2,Consolidation
train,train/Cardiomegaly/00011190_000.png,1,Cardiomegaly
train,train/Cardiomegaly/00004746_004.png,1,Cardiomegaly
train,train/Effusion/00011144_021.png,4,Effusion
train,train/Mass/00018815_000.png,8,Mass
train,train/Consolidation/00019176_054.png,2,Consolidation
train,train/Atelectasis/00000314_000.png,0,Atelectasis
train,train/Pneumonia/00018191_003.png,10,Pneumonia
train,train/Edema/00020966_006.png,3,Edema
train,train/Atelectasis/00011596_004.png,0,Atelectasis
train,train/Consolidation/00014145_012.png,2,Consolidation
train,train/Consolidation/00018627_001.png,2,Consolidation
train,train/Fibrosis/00029606_000.png,6,Fibrosis
train,train/Mass/00026202_001.png,8,Mass
train,train/Atelectasis/00010080_002.png,0,Atelectasis
train,train/Mass/00009093_004.png,8,Mass
train,train/Emphysema/00015556_005.png,5,Emphysema
train,train/Mass/00016477_000.png,8,Mass
train,train/Consolidation/00007953_002.png,2,Consolidation
train,train/Pneumonia/00015809_014.png,10,Pneumonia
train,train/Pneumothorax/00003709_011.png,11,Pneumothorax
train,train/Nodule/00014805_000.png,9,Nodule
train,train/Atelectasis/00029451_002.png,0,Atelectasis
train,train/Atelectasis/00002981_001.png,0,Atelectasis
train,train/Infiltration/00019785_015.png,7,Infiltration
train,train/Atelectasis/00011156_009.png,0,Atelectasis
train,train/Fibrosis/00012643_004.png,6,Fibrosis
train,train/Effusion/00001458_002.png,4,Effusion
train,train/Atelectasis/00008306_000.png,0,Atelectasis
train,train/Effusion/00013424_002.png,4,Effusion
train,train/Pneumonia/00026374_004.png,10,Pneumonia
train,train/Effusion/00006497_004.png,4,Effusion
train,train/Infiltration/00019643_037.png,7,Infiltration
train,train/Nodule/00002361_001.png,9,Nodule
train,train/Cardiomegaly/00011140_015.png,1,Cardiomegaly
train,train/Consolidation/00010017_002.png,2,Consolidation
train,train/Consolidation/00027760_000.png,2,Consolidation
train,train/Nodule/00028019_001.png,9,Nodule
train,train/Consolidation/00025768_004.png,2,Consolidation
train,train/Pneumonia/00001018_005.png,10,Pneumonia
train,train/Nodule/00002203_000.png,9,Nodule
train,train/Infiltration/00001948_001.png,7,Infiltration
train,train/Mass/00014010_001.png,8,Mass
train,train/Infiltration/00020100_000.png,7,Infiltration
train,train/Pneumonia/00001837_002.png,10,Pneumonia
train,train/Nodule/00020158_005.png,9,Nodule
train,train/Emphysema/00022270_003.png,5,Emphysema
train,train/Mass/00022146_003.png,8,Mass
train,train/Pneumothorax/00017227_006.png,11,Pneumothorax
train,train/Emphysema/00003219_005.png,5,Emphysema
train,train/Pneumothorax/00011618_008.png,11,Pneumothorax
train,train/Infiltration/00015768_008.png,7,Infiltration
train,train/Consolidation/00025600_003.png,2,Consolidation
train,train/Pneumonia/00013997_000.png,10,Pneumonia
train,train/Infiltration/00028121_000.png,7,Infiltration
train,train/Emphysema/00008468_034.png,5,Emphysema
train,train/Effusion/00000870_012.png,4,Effusion
train,train/Emphysema/00016883_001.png,5,Emphysema
train,train/Fibrosis/00008981_002.png,6,Fibrosis
train,train/Edema/00016991_010.png,3,Edema
train,train/Nodule/00020197_004.png,9,Nodule
train,train/Fibrosis/00014320_047.png,6,Fibrosis
train,train/Pneumonia/00014647_009.png,10,Pneumonia
train,train/Pneumonia/00021627_007.png,10,Pneumonia
train,train/Emphysema/00000376_002.png,5,Emphysema
train,train/Nodule/00003868_002.png,9,Nodule
train,train/Emphysema/00008045_000.png,5,Emphysema
train,train/Cardiomegaly/00006317_003.png,1,Cardiomegaly
train,train/Nodule/00029722_000.png,9,Nodule
train,train/Infiltration/00019639_001.png,7,Infiltration
train,train/Emphysema/00004741_002.png,5,Emphysema
train,train/Emphysema/00011343_000.png,5,Emphysema
train,train/Infiltration/00020209_005.png,7,Infiltration
train,train/Pneumonia/00021016_000.png,10,Pneumonia
train,train/Pneumothorax/00029869_005.png,11,Pneumothorax
train,train/Cardiomegaly/00007961_001.png,1,Cardiomegaly
train,train/Emphysema/00029821_011.png,5,Emphysema
train,train/Edema/00002552_002.png,3,Edema
train,train/Edema/00016789_009.png,3,Edema
train,train/Infiltration/00015087_007.png,7,Infiltration
train,train/Consolidation/00008369_000.png,2,Consolidation
train,train/Infiltration/00008251_015.png,7,Infiltration
train,train/Cardiomegaly/00025290_028.png,1,Cardiomegaly
train,train/Atelectasis/00019788_001.png,0,Atelectasis
train,train/Infiltration/00030600_000.png,7,Infiltration
train,train/Infiltration/00017647_002.png,7,Infiltration
train,train/Effusion/00005270_004.png,4,Effusion
train,train/Mass/00018663_011.png,8,Mass
train,train/Infiltration/00027240_003.png,7,Infiltration
train,train/Cardiomegaly/00013036_010.png,1,Cardiomegaly
train,train/Consolidation/00014558_020.png,2,Consolidation
train,train/Pneumonia/00016036_001.png,10,Pneumonia
train,train/Pneumothorax/00021759_024.png,11,Pneumothorax
train,train/Atelectasis/00003262_003.png,0,Atelectasis
train,train/Mass/00017478_000.png,8,Mass
train,train/Fibrosis/00006553_001.png,6,Fibrosis
train,train/Effusion/00005556_005.png,4,Effusion
train,train/Fibrosis/00005554_000.png,6,Fibrosis
train,train/Consolidation/00012628_056.png,2,Consolidation
train,train/Pneumothorax/00008009_015.png,11,Pneumothorax
train,train/Pneumonia/00010586_000.png,10,Pneumonia
train,train/Infiltration/00023255_000.png,7,Infiltration
train,train/Fibrosis/00014849_000.png,6,Fibrosis
train,train/Atelectasis/00008856_000.png,0,Atelectasis
train,train/Mass/00008888_035.png,8,Mass
train,train/Mass/00015167_002.png,8,Mass
train,train/Pneumonia/00000144_001.png,10,Pneumonia
train,train/Pneumothorax/00011350_001.png,11,Pneumothorax
train,train/Emphysema/00019894_009.png,5,Emphysema
train,train/Mass/00020398_030.png,8,Mass
train,train/Atelectasis/00021220_002.png,0,Atelectasis
train,train/Consolidation/00025017_000.png,2,Consolidation
train,train/Effusion/00018404_015.png,4,Effusion
train,train/Fibrosis/00001974_015.png,6,Fibrosis
train,train/Consolidation/00018669_009.png,2,Consolidation
train,train/Emphysema/00027120_002.png,5,Emphysema
train,train/Fibrosis/00010914_010.png,6,Fibrosis
train,train/Edema/00025189_011.png,3,Edema
train,train/Infiltration/00029519_001.png,7,Infiltration
train,train/Nodule/00018852_001.png,9,Nodule
train,train/Mass/00021696_000.png,8,Mass
train,train/Consolidation/00006832_003.png,2,Consolidation
train,train/Edema/00013342_008.png,3,Edema
train,train/Cardiomegaly/00012646_012.png,1,Cardiomegaly
train,train/Atelectasis/00001101_012.png,0,Atelectasis
train,train/Nodule/00022065_019.png,9,Nodule
train,train/Edema/00023048_000.png,3,Edema
train,train/Effusion/00015495_010.png,4,Effusion
train,train/Atelectasis/00019959_004.png,0,Atelectasis
train,train/Emphysema/00016772_010.png,5,Emphysema
train,train/Pneumonia/00006832_001.png,10,Pneumonia
train,train/Atelectasis/00003681_004.png,0,Atelectasis
train,train/Nodule/00004806_000.png,9,Nodule
train,train/Consolidation/00016410_059.png,2,Consolidation
train,train/Edema/00022466_003.png,3,Edema
train,train/Emphysema/00010814_002.png,5,Emphysema
train,train/Nodule/00009465_000.png,9,Nodule
train,train/Edema/00015414_011.png,3,Edema
train,train/Emphysema/00029933_000.png,5,Emphysema
train,train/Pneumothorax/00021023_020.png,11,Pneumothorax
train,train/Emphysema/00006024_010.png,5,Emphysema
train,train/Pneumonia/00009798_016.png,10,Pneumonia
train,train/Cardiomegaly/00008002_000.png,1,Cardiomegaly
train,train/Fibrosis/00016691_001.png,6,Fibrosis
train,train/Infiltration/00008745_003.png,7,Infiltration
train,train/Nodule/00007061_007.png,9,Nodule
train,train/Emphysema/00029165_006.png,5,Emphysema
train,train/Emphysema/00004440_001.png,5,Emphysema
train,train/Pneumothorax/00028256_004.png,11,Pneumothorax
train,train/Emphysema/00010787_001.png,5,Emphysema
train,train/Mass/00023296_011.png,8,Mass
train,train/Fibrosis/00006786_000.png,6,Fibrosis
train,train/Cardiomegaly/00012463_000.png,1,Cardiomegaly
train,train/Atelectasis/00006804_001.png,0,Atelectasis
train,train/Nodule/00015173_004.png,9,Nodule
train,train/Consolidation/00023090_000.png,2,Consolidation
train,train/Emphysema/00004587_000.png,5,Emphysema
train,train/Pneumonia/00019865_013.png,10,Pneumonia
train,train/Pneumothorax/00026281_000.png,11,Pneumothorax
train,train/Cardiomegaly/00006166_000.png,1,Cardiomegaly
train,train/Fibrosis/00000524_002.png,6,Fibrosis
train,train/Effusion/00011632_010.png,4,Effusion
train,train/Emphysema/00007793_000.png,5,Emphysema
train,train/Effusion/00013307_005.png,4,Effusion
train,train/Pneumothorax/00005539_000.png,11,Pneumothorax
train,train/Mass/00021499_020.png,8,Mass
train,train/Edema/00020928_014.png,3,Edema
train,train/Emphysema/00018472_007.png,5,Emphysema
train,train/Infiltration/00016943_000.png,7,Infiltration
train,train/Cardiomegaly/00003990_000.png,1,Cardiomegaly
train,train/Atelectasis/00005537_012.png,0,Atelectasis
train,train/Pneumonia/00002451_007.png,10,Pneumonia
train,train/Pneumothorax/00029903_016.png,11,Pneumothorax
train,train/Mass/00016475_009.png,8,Mass
train,train/Infiltration/00022832_018.png,7,Infiltration
train,train/Fibrosis/00012728_000.png,6,Fibrosis
train,train/Cardiomegaly/00020968_000.png,1,Cardiomegaly
train,train/Pneumothorax/00023160_010.png,11,Pneumothorax
train,train/Infiltration/00019650_004.png,7,Infiltration
train,train/Atelectasis/00025695_022.png,0,Atelectasis
train,train/Fibrosis/00012853_001.png,6,Fibrosis
train,train/Infiltration/00016826_000.png,7,Infiltration
train,train/Pneumonia/00011472_001.png,10,Pneumonia
train,train/Effusion/00012562_000.png,4,Effusion
train,train/Nodule/00028258_006.png,9,Nodule
train,train/Infiltration/00029687_001.png,7,Infiltration
train,train/Pneumonia/00010693_012.png,10,Pneumonia
train,train/Edema/00006446_002.png,3,Edema
train,train/Effusion/00001723_004.png,4,Effusion
train,train/Atelectasis/00008051_037.png,0,Atelectasis
train,train/Cardiomegaly/00004843_001.png,1,Cardiomegaly
train,train/Atelectasis/00021012_004.png,0,Atelectasis
train,train/Pneumonia/00014393_007.png,10,Pneumonia
train,train/Infiltration/00001901_001.png,7,Infiltration
train,train/Pneumonia/00003211_000.png,10,Pneumonia
train,train/Pneumonia/00015977_002.png,10,Pneumonia
train,train/Atelectasis/00027815_000.png,0,Atelectasis
train,train/Consolidation/00006653_019.png,2,Consolidation
train,train/Pneumothorax/00000285_006.png,11,Pneumothorax
train,train/Pneumothorax/00000827_020.png,11,Pneumothorax
train,train/Emphysema/00012315_014.png,5,Emphysema
train,train/Consolidation/00007979_000.png,2,Consolidation
train,train/Cardiomegaly/00016484_002.png,1,Cardiomegaly
train,train/Mass/00030159_007.png,8,Mass
train,train/Nodule/00029989_000.png,9,Nodule
train,train/Pneumonia/00021706_005.png,10,Pneumonia
train,train/Infiltration/00017866_003.png,7,Infiltration
train,train/Fibrosis/00001751_001.png,6,Fibrosis
train,train/Cardiomegaly/00005035_003.png,1,Cardiomegaly
train,train/Cardiomegaly/00004728_001.png,1,Cardiomegaly
train,train/Edema/00018103_004.png,3,Edema
train,train/Emphysema/00015571_000.png,5,Emphysema
train,train/Cardiomegaly/00002103_001.png,1,Cardiomegaly
train,train/Emphysema/00020450_010.png,5,Emphysema
train,train/Pneumothorax/00004109_003.png,11,Pneumothorax
train,train/Atelectasis/00002376_003.png,0,Atelectasis
train,train/Edema/00018724_023.png,3,Edema
train,train/Edema/00013205_005.png,3,Edema
train,train/Nodule/00020275_000.png,9,Nodule
train,train/Cardiomegaly/00005064_013.png,1,Cardiomegaly
train,train/Nodule/00002099_000.png,9,Nodule
train,train/Pneumothorax/00002143_000.png,11,Pneumothorax
train,train/Edema/00026515_007.png,3,Edema
train,train/Infiltration/00006434_001.png,7,Infiltration
train,train/Infiltration/00012144_020.png,7,Infiltration
train,train/Pneumonia/00027415_064.png,10,Pneumonia
train,train/Consolidation/00012426_002.png,2,Consolidation
train,train/Edema/00027061_000.png,3,Edema
train,train/Emphysema/00000719_000.png,5,Emphysema
train,train/Infiltration/00030289_001.png,7,Infiltration
train,train/Emphysema/00022734_004.png,5,Emphysema
train,train/Pneumothorax/00011752_003.png,11,Pneumothorax
train,train/Pneumonia/00021243_001.png,10,Pneumonia
train,train/Pneumothorax/00005448_016.png,11,Pneumothorax
train,train/Consolidation/00017793_000.png,2,Consolidation
train,train/Mass/00025427_000.png,8,Mass
train,train/Pneumonia/00027320_010.png,10,Pneumonia
train,train/Mass/00013608_005.png,8,Mass
train,train/Pneumonia/00014603_006.png,10,Pneumonia
train,train/Edema/00018164_002.png,3,Edema
train,train/Effusion/00015350_001.png,4,Effusion
train,train/Pneumonia/00021584_001.png,10,Pneumonia
train,train/Pneumothorax/00026546_016.png,11,Pneumothorax
train,train/Consolidation/00012848_005.png,2,Consolidation
train,train/Consolidation/00013966_010.png,2,Consolidation
train,train/Fibrosis/00001463_000.png,6,Fibrosis
train,train/Pneumothorax/00001029_002.png,11,Pneumothorax
train,train/Infiltration/00009096_001.png,7,Infiltration
train,train/Atelectasis/00012877_001.png,0,Atelectasis
train,train/Emphysema/00000900_001.png,5,Emphysema
train,train/Cardiomegaly/00027585_000.png,1,Cardiomegaly
train,train/Effusion/00017651_003.png,4,Effusion
train,train/Nodule/00008230_026.png,9,Nodule
train,train/Effusion/00005759_010.png,4,Effusion
train,train/Atelectasis/00021252_005.png,0,Atelectasis
train,train/Mass/00009795_000.png,8,Mass
train,train/Nodule/00012865_003.png,9,Nodule
train,train/Edema/00010471_004.png,3,Edema
train,train/Mass/00019369_002.png,8,Mass
train,train/Pneumothorax/00005539_001.png,11,Pneumothorax
train,train/Edema/00026742_001.png,3,Edema
train,train/Mass/00005793_000.png,8,Mass
train,train/Consolidation/00012787_001.png,2,Consolidation
train,train/Infiltration/00006504_006.png,7,Infiltration
train,train/Pneumothorax/00003468_007.png,11,Pneumothorax
train,train/Emphysema/00003122_006.png,5,Emphysema
train,train/Infiltration/00021942_007.png,7,Infiltration
train,train/Emphysema/00017537_000.png,5,Emphysema
train,train/Mass/00000372_001.png,8,Mass
train,train/Emphysema/00029646_000.png,5,Emphysema
train,train/Nodule/00027131_007.png,9,Nodule
train,train/Pneumonia/00001992_002.png,10,Pneumonia
train,train/Fibrosis/00008009_019.png,6,Fibrosis
train,train/Edema/00022442_000.png,3,Edema
train,train/Consolidation/00021255_002.png,2,Consolidation
train,train/Emphysema/00007461_000.png,5,Emphysema
train,train/Pneumothorax/00028606_000.png,11,Pneumothorax
train,train/Pneumothorax/00002513_002.png,11,Pneumothorax
train,train/Emphysema/00029798_000.png,5,Emphysema
train,train/Mass/00006741_011.png,8,Mass
train,train/Pneumonia/00015338_015.png,10,Pneumonia
train,train/Emphysema/00012416_005.png,5,Emphysema
train,train/Effusion/00025849_017.png,4,Effusion
train,train/Atelectasis/00003071_000.png,0,Atelectasis
train,train/Consolidation/00021726_003.png,2,Consolidation
train,train/Pneumonia/00003535_025.png,10,Pneumonia
train,train/Nodule/00020953_000.png,9,Nodule
train,train/Consolidation/00006832_002.png,2,Consolidation
train,train/Effusion/00012238_011.png,4,Effusion
train,train/Effusion/00021345_000.png,4,Effusion
train,train/Fibrosis/00002820_000.png,6,Fibrosis
train,train/Pneumonia/00019176_076.png,10,Pneumonia
train,train/Nodule/00022919_002.png,9,Nodule
train,train/Effusion/00019865_011.png,4,Effusion
train,train/Effusion/00015931_000.png,4,Effusion
train,train/Emphysema/00007790_000.png,5,Emphysema
train,train/Pneumonia/00001749_003.png,10,Pneumonia
train,train/Fibrosis/00004185_000.png,6,Fibrosis
train,train/Edema/00013641_045.png,3,Edema
train,train/Pneumothorax/00025603_008.png,11,Pneumothorax
train,train/Consolidation/00008745_026.png,2,Consolidation
train,train/Cardiomegaly/00029510_000.png,1,Cardiomegaly
train,train/Fibrosis/00001429_010.png,6,Fibrosis
train,train/Pneumothorax/00014530_004.png,11,Pneumothorax
train,train/Pneumothorax/00007700_002.png,11,Pneumothorax
train,train/Fibrosis/00018711_000.png,6,Fibrosis
train,train/Cardiomegaly/00008309_008.png,1,Cardiomegaly
train,train/Pneumonia/00014201_008.png,10,Pneumonia
train,train/Nodule/00016106_002.png,9,Nodule
train,train/Fibrosis/00015434_000.png,6,Fibrosis
train,train/Consolidation/00010270_009.png,2,Consolidation
train,train/Pneumonia/00000261_002.png,10,Pneumonia
train,train/Infiltration/00026021_001.png,7,Infiltration
train,train/Emphysema/00019888_001.png,5,Emphysema
train,train/Edema/00011122_005.png,3,Edema
train,train/Infiltration/00010496_009.png,7,Infiltration
train,train/Nodule/00015147_006.png,9,Nodule
train,train/Emphysema/00005113_002.png,5,Emphysema
train,train/Fibrosis/00007909_000.png,6,Fibrosis
train,train/Pneumonia/00015806_003.png,10,Pneumonia
train,train/Infiltration/00011021_008.png,7,Infiltration
train,train/Consolidation/00021494_020.png,2,Consolidation
train,train/Emphysema/00025480_001.png,5,Emphysema
train,train/Consolidation/00005626_007.png,2,Consolidation
train,train/Atelectasis/00018821_006.png,0,Atelectasis
train,train/Pneumothorax/00019478_001.png,11,Pneumothorax
train,train/Consolidation/00010849_000.png,2,Consolidation
train,train/Emphysema/00002524_032.png,5,Emphysema
train,train/Pneumonia/00010544_000.png,10,Pneumonia
train,train/Edema/00010427_002.png,3,Edema
train,train/Mass/00017618_027.png,8,Mass
train,train/Pneumonia/00016011_011.png,10,Pneumonia
train,train/Infiltration/00018610_020.png,7,Infiltration
train,train/Nodule/00025342_005.png,9,Nodule
train,train/Consolidation/00002666_007.png,2,Consolidation
train,train/Edema/00014274_006.png,3,Edema
train,train/Atelectasis/00004062_000.png,0,Atelectasis
train,train/Pneumothorax/00014143_000.png,11,Pneumothorax
train,train/Emphysema/00008563_001.png,5,Emphysema
train,train/Infiltration/00029025_006.png,7,Infiltration
train,train/Pneumothorax/00010304_004.png,11,Pneumothorax
train,train/Atelectasis/00012266_006.png,0,Atelectasis
train,train/Pneumonia/00026806_000.png,10,Pneumonia
train,train/Infiltration/00005400_008.png,7,Infiltration
train,train/Emphysema/00009736_007.png,5,Emphysema
train,train/Atelectasis/00018643_001.png,0,Atelectasis
train,train/Pneumonia/00022156_007.png,10,Pneumonia
train,train/Effusion/00006763_015.png,4,Effusion
train,train/Mass/00009764_005.png,8,Mass
train,train/Pneumothorax/00016052_009.png,11,Pneumothorax
train,train/Infiltration/00029764_001.png,7,Infiltration
train,train/Pneumonia/00005138_009.png,10,Pneumonia
train,train/Pneumothorax/00003026_001.png,11,Pneumothorax
train,train/Mass/00006953_001.png,8,Mass
train,train/Pneumonia/00018926_001.png,10,Pneumonia
train,train/Cardiomegaly/00013257_002.png,1,Cardiomegaly
train,train/Consolidation/00018418_001.png,2,Consolidation
train,train/Emphysema/00030459_001.png,5,Emphysema
train,train/Pneumothorax/00004340_003.png,11,Pneumothorax
train,train/Pneumothorax/00011618_012.png,11,Pneumothorax
train,train/Consolidation/00003126_006.png,2,Consolidation
train,train/Fibrosis/00002004_000.png,6,Fibrosis
train,train/Effusion/00004623_005.png,4,Effusion
train,train/Pneumonia/00013641_048.png,10,Pneumonia
train,train/Consolidation/00007590_005.png,2,Consolidation
train,train/Consolidation/00026072_011.png,2,Consolidation
train,train/Effusion/00000963_010.png,4,Effusion
train,train/Infiltration/00025798_000.png,7,Infiltration
train,train/Edema/00000459_043.png,3,Edema
train,train/Effusion/00004761_003.png,4,Effusion
train,train/Mass/00030028_001.png,8,Mass
train,train/Nodule/00011896_008.png,9,Nodule
train,train/Mass/00006662_000.png,8,Mass
train,train/Consolidation/00021835_026.png,2,Consolidation
train,train/Fibrosis/00022598_000.png,6,Fibrosis
train,train/Atelectasis/00013774_009.png,0,Atelectasis
train,train/Pneumonia/00001317_002.png,10,Pneumonia
train,train/Edema/00015034_004.png,3,Edema
train,train/Nodule/00018296_000.png,9,Nodule
train,train/Edema/00016715_009.png,3,Edema
train,train/Pneumothorax/00018224_015.png,11,Pneumothorax
train,train/Fibrosis/00012481_000.png,6,Fibrosis
train,train/Emphysema/00003776_000.png,5,Emphysema
train,train/Infiltration/00020572_000.png,7,Infiltration
train,train/Emphysema/00002914_000.png,5,Emphysema
train,train/Pneumothorax/00016109_002.png,11,Pneumothorax
train,train/Infiltration/00027672_007.png,7,Infiltration
train,train/Infiltration/00003468_013.png,7,Infiltration
train,train/Mass/00014609_004.png,8,Mass
train,train/Effusion/00015588_003.png,4,Effusion
train,train/Cardiomegaly/00011661_000.png,1,Cardiomegaly
train,train/Pneumothorax/00028256_003.png,11,Pneumothorax
train,train/Pneumonia/00014647_005.png,10,Pneumonia
train,train/Cardiomegaly/00018802_000.png,1,Cardiomegaly
train,train/Mass/00014089_003.png,8,Mass
train,train/Nodule/00018819_002.png,9,Nodule
train,train/Cardiomegaly/00000728_000.png,1,Cardiomegaly
train,train/Consolidation/00005773_002.png,2,Consolidation
train,train/Mass/00012927_004.png,8,Mass
train,train/Edema/00016410_009.png,3,Edema
train,train/Pneumonia/00027648_005.png,10,Pneumonia
train,train/Pneumonia/00010761_002.png,10,Pneumonia
train,train/Effusion/00007848_001.png,4,Effusion
train,train/Edema/00015942_002.png,3,Edema
train,train/Consolidation/00009365_007.png,2,Consolidation
train,train/Effusion/00012620_004.png,4,Effusion
train,train/Pneumonia/00016896_012.png,10,Pneumonia
train,train/Pneumothorax/00011379_039.png,11,Pneumothorax
train,train/Edema/00012993_017.png,3,Edema
train,train/Nodule/00028145_006.png,9,Nodule
train,train/Mass/00030121_001.png,8,Mass
train,train/Pneumonia/00017005_000.png,10,Pneumonia
train,train/Nodule/00026993_000.png,9,Nodule
train,train/Pneumothorax/00001583_014.png,11,Pneumothorax
train,train/Fibrosis/00005611_000.png,6,Fibrosis
train,train/Infiltration/00026721_001.png,7,Infiltration
train,train/Cardiomegaly/00004606_000.png,1,Cardiomegaly
train,train/Nodule/00017527_000.png,9,Nodule
train,train/Emphysema/00030541_004.png,5,Emphysema
train,train/Emphysema/00020291_001.png,5,Emphysema
train,train/Pneumothorax/00002666_008.png,11,Pneumothorax
train,train/Pneumothorax/00012687_003.png,11,Pneumothorax
train,train/Nodule/00010137_000.png,9,Nodule
train,train/Nodule/00020617_000.png,9,Nodule
train,train/Pneumothorax/00016042_006.png,11,Pneumothorax
train,train/Edema/00008298_001.png,3,Edema
train,train/Atelectasis/00000303_000.png,0,Atelectasis
train,train/Infiltration/00021389_005.png,7,Infiltration
train,train/Pneumothorax/00003534_003.png,11,Pneumothorax
train,train/Pneumonia/00028301_000.png,10,Pneumonia
train,train/Edema/00023128_005.png,3,Edema
train,train/Edema/00017800_007.png,3,Edema
train,train/Fibrosis/00016244_005.png,6,Fibrosis
train,train/Emphysema/00015606_048.png,5,Emphysema
train,train/Emphysema/00004317_003.png,5,Emphysema
train,train/Consolidation/00011553_030.png,2,Consolidation
train,train/Effusion/00008760_020.png,4,Effusion
train,train/Fibrosis/00008688_000.png,6,Fibrosis
train,train/Effusion/00001104_022.png,4,Effusion
train,train/Mass/00009698_004.png,8,Mass
train,train/Consolidation/00011000_000.png,2,Consolidation
train,train/Effusion/00001108_003.png,4,Effusion
train,train/Atelectasis/00002156_001.png,0,Atelectasis
train,train/Infiltration/00025425_001.png,7,Infiltration
train,train/Infiltration/00005069_017.png,7,Infiltration
train,train/Atelectasis/00015468_000.png,0,Atelectasis
train,train/Pneumothorax/00003494_001.png,11,Pneumothorax
train,train/Atelectasis/00016980_009.png,0,Atelectasis
train,train/Edema/00018972_049.png,3,Edema
train,train/Nodule/00017503_001.png,9,Nodule
train,train/Fibrosis/00001029_013.png,6,Fibrosis
train,train/Cardiomegaly/00016649_015.png,1,Cardiomegaly
train,train/Emphysema/00021112_005.png,5,Emphysema
train,train/Nodule/00017455_000.png,9,Nodule
train,train/Pneumothorax/00023297_006.png,11,Pneumothorax
train,train/Nodule/00006084_003.png,9,Nodule
train,train/Cardiomegaly/00003989_003.png,1,Cardiomegaly
train,train/Mass/00019531_000.png,8,Mass
train,train/Atelectasis/00002633_014.png,0,Atelectasis
train,train/Consolidation/00002413_005.png,2,Consolidation
train,train/Edema/00011481_017.png,3,Edema
train,train/Atelectasis/00005778_035.png,0,Atelectasis
train,train/Pneumothorax/00014520_005.png,11,Pneumothorax
train,train/Cardiomegaly/00001022_001.png,1,Cardiomegaly
train,train/Edema/00026833_003.png,3,Edema
train,train/Cardiomegaly/00012150_000.png,1,Cardiomegaly
train,train/Emphysema/00000820_030.png,5,Emphysema
train,train/Cardiomegaly/00015166_000.png,1,Cardiomegaly
train,train/Effusion/00011144_025.png,4,Effusion
train,train/Infiltration/00001255_008.png,7,Infiltration
train,train/Infiltration/00008027_000.png,7,Infiltration
train,train/Mass/00001158_001.png,8,Mass
train,train/Nodule/00007090_001.png,9,Nodule
train,train/Emphysema/00010695_010.png,5,Emphysema
train,train/Fibrosis/00020377_000.png,6,Fibrosis
train,train/Effusion/00004060_003.png,4,Effusion
train,train/Effusion/00018159_002.png,4,Effusion
train,train/Infiltration/00026618_002.png,7,Infiltration
train,train/Effusion/00012848_006.png,4,Effusion
train,train/Fibrosis/00021136_000.png,6,Fibrosis
train,train/Pneumonia/00018843_000.png,10,Pneumonia
train,train/Cardiomegaly/00002932_000.png,1,Cardiomegaly
train,train/Mass/00012001_002.png,8,Mass
train,train/Mass/00018876_000.png,8,Mass
train,train/Effusion/00014971_008.png,4,Effusion
train,train/Effusion/00021565_013.png,4,Effusion
train,train/Nodule/00008158_000.png,9,Nodule
train,train/Pneumonia/00013930_001.png,10,Pneumonia
train,train/Nodule/00014567_003.png,9,Nodule
train,train/Cardiomegaly/00011496_000.png,1,Cardiomegaly
train,train/Cardiomegaly/00013808_003.png,1,Cardiomegaly
train,train/Nodule/00009011_001.png,9,Nodule
train,train/Edema/00010142_006.png,3,Edema
train,train/Edema/00018972_027.png,3,Edema
train,train/Pneumonia/00018960_023.png,10,Pneumonia
train,train/Nodule/00026004_003.png,9,Nodule
train,train/Mass/00004722_002.png,8,Mass
train,train/Effusion/00022869_011.png,4,Effusion
train,train/Effusion/00001483_010.png,4,Effusion
train,train/Infiltration/00016128_000.png,7,Infiltration
train,train/Pneumonia/00016991_002.png,10,Pneumonia
train,train/Cardiomegaly/00000607_000.png,1,Cardiomegaly
train,train/Mass/00025393_003.png,8,Mass
train,train/Cardiomegaly/00012276_018.png,1,Cardiomegaly
train,train/Nodule/00016486_006.png,9,Nodule
train,train/Cardiomegaly/00027706_012.png,1,Cardiomegaly
train,train/Cardiomegaly/00018013_000.png,1,Cardiomegaly
train,train/Pneumothorax/00020458_019.png,11,Pneumothorax
train,train/Edema/00027322_007.png,3,Edema
train,train/Fibrosis/00003022_001.png,6,Fibrosis
train,train/Fibrosis/00004833_010.png,6,Fibrosis
train,train/Edema/00016991_011.png,3,Edema
train,train/Cardiomegaly/00021186_001.png,1,Cardiomegaly
train,train/Fibrosis/00001967_000.png,6,Fibrosis
train,train/Mass/00030078_000.png,8,Mass
train,train/Mass/00013917_016.png,8,Mass
train,train/Pneumothorax/00003126_011.png,11,Pneumothorax
train,train/Emphysema/00003985_000.png,5,Emphysema
train,train/Fibrosis/00020798_000.png,6,Fibrosis
train,train/Mass/00010584_000.png,8,Mass
train,train/Emphysema/00006874_001.png,5,Emphysema
train,train/Pneumonia/00026908_002.png,10,Pneumonia
train,train/Pneumothorax/00005911_001.png,11,Pneumothorax
train,train/Pneumothorax/00004850_010.png,11,Pneumothorax
train,train/Edema/00010315_005.png,3,Edema
train,train/Emphysema/00007161_001.png,5,Emphysema
train,train/Cardiomegaly/00006624_003.png,1,Cardiomegaly
train,train/Nodule/00012522_000.png,9,Nodule
train,train/Consolidation/00003640_005.png,2,Consolidation
train,train/Pneumonia/00027266_001.png,10,Pneumonia
train,train/Fibrosis/00004022_001.png,6,Fibrosis
train,train/Edema/00000459_053.png,3,Edema
train,train/Infiltration/00000297_000.png,7,Infiltration
train,train/Edema/00017356_008.png,3,Edema
train,train/Atelectasis/00027104_005.png,0,Atelectasis
train,train/Pneumothorax/00005365_007.png,11,Pneumothorax
train,train/Cardiomegaly/00027261_000.png,1,Cardiomegaly
train,train/Edema/00010203_005.png,3,Edema
train,train/Effusion/00006788_003.png,4,Effusion
train,train/Infiltration/00018883_000.png,7,Infiltration
train,train/Emphysema/00018225_005.png,5,Emphysema
train,train/Emphysema/00008468_011.png,5,Emphysema
train,train/Infiltration/00022995_001.png,7,Infiltration
train,train/Mass/00028350_002.png,8,Mass
train,train/Nodule/00015495_009.png,9,Nodule
train,train/Fibrosis/00004641_001.png,6,Fibrosis
train,train/Pneumothorax/00010729_003.png,11,Pneumothorax
train,train/Nodule/00010516_001.png,9,Nodule
train,train/Cardiomegaly/00030620_000.png,1,Cardiomegaly
train,train/Atelectasis/00019547_010.png,0,Atelectasis
train,train/Edema/00001971_002.png,3,Edema
train,train/Atelectasis/00016888_003.png,0,Atelectasis
train,train/Infiltration/00010531_051.png,7,Infiltration
train,train/Fibrosis/00000672_000.png,6,Fibrosis
train,train/Consolidation/00018884_000.png,2,Consolidation
train,train/Nodule/00003503_004.png,9,Nodule
train,train/Cardiomegaly/00017047_000.png,1,Cardiomegaly
train,train/Effusion/00003254_001.png,4,Effusion
train,train/Pneumothorax/00001429_004.png,11,Pneumothorax
train,train/Effusion/00001226_002.png,4,Effusion
train,train/Pneumothorax/00000118_009.png,11,Pneumothorax
train,train/Infiltration/00017594_003.png,7,Infiltration
train,train/Cardiomegaly/00008309_005.png,1,Cardiomegaly
train,train/Pneumothorax/00020880_003.png,11,Pneumothorax
train,train/Emphysema/00000758_001.png,5,Emphysema
train,train/Emphysema/00022041_000.png,5,Emphysema
train,train/Nodule/00009049_005.png,9,Nodule
train,train/Mass/00002073_002.png,8,Mass
train,train/Cardiomegaly/00027285_000.png,1,Cardiomegaly
train,train/Effusion/00019242_019.png,4,Effusion
train,train/Cardiomegaly/00006537_000.png,1,Cardiomegaly
train,train/Pneumothorax/00003658_009.png,11,Pneumothorax
train,train/Pneumonia/00012733_000.png,10,Pneumonia
train,train/Pneumonia/00026366_001.png,10,Pneumonia
train,train/Nodule/00002943_001.png,9,Nodule
train,train/Pneumonia/00026580_000.png,10,Pneumonia
train,train/Emphysema/00002718_001.png,5,Emphysema
train,train/Pneumonia/00002360_002.png,10,Pneumonia
train,train/Consolidation/00016231_006.png,2,Consolidation
train,train/Edema/00015193_007.png,3,Edema
train,train/Effusion/00011380_015.png,4,Effusion
train,train/Nodule/00014033_002.png,9,Nodule
train,train/Emphysema/00030615_001.png,5,Emphysema
train,train/Fibrosis/00026197_001.png,6,Fibrosis
train,train/Nodule/00014724_001.png,9,Nodule
train,train/Atelectasis/00022832_003.png,0,Atelectasis
train,train/Cardiomegaly/00018161_000.png,1,Cardiomegaly
train,train/Pneumonia/00027539_001.png,10,Pneumonia
train,train/Emphysema/00017824_003.png,5,Emphysema
train,train/Pneumothorax/00009696_000.png,11,Pneumothorax
train,train/Nodule/00006361_001.png,9,Nodule
train,train/Nodule/00027299_000.png,9,Nodule
train,train/Mass/00016138_000.png,8,Mass
train,train/Pneumothorax/00009873_004.png,11,Pneumothorax
train,train/Nodule/00000415_000.png,9,Nodule
train,train/Edema/00003534_037.png,3,Edema
train,train/Pneumothorax/00002460_000.png,11,Pneumothorax
train,train/Emphysema/00015266_011.png,5,Emphysema
train,train/Fibrosis/00001064_000.png,6,Fibrosis
train,train/Pneumonia/00010531_073.png,10,Pneumonia
train,train/Consolidation/00006850_013.png,2,Consolidation
train,train/Infiltration/00005778_029.png,7,Infiltration
train,train/Nodule/00020396_002.png,9,Nodule
train,train/Atelectasis/00013978_000.png,0,Atelectasis
train,train/Emphysema/00028515_000.png,5,Emphysema
train,train/Pneumothorax/00014406_004.png,11,Pneumothorax
train,train/Emphysema/00007683_006.png,5,Emphysema
train,train/Pneumothorax/00008376_000.png,11,Pneumothorax
train,train/Nodule/00027480_000.png,9,Nodule
train,train/Infiltration/00008908_004.png,7,Infiltration
train,train/Infiltration/00011456_001.png,7,Infiltration
train,train/Nodule/00018145_002.png,9,Nodule
train,train/Cardiomegaly/00006875_027.png,1,Cardiomegaly
train,train/Pneumonia/00015734_000.png,10,Pneumonia
train,train/Cardiomegaly/00004857_013.png,1,Cardiomegaly
train,train/Consolidation/00013620_000.png,2,Consolidation
train,train/Consolidation/00004360_003.png,2,Consolidation
train,train/Effusion/00006670_016.png,4,Effusion
train,train/Atelectasis/00002359_006.png,0,Atelectasis
train,train/Pneumothorax/00011614_005.png,11,Pneumothorax
train,train/Mass/00009485_004.png,8,Mass
train,train/Emphysema/00007618_009.png,5,Emphysema
train,train/Mass/00011737_001.png,8,Mass
train,train/Infiltration/00007526_030.png,7,Infiltration
train,train/Edema/00014298_002.png,3,Edema
train,train/Fibrosis/00007228_000.png,6,Fibrosis
train,train/Fibrosis/00018782_002.png,6,Fibrosis
train,train/Consolidation/00017941_011.png,2,Consolidation
train,train/Pneumothorax/00011379_034.png,11,Pneumothorax
train,train/Cardiomegaly/00006875_002.png,1,Cardiomegaly
train,train/Emphysema/00011752_024.png,5,Emphysema
train,train/Consolidation/00005626_008.png,2,Consolidation
train,train/Consolidation/00002251_002.png,2,Consolidation
train,train/Mass/00006462_006.png,8,Mass
train,train/Cardiomegaly/00011949_000.png,1,Cardiomegaly
train,train/Consolidation/00012890_001.png,2,Consolidation
train,train/Infiltration/00008745_022.png,7,Infiltration
train,train/Mass/00029844_005.png,8,Mass
train,train/Atelectasis/00027260_005.png,0,Atelectasis
train,train/Effusion/00002339_007.png,4,Effusion
train,train/Infiltration/00029215_000.png,7,Infiltration
train,train/Pneumothorax/00022684_007.png,11,Pneumothorax
train,train/Edema/00017424_037.png,3,Edema
train,train/Cardiomegaly/00000001_000.png,1,Cardiomegaly
train,train/Emphysema/00003434_000.png,5,Emphysema
train,train/Infiltration/00000877_018.png,7,Infiltration
train,train/Cardiomegaly/00002686_001.png,1,Cardiomegaly
train,train/Cardiomegaly/00028871_001.png,1,Cardiomegaly
train,train/Mass/00015369_004.png,8,Mass
train,train/Emphysema/00022734_002.png,5,Emphysema
train,train/Mass/00014265_012.png,8,Mass
train,train/Atelectasis/00001360_000.png,0,Atelectasis
train,train/Mass/00026000_000.png,8,Mass
train,train/Pneumonia/00005638_000.png,10,Pneumonia
train,train/Mass/00011130_002.png,8,Mass
train,train/Cardiomegaly/00013966_011.png,1,Cardiomegaly
train,train/Mass/00005515_000.png,8,Mass
train,train/Nodule/00000250_003.png,9,Nodule
train,train/Fibrosis/00007117_000.png,6,Fibrosis
train,train/Fibrosis/00000492_000.png,6,Fibrosis
train,train/Mass/00011164_005.png,8,Mass
train,train/Cardiomegaly/00005543_000.png,1,Cardiomegaly
train,train/Cardiomegaly/00018944_010.png,1,Cardiomegaly
train,train/Pneumothorax/00003513_007.png,11,Pneumothorax
train,train/Effusion/00013231_004.png,4,Effusion
train,train/Emphysema/00008468_013.png,5,Emphysema
train,train/Emphysema/00021036_009.png,5,Emphysema
train,train/Cardiomegaly/00011558_014.png,1,Cardiomegaly
train,train/Pneumonia/00025624_000.png,10,Pneumonia
train,train/Atelectasis/00013917_035.png,0,Atelectasis
train,train/Nodule/00008342_003.png,9,Nodule
train,train/Atelectasis/00009060_000.png,0,Atelectasis
train,train/Mass/00011630_005.png,8,Mass
train,train/Effusion/00012237_001.png,4,Effusion
train,train/Nodule/00030280_003.png,9,Nodule
train,train/Infiltration/00010810_000.png,7,Infiltration
train,train/Infiltration/00003923_017.png,7,Infiltration
train,train/Emphysema/00008755_000.png,5,Emphysema
train,train/Nodule/00025128_002.png,9,Nodule
train,train/Infiltration/00004065_005.png,7,Infiltration
train,train/Cardiomegaly/00018465_000.png,1,Cardiomegaly
train,train/Atelectasis/00022673_000.png,0,Atelectasis
train,train/Edema/00015606_033.png,3,Edema
train,train/Mass/00007691_006.png,8,Mass
train,train/Mass/00019375_000.png,8,Mass
train,train/Mass/00019240_001.png,8,Mass
train,train/Fibrosis/00028634_001.png,6,Fibrosis
train,train/Mass/00017789_003.png,8,Mass
train,train/Nodule/00006792_002.png,9,Nodule
train,train/Cardiomegaly/00017362_004.png,1,Cardiomegaly
train,train/Edema/00013601_014.png,3,Edema
train,train/Mass/00011478_007.png,8,Mass
train,train/Consolidation/00018084_000.png,2,Consolidation
train,train/Cardiomegaly/00013876_002.png,1,Cardiomegaly
train,train/Consolidation/00010585_036.png,2,Consolidation
train,train/Cardiomegaly/00017373_000.png,1,Cardiomegaly
train,train/Effusion/00029755_003.png,4,Effusion
train,train/Edema/00019172_002.png,3,Edema
train,train/Consolidation/00015388_002.png,2,Consolidation
train,train/Pneumonia/00016936_000.png,10,Pneumonia
train,train/Emphysema/00009825_000.png,5,Emphysema
train,train/Atelectasis/00025973_000.png,0,Atelectasis
train,train/Edema/00006381_025.png,3,Edema
train,train/Atelectasis/00010420_002.png,0,Atelectasis
train,train/Pneumonia/00011553_045.png,10,Pneumonia
train,train/Effusion/00020513_012.png,4,Effusion
train,train/Pneumothorax/00008131_001.png,11,Pneumothorax
train,train/Emphysema/00014571_015.png,5,Emphysema
train,train/Emphysema/00014849_007.png,5,Emphysema
train,train/Infiltration/00001381_011.png,7,Infiltration
train,train/Effusion/00011380_010.png,4,Effusion
train,train/Nodule/00016422_000.png,9,Nodule
train,train/Nodule/00017795_000.png,9,Nodule
train,train/Fibrosis/00000924_000.png,6,Fibrosis
train,train/Infiltration/00003382_002.png,7,Infiltration
train,train/Atelectasis/00001122_005.png,0,Atelectasis
train,train/Consolidation/00018483_000.png,2,Consolidation
train,train/Mass/00017645_010.png,8,Mass
train,train/Cardiomegaly/00003744_000.png,1,Cardiomegaly
train,train/Fibrosis/00008981_003.png,6,Fibrosis
train,train/Atelectasis/00007497_001.png,0,Atelectasis
train,train/Effusion/00017367_004.png,4,Effusion
train,train/Edema/00006296_022.png,3,Edema
train,train/Fibrosis/00004924_000.png,6,Fibrosis
train,train/Fibrosis/00009319_000.png,6,Fibrosis
train,train/Fibrosis/00023606_000.png,6,Fibrosis
train,train/Pneumothorax/00029863_016.png,11,Pneumothorax
train,train/Atelectasis/00020457_000.png,0,Atelectasis
train,train/Pneumothorax/00004680_002.png,11,Pneumothorax
train,train/Cardiomegaly/00029373_000.png,1,Cardiomegaly
train,train/Mass/00027564_005.png,8,Mass
train,train/Cardiomegaly/00012420_000.png,1,Cardiomegaly
train,train/Nodule/00011847_000.png,9,Nodule
train,train/Edema/00005288_010.png,3,Edema
train,train/Mass/00020156_008.png,8,Mass
train,train/Mass/00015995_010.png,8,Mass
train,train/Nodule/00003174_011.png,9,Nodule
train,train/Effusion/00015326_000.png,4,Effusion
train,train/Fibrosis/00013480_000.png,6,Fibrosis
train,train/Nodule/00020078_000.png,9,Nodule
train,train/Pneumonia/00009305_002.png,10,Pneumonia
train,train/Emphysema/00008702_000.png,5,Emphysema
train,train/Atelectasis/00004843_006.png,0,Atelectasis
train,train/Edema/00014274_004.png,3,Edema
train,train/Infiltration/00013641_033.png,7,Infiltration
train,train/Effusion/00004850_008.png,4,Effusion
train,train/Mass/00006829_009.png,8,Mass
train,train/Pneumonia/00012777_005.png,10,Pneumonia
train,train/Cardiomegaly/00029825_001.png,1,Cardiomegaly
train,train/Emphysema/00001701_004.png,5,Emphysema
train,train/Pneumothorax/00029165_011.png,11,Pneumothorax
train,train/Pneumothorax/00029235_007.png,11,Pneumothorax
train,train/Mass/00020290_010.png,8,Mass
train,train/Fibrosis/00005429_000.png,6,Fibrosis
train,train/Infiltration/00016096_000.png,7,Infiltration
train,train/Atelectasis/00012430_000.png,0,Atelectasis
train,train/Cardiomegaly/00003610_012.png,1,Cardiomegaly
train,train/Nodule/00000165_007.png,9,Nodule
train,train/Consolidation/00005457_001.png,2,Consolidation
train,train/Infiltration/00002014_001.png,7,Infiltration
train,train/Infiltration/00025903_000.png,7,Infiltration
train,train/Emphysema/00018379_002.png,5,Emphysema
train,train/Infiltration/00006875_024.png,7,Infiltration
train,train/Edema/00005254_003.png,3,Edema
train,train/Atelectasis/00012549_005.png,0,Atelectasis
train,train/Cardiomegaly/00002806_000.png,1,Cardiomegaly
train,train/Edema/00029422_005.png,3,Edema
train,train/Mass/00018899_000.png,8,Mass
train,train/Cardiomegaly/00029677_000.png,1,Cardiomegaly
train,train/Nodule/00008432_000.png,9,Nodule
train,train/Effusion/00001439_000.png,4,Effusion
train,train/Edema/00015193_006.png,3,Edema
train,train/Emphysema/00008468_044.png,5,Emphysema
train,train/Consolidation/00023221_004.png,2,Consolidation
train,train/Cardiomegaly/00018292_000.png,1,Cardiomegaly
train,train/Atelectasis/00017751_009.png,0,Atelectasis
train,train/Fibrosis/00013847_000.png,6,Fibrosis
train,train/Consolidation/00002673_020.png,2,Consolidation
train,train/Fibrosis/00001833_011.png,6,Fibrosis
train,train/Consolidation/00005646_001.png,2,Consolidation
train,train/Atelectasis/00010590_006.png,0,Atelectasis
train,train/Pneumonia/00001162_000.png,10,Pneumonia
train,train/Cardiomegaly/00009196_001.png,1,Cardiomegaly
train,train/Atelectasis/00007023_005.png,0,Atelectasis
train,train/Infiltration/00006296_008.png,7,Infiltration
train,train/Fibrosis/00005702_000.png,6,Fibrosis
train,train/Cardiomegaly/00012346_000.png,1,Cardiomegaly
train,train/Emphysema/00025849_043.png,5,Emphysema
train,train/Pneumonia/00012761_007.png,10,Pneumonia
train,train/Nodule/00008202_000.png,9,Nodule
train,train/Emphysema/00021441_001.png,5,Emphysema
val,train/Fibrosis/00012265_000.png,6,Fibrosis
val,train/Pneumonia/00018198_004.png,10,Pneumonia
val,train/Infiltration/00008675_001.png,7,Infiltration
val,train/Consolidation/00014950_005.png,2,Consolidation
val,train/Cardiomegaly/00014365_000.png,1,Cardiomegaly
val,train/Infiltration/00022073_000.png,7,Infiltration
val,train/Mass/00018065_000.png,8,Mass
val,train/Nodule/00005977_010.png,9,Nodule
val,train/Cardiomegaly/00008316_000.png,1,Cardiomegaly
val,train/Atelectasis/00020116_001.png,0,Atelectasis
val,train/Mass/00020351_000.png,8,Mass
val,train/Nodule/00030234_000.png,9,Nodule
val,train/Fibrosis/00013046_000.png,6,Fibrosis
val,train/Pneumonia/00012297_004.png,10,Pneumonia
val,train/Effusion/00005825_000.png,4,Effusion
val,train/Edema/00011632_018.png,3,Edema
val,train/Atelectasis/00019753_012.png,0,Atelectasis
val,train/Emphysema/00029708_000.png,5,Emphysema
val,train/Pneumonia/00010375_001.png,10,Pneumonia
val,train/Nodule/00005512_009.png,9,Nodule
val,train/Infiltration/00022826_012.png,7,Infiltration
val,train/Edema/00028803_002.png,3,Edema
val,train/Nodule/00028335_000.png,9,Nodule
val,train/Effusion/00030652_004.png,4,Effusion
val,train/Edema/00005722_051.png,3,Edema
val,train/Fibrosis/00011567_001.png,6,Fibrosis
val,train/Edema/00011859_016.png,3,Edema
val,train/Nodule/00026556_002.png,9,Nodule
val,train/Fibrosis/00018015_016.png,6,Fibrosis
val,train/Infiltration/00007193_012.png,7,Infiltration
val,train/Nodule/00009293_006.png,9,Nodule
val,train/Infiltration/00012628_011.png,7,Infiltration
val,train/Mass/00003580_003.png,8,Mass
val,train/Consolidation/00025841_001.png,2,Consolidation
val,train/Effusion/00029672_014.png,4,Effusion
val,train/Cardiomegaly/00004251_000.png,1,Cardiomegaly
val,train/Pneumonia/00016778_028.png,10,Pneumonia
val,train/Pneumothorax/00016572_002.png,11,Pneumothorax
val,train/Pneumothorax/00002666_000.png,11,Pneumothorax
val,train/Atelectasis/00000816_001.png,0,Atelectasis
val,train/Cardiomegaly/00005906_000.png,1,Cardiomegaly
val,train/Cardiomegaly/00016589_000.png,1,Cardiomegaly
val,train/Emphysema/00022545_001.png,5,Emphysema
val,train/Emphysema/00001547_003.png,5,Emphysema
val,train/Atelectasis/00007990_005.png,0,Atelectasis
val,train/Edema/00017532_002.png,3,Edema
val,train/Nodule/00017375_002.png,9,Nodule
val,train/Atelectasis/00012606_001.png,0,Atelectasis
val,train/Nodule/00007919_000.png,9,Nodule
val,train/Nodule/00014429_006.png,9,Nodule
val,train/Edema/00014106_008.png,3,Edema
val,train/Effusion/00003377_013.png,4,Effusion
val,train/Emphysema/00029723_001.png,5,Emphysema
val,train/Fibrosis/00003584_000.png,6,Fibrosis
val,train/Atelectasis/00009415_000.png,0,Atelectasis
val,train/Cardiomegaly/00000233_000.png,1,Cardiomegaly
val,train/Cardiomegaly/00010454_000.png,1,Cardiomegaly
val,train/Effusion/00009925_031.png,4,Effusion
val,train/Emphysema/00001428_000.png,5,Emphysema
val,train/Infiltration/00016162_000.png,7,Infiltration
val,train/Edema/00013073_004.png,3,Edema
val,train/Nodule/00026004_002.png,9,Nodule
val,train/Effusion/00010953_000.png,4,Effusion
val,train/Atelectasis/00022528_001.png,0,Atelectasis
val,train/Mass/00009093_002.png,8,Mass
val,train/Consolidation/00030640_000.png,2,Consolidation
val,train/Cardiomegaly/00009609_004.png,1,Cardiomegaly
val,train/Effusion/00025139_000.png,4,Effusion
val,train/Atelectasis/00020776_002.png,0,Atelectasis
val,train/Consolidation/00011251_009.png,2,Consolidation
val,train/Mass/00015793_001.png,8,Mass
val,train/Cardiomegaly/00003992_000.png,1,Cardiomegaly
val,train/Edema/00013641_012.png,3,Edema
val,train/Pneumonia/00026825_008.png,10,Pneumonia
val,train/Atelectasis/00011328_002.png,0,Atelectasis
val,train/Atelectasis/00018462_001.png,0,Atelectasis
val,train/Cardiomegaly/00027923_000.png,1,Cardiomegaly
val,train/Emphysema/00016772_015.png,5,Emphysema
val,train/Edema/00025849_010.png,3,Edema
val,train/Infiltration/00019447_000.png,7,Infiltration
val,train/Emphysema/00010396_001.png,5,Emphysema
val,train/Emphysema/00011544_003.png,5,Emphysema
val,train/Consolidation/00015606_011.png,2,Consolidation
val,train/Nodule/00017217_000.png,9,Nodule
val,train/Consolidation/00014332_005.png,2,Consolidation
val,train/Nodule/00006631_003.png,9,Nodule
val,train/Consolidation/00018224_009.png,2,Consolidation
val,train/Nodule/00012632_000.png,9,Nodule
val,train/Cardiomegaly/00003989_024.png,1,Cardiomegaly
val,train/Fibrosis/00025258_001.png,6,Fibrosis
val,train/Emphysema/00011723_000.png,5,Emphysema
val,train/Atelectasis/00021073_003.png,0,Atelectasis
val,train/Cardiomegaly/00021886_001.png,1,Cardiomegaly
val,train/Edema/00026232_004.png,3,Edema
val,train/Nodule/00018254_001.png,9,Nodule
val,train/Pneumonia/00007191_001.png,10,Pneumonia
val,train/Consolidation/00027467_001.png,2,Consolidation
val,train/Fibrosis/00019594_024.png,6,Fibrosis
val,train/Infiltration/00006289_000.png,7,Infiltration
val,train/Effusion/00018749_003.png,4,Effusion
val,train/Pneumothorax/00000118_010.png,11,Pneumothorax
val,train/Mass/00005977_012.png,8,Mass
val,train/Infiltration/00001819_002.png,7,Infiltration
val,train/Atelectasis/00005348_022.png,0,Atelectasis
val,train/Pneumothorax/00007056_005.png,11,Pneumothorax
val,train/Edema/00016410_011.png,3,Edema
val,train/Mass/00025362_000.png,8,Mass
val,train/Consolidation/00007534_032.png,2,Consolidation
val,train/Pneumonia/00005069_001.png,10,Pneumonia
val,train/Emphysema/00008927_000.png,5,Emphysema
val,train/Edema/00019407_003.png,3,Edema
val,train/Effusion/00020520_004.png,4,Effusion
val,train/Infiltration/00021171_001.png,7,Infiltration
val,train/Pneumothorax/00021976_013.png,11,Pneumothorax
val,train/Consolidation/00024531_000.png,2,Consolidation
val,train/Pneumothorax/00012321_003.png,11,Pneumothorax
val,train/Effusion/00003369_010.png,4,Effusion
val,train/Consolidation/00003722_017.png,2,Consolidation
val,train/Infiltration/00022421_000.png,7,Infiltration
val,train/Pneumothorax/00025551_000.png,11,Pneumothorax
val,train/Pneumonia/00027784_007.png,10,Pneumonia
val,train/Effusion/00022903_000.png,4,Effusion
val,train/Emphysema/00017046_005.png,5,Emphysema
val,train/Emphysema/00001664_001.png,5,Emphysema
val,train/Effusion/00007857_006.png,4,Effusion
val,train/Effusion/00011606_006.png,4,Effusion
val,train/Fibrosis/00004089_000.png,6,Fibrosis
val,train/Consolidation/00015045_018.png,2,Consolidation
val,train/Mass/00018304_014.png,8,Mass
val,train/Pneumothorax/00021976_011.png,11,Pneumothorax
val,train/Pneumothorax/00025081_015.png,11,Pneumothorax
val,train/Infiltration/00009750_000.png,7,Infiltration
val,train/Mass/00014367_000.png,8,Mass
val,train/Consolidation/00004006_025.png,2,Consolidation
val,train/Emphysema/00006960_006.png,5,Emphysema
val,train/Pneumonia/00014958_001.png,10,Pneumonia
val,train/Pneumothorax/00001561_002.png,11,Pneumothorax
val,train/Atelectasis/00001268_004.png,0,Atelectasis
val,train/Cardiomegaly/00022677_002.png,1,Cardiomegaly
val,train/Atelectasis/00010402_000.png,0,Atelectasis
val,train/Consolidation/00010531_081.png,2,Consolidation
val,train/Consolidation/00008451_007.png,2,Consolidation
val,train/Cardiomegaly/00011235_002.png,1,Cardiomegaly
val,train/Pneumothorax/00027050_002.png,11,Pneumothorax
val,train/Pneumonia/00005274_011.png,10,Pneumonia
val,train/Nodule/00019419_002.png,9,Nodule
val,train/Nodule/00017698_001.png,9,Nodule
val,train/Pneumonia/00022436_000.png,10,Pneumonia
val,train/Emphysema/00005460_003.png,5,Emphysema
val,train/Emphysema/00010896_000.png,5,Emphysema
val,train/Nodule/00029589_004.png,9,Nodule
val,train/Pneumothorax/00008468_024.png,11,Pneumothorax
val,train/Atelectasis/00028357_012.png,0,Atelectasis
val,train/Fibrosis/00030720_000.png,6,Fibrosis
val,train/Consolidation/00020160_001.png,2,Consolidation
val,train/Pneumonia/00025383_002.png,10,Pneumonia
val,train/Mass/00008215_000.png,8,Mass
val,train/Consolidation/00025932_001.png,2,Consolidation
val,train/Cardiomegaly/00002256_012.png,1,Cardiomegaly
val,train/Cardiomegaly/00004954_000.png,1,Cardiomegaly
val,train/Infiltration/00014389_010.png,7,Infiltration
val,train/Emphysema/00030459_002.png,5,Emphysema
val,train/Emphysema/00015319_000.png,5,Emphysema
val,train/Pneumothorax/00014129_014.png,11,Pneumothorax
val,train/Effusion/00027586_000.png,4,Effusion
val,train/Mass/00002073_000.png,8,Mass
val,train/Pneumothorax/00003002_002.png,11,Pneumothorax
val,train/Pneumothorax/00010123_002.png,11,Pneumothorax
val,train/Emphysema/00028481_002.png,5,Emphysema
val,train/Mass/00020843_001.png,8,Mass
val,train/Consolidation/00012625_003.png,2,Consolidation
val,train/Fibrosis/00015031_027.png,6,Fibrosis
val,train/Pneumonia/00007699_003.png,10,Pneumonia
val,train/Emphysema/00010128_005.png,5,Emphysema
val,train/Edema/00007256_016.png,3,Edema
val,train/Fibrosis/00003675_001.png,6,Fibrosis
val,train/Fibrosis/00017341_000.png,6,Fibrosis
val,train/Edema/00006679_012.png,3,Edema
val,train/Infiltration/00012659_010.png,7,Infiltration
val,train/Nodule/00017106_003.png,9,Nodule
val,train/Edema/00021779_003.png,3,Edema
val,train/Emphysema/00000009_000.png,5,Emphysema
val,train/Fibrosis/00005566_009.png,6,Fibrosis
val,train/Edema/00029670_014.png,3,Edema
val,train/Infiltration/00000720_003.png,7,Infiltration
val,train/Effusion/00002720_021.png,4,Effusion
val,train/Consolidation/00008009_025.png,2,Consolidation
val,train/Pneumonia/00001749_002.png,10,Pneumonia
val,train/Emphysema/00009813_001.png,5,Emphysema
val,train/Pneumonia/00010773_017.png,10,Pneumonia
val,train/Infiltration/00020869_012.png,7,Infiltration
val,train/Cardiomegaly/00026225_000.png,1,Cardiomegaly
val,train/Emphysema/00006542_001.png,5,Emphysema
val,train/Mass/00029118_008.png,8,Mass
val,train/Atelectasis/00013387_001.png,0,Atelectasis
val,train/Cardiomegaly/00012646_015.png,1,Cardiomegaly
val,train/Mass/00017162_000.png,8,Mass
val,train/Effusion/00005372_009.png,4,Effusion
val,train/Atelectasis/00005742_004.png,0,Atelectasis
val,train/Effusion/00016525_004.png,4,Effusion
val,train/Nodule/00003643_001.png,9,Nodule
val,train/Emphysema/00008468_018.png,5,Emphysema
val,train/Atelectasis/00009083_000.png,0,Atelectasis
val,train/Effusion/00029558_000.png,4,Effusion
val,train/Cardiomegaly/00005750_029.png,1,Cardiomegaly
val,train/Nodule/00020166_006.png,9,Nodule
val,train/Emphysema/00004741_001.png,5,Emphysema
val,train/Nodule/00013490_001.png,9,Nodule
val,train/Emphysema/00010932_003.png,5,Emphysema
val,train/Infiltration/00026099_020.png,7,Infiltration
val,train/Pneumonia/00009903_000.png,10,Pneumonia
val,train/Consolidation/00017605_015.png,2,Consolidation
val,train/Fibrosis/00001901_002.png,6,Fibrosis
val,train/Emphysema/00008563_002.png,5,Emphysema
val,train/Consolidation/00011598_041.png,2,Consolidation
val,train/Fibrosis/00008657_000.png,6,Fibrosis
val,train/Cardiomegaly/00018318_000.png,1,Cardiomegaly
val,train/Consolidation/00010695_005.png,2,Consolidation
val,train/Effusion/00004824_005.png,4,Effusion
val,train/Effusion/00009925_011.png,4,Effusion
val,train/Pneumonia/00011842_002.png,10,Pneumonia
val,train/Emphysema/00000243_001.png,5,Emphysema
val,train/Pneumonia/00020505_022.png,10,Pneumonia
val,train/Atelectasis/00010780_004.png,0,Atelectasis
val,train/Consolidation/00023430_000.png,2,Consolidation
val,train/Nodule/00016778_042.png,9,Nodule
val,train/Fibrosis/00012570_000.png,6,Fibrosis
val,train/Mass/00011478_001.png,8,Mass
val,train/Effusion/00012020_004.png,4,Effusion
val,train/Atelectasis/00022329_000.png,0,Atelectasis
val,train/Atelectasis/00004937_002.png,0,Atelectasis
val,train/Cardiomegaly/00013447_018.png,1,Cardiomegaly
val,train/Effusion/00007076_013.png,4,Effusion
val,train/Emphysema/00000289_007.png,5,Emphysema
val,train/Pneumonia/00000893_000.png,10,Pneumonia
val,train/Edema/00015376_031.png,3,Edema
val,train/Nodule/00006338_009.png,9,Nodule
val,train/Consolidation/00013774_000.png,2,Consolidation
val,train/Pneumonia/00000061_015.png,10,Pneumonia
val,train/Pneumothorax/00028772_000.png,11,Pneumothorax
val,train/Fibrosis/00010806_000.png,6,Fibrosis
val,train/Edema/00015172_001.png,3,Edema
val,train/Fibrosis/00028294_000.png,6,Fibrosis
val,train/Pneumonia/00025075_006.png,10,Pneumonia
val,train/Mass/00005279_000.png,8,Mass
val,train/Pneumothorax/00000231_003.png,11,Pneumothorax
val,train/Atelectasis/00015721_008.png,0,Atelectasis
val,train/Edema/00003693_001.png,3,Edema
val,train/Effusion/00030346_003.png,4,Effusion
val,train/Fibrosis/00008491_000.png,6,Fibrosis
val,train/Infiltration/00019990_000.png,7,Infiltration
val,train/Nodule/00011091_001.png,9,Nodule
val,train/Pneumothorax/00016805_012.png,11,Pneumothorax
val,train/Consolidation/00009212_002.png,2,Consolidation
val,train/Emphysema/00017266_009.png,5,Emphysema
val,train/Nodule/00009007_001.png,9,Nodule
val,train/Atelectasis/00026400_001.png,0,Atelectasis
val,train/Pneumonia/00015809_015.png,10,Pneumonia
val,train/Mass/00028059_001.png,8,Mass
val,train/Cardiomegaly/00021607_000.png,1,Cardiomegaly
val,train/Edema/00015205_001.png,3,Edema
val,train/Mass/00025150_009.png,8,Mass
val,train/Effusion/00012722_000.png,4,Effusion
val,train/Edema/00013594_012.png,3,Edema
val,train/Emphysema/00014368_001.png,5,Emphysema
val,train/Infiltration/00014930_002.png,7,Infiltration
val,train/Fibrosis/00006577_000.png,6,Fibrosis
val,train/Consolidation/00001190_002.png,2,Consolidation
val,train/Infiltration/00011155_008.png,7,Infiltration
val,train/Infiltration/00014877_004.png,7,Infiltration
val,train/Pneumonia/00018996_002.png,10,Pneumonia
val,train/Mass/00015643_000.png,8,Mass
val,train/Pneumonia/00003092_000.png,10,Pneumonia
val,train/Edema/00006978_004.png,3,Edema
val,train/Consolidation/00002833_000.png,2,Consolidation
val,train/Cardiomegaly/00024604_000.png,1,Cardiomegaly
val,train/Infiltration/00020043_012.png,7,Infiltration
val,train/Fibrosis/00027358_000.png,6,Fibrosis
val,train/Fibrosis/00017757_006.png,6,Fibrosis
val,train/Pneumonia/00016213_007.png,10,Pneumonia
val,train/Pneumonia/00010544_007.png,10,Pneumonia
val,train/Pneumothorax/00007572_003.png,11,Pneumothorax
val,train/Cardiomegaly/00005035_001.png,1,Cardiomegaly
val,train/Fibrosis/00003246_001.png,6,Fibrosis
val,train/Cardiomegaly/00006875_010.png,1,Cardiomegaly
val,train/Atelectasis/00005521_000.png,0,Atelectasis
val,train/Pneumonia/00017652_000.png,10,Pneumonia
val,train/Fibrosis/00011706_000.png,6,Fibrosis
val,train/Atelectasis/00007007_023.png,0,Atelectasis
val,train/Nodule/00013247_000.png,9,Nodule
val,train/Consolidation/00014790_008.png,2,Consolidation
val,train/Mass/00013708_002.png,8,Mass
val,train/Edema/00013890_009.png,3,Edema
val,train/Mass/00018663_007.png,8,Mass
val,train/Nodule/00018964_000.png,9,Nodule
val,train/Edema/00005288_004.png,3,Edema
val,train/Mass/00014851_000.png,8,Mass
val,train/Nodule/00001722_002.png,9,Nodule
val,train/Effusion/00009297_013.png,4,Effusion
val,train/Edema/00007864_007.png,3,Edema
val,train/Infiltration/00010050_014.png,7,Infiltration
val,train/Pneumothorax/00001762_005.png,11,Pneumothorax
val,train/Mass/00003045_003.png,8,Mass
val,train/Emphysema/00001470_000.png,5,Emphysema
val,train/Effusion/00000099_009.png,4,Effusion
val,train/Edema/00006296_021.png,3,Edema
val,train/Pneumothorax/00001972_001.png,11,Pneumothorax
val,train/Nodule/00006642_025.png,9,Nodule
val,train/Edema/00011959_009.png,3,Edema
val,train/Mass/00018819_004.png,8,Mass
val,train/Pneumothorax/00026997_003.png,11,Pneumothorax
val,train/Pneumonia/00025776_000.png,10,Pneumonia
val,train/Pneumonia/00014414_007.png,10,Pneumonia
val,train/Emphysema/00010932_001.png,5,Emphysema
val,train/Cardiomegaly/00016926_003.png,1,Cardiomegaly
val,train/Edema/00018724_014.png,3,Edema
val,train/Consolidation/00016884_000.png,2,Consolidation
val,train/Atelectasis/00006242_008.png,0,Atelectasis
val,train/Pneumothorax/00022957_005.png,11,Pneumothorax
val,train/Edema/00001249_004.png,3,Edema
val,train/Atelectasis/00026967_000.png,0,Atelectasis
val,train/Pneumonia/00005778_001.png,10,Pneumonia
val,train/Pneumothorax/00020427_012.png,11,Pneumothorax
val,train/Cardiomegaly/00010372_002.png,1,Cardiomegaly
val,train/Infiltration/00027572_004.png,7,Infiltration
val,train/Infiltration/00025131_005.png,7,Infiltration
val,train/Consolidation/00002457_007.png,2,Consolidation
val,train/Mass/00016798_002.png,8,Mass
val,train/Pneumonia/00018464_027.png,10,Pneumonia
val,train/Cardiomegaly/00012038_001.png,1,Cardiomegaly
val,train/Effusion/00008042_000.png,4,Effusion
val,train/Pneumonia/00018237_028.png,10,Pneumonia
val,train/Effusion/00016486_013.png,4,Effusion
val,train/Emphysema/00019549_004.png,5,Emphysema
val,train/Effusion/00004122_000.png,4,Effusion
val,train/Fibrosis/00007482_022.png,6,Fibrosis
val,train/Consolidation/00016410_010.png,2,Consolidation
val,train/Infiltration/00027594_001.png,7,Infiltration
val,train/Pneumothorax/00028765_004.png,11,Pneumothorax
val,train/Infiltration/00028268_000.png,7,Infiltration
val,train/Emphysema/00004935_003.png,5,Emphysema
val,train/Fibrosis/00012445_000.png,6,Fibrosis
val,train/Emphysema/00012213_000.png,5,Emphysema
val,train/Atelectasis/00012937_002.png,0,Atelectasis
val,train/Fibrosis/00000311_000.png,6,Fibrosis
val,train/Fibrosis/00018661_003.png,6,Fibrosis
val,train/Pneumothorax/00002492_003.png,11,Pneumothorax
val,train/Edema/00010352_063.png,3,Edema
val,train/Mass/00012177_006.png,8,Mass
val,train/Mass/00001410_003.png,8,Mass
val,train/Edema/00029108_001.png,3,Edema
val,train/Consolidation/00029839_006.png,2,Consolidation
val,train/Mass/00006323_000.png,8,Mass
val,train/Cardiomegaly/00000761_006.png,1,Cardiomegaly
val,train/Cardiomegaly/00010994_011.png,1,Cardiomegaly
val,train/Edema/00011122_006.png,3,Edema
val,train/Cardiomegaly/00005064_012.png,1,Cardiomegaly
val,train/Fibrosis/00006985_009.png,6,Fibrosis
val,train/Nodule/00019417_003.png,9,Nodule
val,train/Consolidation/00006850_011.png,2,Consolidation
val,train/Pneumothorax/00021651_003.png,11,Pneumothorax
val,train/Cardiomegaly/00003552_003.png,1,Cardiomegaly
val,train/Nodule/00014755_000.png,9,Nodule
val,train/Edema/00013231_008.png,3,Edema
val,train/Mass/00003599_000.png,8,Mass
val,train/Pneumothorax/00001972_000.png,11,Pneumothorax
val,train/Cardiomegaly/00010585_027.png,1,Cardiomegaly
val,train/Mass/00010105_000.png,8,Mass
val,train/Effusion/00028934_001.png,4,Effusion
val,train/Atelectasis/00011522_004.png,0,Atelectasis
val,train/Nodule/00017484_000.png,9,Nodule
val,train/Pneumothorax/00001912_006.png,11,Pneumothorax
val,train/Mass/00022948_002.png,8,Mass
val,train/Nodule/00024550_000.png,9,Nodule
val,train/Emphysema/00000360_003.png,5,Emphysema
val,train/Pneumothorax/00026293_003.png,11,Pneumothorax
val,train/Mass/00010604_000.png,8,Mass
val,train/Atelectasis/00013194_011.png,0,Atelectasis
val,train/Effusion/00006479_004.png,4,Effusion
val,train/Infiltration/00027719_000.png,7,Infiltration
val,train/Fibrosis/00000204_004.png,6,Fibrosis
val,train/Pneumonia/00017659_000.png,10,Pneumonia
val,train/Fibrosis/00015214_013.png,6,Fibrosis
val,train/Nodule/00019635_007.png,9,Nodule
val,train/Atelectasis/00015376_020.png,0,Atelectasis
val,train/Pneumothorax/00011845_001.png,11,Pneumothorax
val,train/Infiltration/00026828_016.png,7,Infiltration
val,train/Cardiomegaly/00025810_000.png,1,Cardiomegaly
val,train/Edema/00019418_005.png,3,Edema
val,train/Effusion/00026524_003.png,4,Effusion
val,train/Atelectasis/00029220_000.png,0,Atelectasis
val,train/Consolidation/00015152_003.png,2,Consolidation
val,train/Pneumonia/00003510_010.png,10,Pneumonia
val,train/Fibrosis/00017166_000.png,6,Fibrosis
val,train/Fibrosis/00006043_000.png,6,Fibrosis
val,train/Infiltration/00003025_000.png,7,Infiltration
val,train/Cardiomegaly/00003350_000.png,1,Cardiomegaly
val,train/Pneumothorax/00005365_013.png,11,Pneumothorax
val,train/Atelectasis/00001923_000.png,0,Atelectasis
val,train/Emphysema/00002955_002.png,5,Emphysema
val,train/Effusion/00016862_000.png,4,Effusion
val,train/Pneumothorax/00020933_002.png,11,Pneumothorax
val,train/Mass/00017136_016.png,8,Mass
val,train/Edema/00001249_006.png,3,Edema
val,train/Nodule/00017786_001.png,9,Nodule
val,train/Pneumothorax/00008708_011.png,11,Pneumothorax
val,train/Pneumothorax/00017731_019.png,11,Pneumothorax
val,train/Emphysema/00029826_000.png,5,Emphysema
val,train/Emphysema/00010251_001.png,5,Emphysema
val,train/Mass/00009113_000.png,8,Mass
val,train/Fibrosis/00002873_000.png,6,Fibrosis
val,train/Nodule/00021970_006.png,9,Nodule
val,train/Mass/00011956_006.png,8,Mass
val,train/Pneumonia/00030621_002.png,10,Pneumonia
val,train/Nodule/00020047_002.png,9,Nodule
val,train/Nodule/00028975_002.png,9,Nodule
val,train/Edema/00018829_004.png,3,Edema
val,train/Fibrosis/00026498_000.png,6,Fibrosis
val,train/Atelectasis/00018044_025.png,0,Atelectasis
val,train/Consolidation/00009365_013.png,2,Consolidation
val,train/Atelectasis/00029274_002.png,0,Atelectasis
val,train/Fibrosis/00010698_012.png,6,Fibrosis
val,train/Edema/00027725_044.png,3,Edema
val,train/Pneumothorax/00028421_004.png,11,Pneumothorax
val,train/Emphysema/00027320_004.png,5,Emphysema
val,train/Effusion/00005895_003.png,4,Effusion
val,train/Consolidation/00014429_015.png,2,Consolidation
val,train/Consolidation/00003981_004.png,2,Consolidation
val,train/Effusion/00029923_000.png,4,Effusion
val,train/Atelectasis/00013077_000.png,0,Atelectasis
val,train/Edema/00007864_006.png,3,Edema
val,train/Emphysema/00020123_000.png,5,Emphysema
val,train/Nodule/00011598_030.png,9,Nodule
val,train/Infiltration/00003770_004.png,7,Infiltration
val,train/Fibrosis/00002872_000.png,6,Fibrosis
val,train/Infiltration/00016735_001.png,7,Infiltration
val,train/Edema/00017846_005.png,3,Edema
val,train/Edema/00011632_025.png,3,Edema
val,train/Nodule/00028195_003.png,9,Nodule
val,train/Pneumonia/00016205_000.png,10,Pneumonia
val,train/Cardiomegaly/00009717_002.png,1,Cardiomegaly
val,train/Pneumonia/00022201_000.png,10,Pneumonia
val,train/Atelectasis/00001941_007.png,0,Atelectasis
val,train/Pneumothorax/00011688_008.png,11,Pneumothorax
val,train/Atelectasis/00014290_007.png,0,Atelectasis
val,train/Nodule/00026831_000.png,9,Nodule
val,train/Cardiomegaly/00019349_001.png,1,Cardiomegaly
val,train/Effusion/00017362_007.png,4,Effusion
val,train/Pneumothorax/00002929_000.png,11,Pneumothorax
val,train/Infiltration/00020732_004.png,7,Infiltration
val,train/Effusion/00010583_009.png,4,Effusion
val,train/Mass/00013937_009.png,8,Mass
val,train/Pneumothorax/00004800_001.png,11,Pneumothorax
val,train/Infiltration/00005577_005.png,7,Infiltration
val,train/Effusion/00006783_002.png,4,Effusion
val,train/Emphysema/00002843_008.png,5,Emphysema
val,train/Pneumonia/00002052_002.png,10,Pneumonia
val,train/Infiltration/00025788_000.png,7,Infiltration
val,train/Edema/00020326_094.png,3,Edema
val,train/Mass/00014265_010.png,8,Mass
val,train/Nodule/00017597_000.png,9,Nodule
val,train/Mass/00027416_001.png,8,Mass
val,train/Pneumonia/00005673_003.png,10,Pneumonia
val,train/Effusion/00011568_003.png,4,Effusion
val,train/Mass/00015524_001.png,8,Mass
val,train/Cardiomegaly/00009826_001.png,1,Cardiomegaly
val,train/Cardiomegaly/00027415_035.png,1,Cardiomegaly
val,train/Infiltration/00009894_019.png,7,Infiltration
val,train/Effusion/00018437_003.png,4,Effusion
val,train/Effusion/00000117_000.png,4,Effusion
val,train/Atelectasis/00016716_003.png,0,Atelectasis
val,train/Atelectasis/00025303_012.png,0,Atelectasis
val,train/Pneumonia/00010544_029.png,10,Pneumonia
val,train/Consolidation/00006150_001.png,2,Consolidation
val,train/Mass/00012578_001.png,8,Mass
val,train/Consolidation/00008854_001.png,2,Consolidation
val,train/Atelectasis/00016350_002.png,0,Atelectasis
val,train/Infiltration/00021888_002.png,7,Infiltration
val,train/Infiltration/00026099_016.png,7,Infiltration
val,train/Emphysema/00012648_003.png,5,Emphysema
val,train/Atelectasis/00012144_026.png,0,Atelectasis
val,train/Pneumonia/00025383_001.png,10,Pneumonia
val,train/Fibrosis/00008367_000.png,6,Fibrosis
val,train/Effusion/00006318_005.png,4,Effusion
val,train/Edema/00004338_002.png,3,Edema
val,train/Nodule/00006116_006.png,9,Nodule
val,train/Consolidation/00014950_003.png,2,Consolidation
val,train/Pneumothorax/00018557_015.png,11,Pneumothorax
val,train/Infiltration/00026047_003.png,7,Infiltration
val,train/Pneumothorax/00026597_013.png,11,Pneumothorax
val,train/Atelectasis/00027961_003.png,0,Atelectasis
val,train/Fibrosis/00007623_001.png,6,Fibrosis
val,train/Cardiomegaly/00013876_001.png,1,Cardiomegaly
val,train/Edema/00003534_031.png,3,Edema
val,train/Nodule/00012531_000.png,9,Nodule
val,train/Mass/00015200_000.png,8,Mass
val,train/Cardiomegaly/00003610_023.png,1,Cardiomegaly
val,train/Effusion/00007156_001.png,4,Effusion
val,train/Atelectasis/00002359_003.png,0,Atelectasis
val,train/Consolidation/00014715_011.png,2,Consolidation
val,train/Emphysema/00016200_000.png,5,Emphysema
val,train/Infiltration/00016997_003.png,7,Infiltration
val,train/Cardiomegaly/00017627_000.png,1,Cardiomegaly
val,train/Nodule/00021128_002.png,9,Nodule
val,train/Fibrosis/00013267_000.png,6,Fibrosis
val,train/Fibrosis/00025431_000.png,6,Fibrosis
val,train/Fibrosis/00000710_001.png,6,Fibrosis
val,train/Infiltration/00023722_001.png,7,Infiltration
val,train/Mass/00012684_000.png,8,Mass
val,train/Emphysema/00002649_017.png,5,Emphysema
val,train/Pneumonia/00019894_038.png,10,Pneumonia
val,train/Edema/00015028_005.png,3,Edema
val,train/Mass/00010566_000.png,8,Mass
val,train/Consolidation/00030733_002.png,2,Consolidation
val,train/Fibrosis/00007603_000.png,6,Fibrosis
val,train/Cardiomegaly/00027908_004.png,1,Cardiomegaly
val,train/Fibrosis/00010406_004.png,6,Fibrosis
val,train/Emphysema/00003523_033.png,5,Emphysema
val,train/Consolidation/00013241_000.png,2,Consolidation
val,train/Effusion/00002955_009.png,4,Effusion
val,train/Infiltration/00022679_007.png,7,Infiltration
val,train/Fibrosis/00017066_000.png,6,Fibrosis
val,train/Mass/00007869_002.png,8,Mass
val,train/Effusion/00029134_003.png,4,Effusion
val,train/Mass/00005904_000.png,8,Mass
val,train/Pneumonia/00012667_000.png,10,Pneumonia
val,train/Infiltration/00012931_019.png,7,Infiltration
val,train/Pneumothorax/00020195_005.png,11,Pneumothorax
val,train/Infiltration/00019864_000.png,7,Infiltration
val,train/Consolidation/00010669_002.png,2,Consolidation
val,train/Edema/00013849_009.png,3,Edema
val,train/Emphysema/00012696_001.png,5,Emphysema
val,train/Nodule/00005403_031.png,9,Nodule
val,train/Pneumothorax/00015556_015.png,11,Pneumothorax
val,train/Infiltration/00000051_000.png,7,Infiltration
val,train/Effusion/00005649_000.png,4,Effusion
val,train/Nodule/00003523_007.png,9,Nodule
val,train/Consolidation/00011303_004.png,2,Consolidation
val,train/Pneumonia/00014405_001.png,10,Pneumonia
val,train/Cardiomegaly/00010177_000.png,1,Cardiomegaly
val,train/Pneumonia/00021706_004.png,10,Pneumonia
val,train/Pneumonia/00014436_008.png,10,Pneumonia
val,train/Edema/00021969_000.png,3,Edema
val,train/Infiltration/00024914_000.png,7,Infiltration
val,train/Pneumonia/00009323_005.png,10,Pneumonia
val,train/Mass/00011504_004.png,8,Mass
val,train/Consolidation/00012761_000.png,2,Consolidation
val,train/Infiltration/00018669_005.png,7,Infiltration
val,train/Pneumothorax/00008464_001.png,11,Pneumothorax
val,train/Fibrosis/00017109_000.png,6,Fibrosis
val,train/Consolidation/00002048_013.png,2,Consolidation
val,train/Pneumothorax/00014406_003.png,11,Pneumothorax
val,train/Cardiomegaly/00016802_000.png,1,Cardiomegaly
val,train/Fibrosis/00002146_000.png,6,Fibrosis
val,train/Cardiomegaly/00009932_004.png,1,Cardiomegaly
val,train/Atelectasis/00029016_002.png,0,Atelectasis
val,train/Atelectasis/00016623_003.png,0,Atelectasis
val,train/Pneumothorax/00016422_004.png,11,Pneumothorax
val,train/Edema/00010547_005.png,3,Edema
val,train/Pneumothorax/00000372_002.png,11,Pneumothorax
val,train/Effusion/00008760_004.png,4,Effusion
val,train/Atelectasis/00018044_042.png,0,Atelectasis
val,train/Mass/00007136_000.png,8,Mass
val,train/Cardiomegaly/00004363_000.png,1,Cardiomegaly
test,test/Edema/00006674_005.png,3,Edema
test,test/Cardiomegaly/00000661_000.png,1,Cardiomegaly
test,test/Mass/00013977_004.png,8,Mass
test,test/Effusion/00016807_007.png,4,Effusion
test,test/Atelectasis/00000583_056.png,0,Atelectasis
test,test/Emphysema/00014083_026.png,5,Emphysema
test,test/Consolidation/00011237_087.png,2,Consolidation
test,test/Cardiomegaly/00004893_063.png,1,Cardiomegaly
test,test/Consolidation/00013531_019.png,2,Consolidation
test,test/Infiltration/00019363_040.png,7,Infiltration
test,test/Cardiomegaly/00028873_004.png,1,Cardiomegaly
test,test/Cardiomegaly/00029391_000.png,1,Cardiomegaly
test,test/Pneumonia/00016705_003.png,10,Pneumonia
test,test/Emphysema/00008911_004.png,5,Emphysema
test,test/Effusion/00013625_037.png,4,Effusion
test,test/Edema/00007018_032.png,3,Edema
test,test/Effusion/00025252_068.png,4,Effusion
test,test/Nodule/00023033_011.png,9,Nodule
test,test/Mass/00017036_015.png,8,Mass
test,test/Consolidation/00016490_027.png,2,Consolidation
test,test/Atelectasis/00004822_025.png,0,Atelectasis
test,test/Fibrosis/00016699_000.png,6,Fibrosis
test,test/Infiltration/00019924_040.png,7,Infiltration
test,test/Pneumonia/00028457_010.png,10,Pneumonia
test,test/Edema/00016293_004.png,3,Edema
test,test/Consolidation/00020405_038.png,2,Consolidation
test,test/Nodule/00023026_001.png,9,Nodule
test,test/Consolidation/00011237_108.png,2,Consolidation
test,test/Pneumothorax/00003028_074.png,11,Pneumothorax
test,test/Atelectasis/00015018_013.png,0,Atelectasis
test,test/Atelectasis/00005567_020.png,0,Atelectasis
test,test/Infiltration/00020213_039.png,7,Infiltration
test,test/Fibrosis/00006496_000.png,6,Fibrosis
test,test/Pneumothorax/00017524_021.png,11,Pneumothorax
test,test/Edema/00018091_014.png,3,Edema
test,test/Infiltration/00013625_067.png,7,Infiltration
test,test/Infiltration/00007034_062.png,7,Infiltration
test,test/Consolidation/00000583_053.png,2,Consolidation
test,test/Edema/00007018_053.png,3,Edema
test,test/Infiltration/00008291_014.png,7,Infiltration
test,test/Emphysema/00015530_089.png,5,Emphysema
test,test/Mass/00021047_020.png,8,Mass
test,test/Edema/00010007_003.png,3,Edema
test,test/Edema/00018091_015.png,3,Edema
test,test/Pneumothorax/00017972_048.png,11,Pneumothorax
test,test/Consolidation/00015530_008.png,2,Consolidation
test,test/Pneumothorax/00010677_030.png,11,Pneumothorax
test,test/Effusion/00017405_024.png,4,Effusion
test,test/Pneumonia/00003064_026.png,10,Pneumonia
test,test/Atelectasis/00027927_014.png,0,Atelectasis
test,test/Edema/00023325_021.png,3,Edema
test,test/Mass/00026261_000.png,8,Mass
test,test/Fibrosis/00002101_002.png,6,Fibrosis
test,test/Fibrosis/00016719_011.png,6,Fibrosis
test,test/Mass/00021179_000.png,8,Mass
test,test/Pneumonia/00015442_000.png,10,Pneumonia
test,test/Emphysema/00026412_064.png,5,Emphysema
test,test/Atelectasis/00026399_008.png,0,Atelectasis
test,test/Mass/00011831_001.png,8,Mass
test,test/Atelectasis/00016009_027.png,0,Atelectasis
test,test/Nodule/00001836_045.png,9,Nodule
test,test/Atelectasis/00014125_008.png,0,Atelectasis
test,test/Pneumonia/00004344_002.png,10,Pneumonia
test,test/Pneumonia/00008397_016.png,10,Pneumonia
test,test/Pneumonia/00022877_014.png,10,Pneumonia
test,test/Emphysema/00029950_004.png,5,Emphysema
test,test/Pneumonia/00011973_015.png,10,Pneumonia
test,test/Cardiomegaly/00011322_002.png,1,Cardiomegaly
test,test/Nodule/00019124_102.png,9,Nodule
test,test/Nodule/00008008_021.png,9,Nodule
test,test/Effusion/00013285_022.png,4,Effusion
test,test/Cardiomegaly/00018187_029.png,1,Cardiomegaly
test,test/Nodule/00017098_000.png,9,Nodule
test,test/Nodule/00019124_087.png,9,Nodule
test,test/Emphysema/00003945_003.png,5,Emphysema
test,test/Effusion/00018360_016.png,4,Effusion
test,test/Infiltration/00013531_006.png,7,Infiltration
test,test/Pneumonia/00017641_003.png,10,Pneumonia
test,test/Fibrosis/00011953_001.png,6,Fibrosis
test,test/Atelectasis/00020673_051.png,0,Atelectasis
test,test/Nodule/00009953_010.png,9,Nodule
test,test/Infiltration/00010959_003.png,7,Infiltration
test,test/Pneumothorax/00016587_082.png,11,Pneumothorax
test,test/Infiltration/00026971_010.png,7,Infiltration
test,test/Pneumonia/00001582_021.png,10,Pneumonia
test,test/Effusion/00023283_019.png,4,Effusion
test,test/Nodule/00009431_000.png,9,Nodule
test,test/Mass/00011925_042.png,8,Mass
test,test/Pneumonia/00007735_018.png,10,Pneumonia
test,test/Edema/00015605_040.png,3,Edema
test,test/Cardiomegaly/00026087_000.png,1,Cardiomegaly
test,test/Atelectasis/00029502_000.png,0,Atelectasis
test,test/Cardiomegaly/00023093_011.png,1,Cardiomegaly
test,test/Mass/00018091_028.png,8,Mass
test,test/Consolidation/00022883_000.png,2,Consolidation
test,test/Mass/00027833_008.png,8,Mass
test,test/Nodule/00020277_002.png,9,Nodule
test,test/Consolidation/00008291_005.png,2,Consolidation
test,test/Emphysema/00027592_013.png,5,Emphysema
test,test/Pneumonia/00001582_019.png,10,Pneumonia
test,test/Infiltration/00000181_021.png,7,Infiltration
test,test/Consolidation/00016508_013.png,2,Consolidation
test,test/Fibrosis/00022765_000.png,6,Fibrosis
test,test/Infiltration/00021277_036.png,7,Infiltration
test,test/Consolidation/00006271_071.png,2,Consolidation
test,test/Effusion/00025936_006.png,4,Effusion
test,test/Nodule/00027726_033.png,9,Nodule
test,test/Effusion/00009845_052.png,4,Effusion
test,test/Cardiomegaly/00027782_005.png,1,Cardiomegaly
test,test/Consolidation/00000116_019.png,2,Consolidation
test,test/Cardiomegaly/00013249_001.png,1,Cardiomegaly
test,test/Emphysema/00026412_063.png,5,Emphysema
test,test/Edema/00016607_020.png,3,Edema
test,test/Effusion/00022416_032.png,4,Effusion
test,test/Effusion/00026562_021.png,4,Effusion
test,test/Mass/00013627_002.png,8,Mass
test,test/Atelectasis/00005090_005.png,0,Atelectasis
test,test/Pneumothorax/00016587_010.png,11,Pneumothorax
test,test/Pneumothorax/00017972_021.png,11,Pneumothorax
test,test/Consolidation/00001170_010.png,2,Consolidation
test,test/Cardiomegaly/00004342_055.png,1,Cardiomegaly
test,test/Pneumothorax/00013111_061.png,11,Pneumothorax
test,test/Pneumonia/00007444_003.png,10,Pneumonia
test,test/Pneumonia/00014022_102.png,10,Pneumonia
test,test/Atelectasis/00029502_005.png,0,Atelectasis
test,test/Emphysema/00000013_041.png,5,Emphysema
test,test/Pneumothorax/00010936_016.png,11,Pneumothorax
test,test/Fibrosis/00000181_001.png,6,Fibrosis
test,test/Edema/00007018_010.png,3,Edema
test,test/Fibrosis/00001836_075.png,6,Fibrosis
test,test/Pneumonia/00028173_010.png,10,Pneumonia
test,test/Pneumonia/00016184_037.png,10,Pneumonia
test,test/Emphysema/00012975_007.png,5,Emphysema
test,test/Emphysema/00008291_018.png,5,Emphysema
test,test/Edema/00004342_043.png,3,Edema
test,test/Pneumothorax/00002290_004.png,11,Pneumothorax
test,test/Pneumothorax/00026810_014.png,11,Pneumothorax
test,test/Nodule/00020405_019.png,9,Nodule
test,test/Nodule/00014822_020.png,9,Nodule
test,test/Mass/00019651_002.png,8,Mass
test,test/Effusion/00013285_014.png,4,Effusion
test,test/Infiltration/00001736_015.png,7,Infiltration
test,test/Effusion/00017606_035.png,4,Effusion
test,test/Effusion/00009608_011.png,4,Effusion
test,test/Consolidation/00016522_017.png,2,Consolidation
test,test/Nodule/00025707_018.png,9,Nodule
test,test/Edema/00023271_014.png,3,Edema
test,test/Consolidation/00012364_009.png,2,Consolidation
test,test/Cardiomegaly/00004822_010.png,1,Cardiomegaly
test,test/Infiltration/00004188_004.png,7,Infiltration
test,test/Fibrosis/00005567_007.png,6,Fibrosis
test,test/Fibrosis/00018898_006.png,6,Fibrosis
test,test/Effusion/00018091_016.png,4,Effusion
test,test/Mass/00009953_012.png,8,Mass
test,test/Atelectasis/00030692_000.png,0,Atelectasis
test,test/Pneumothorax/00016807_019.png,11,Pneumothorax
test,test/Emphysema/00017504_065.png,5,Emphysema
test,test/Infiltration/00016522_010.png,7,Infiltration
test,test/Cardiomegaly/00028018_000.png,1,Cardiomegaly
test,test/Consolidation/00000467_003.png,2,Consolidation
test,test/Edema/00015605_035.png,3,Edema
test,test/Atelectasis/00016191_009.png,0,Atelectasis
test,test/Nodule/00025368_008.png,9,Nodule
test,test/Fibrosis/00016434_006.png,6,Fibrosis
test,test/Infiltration/00014346_040.png,7,Infiltration
test,test/Nodule/00010198_000.png,9,Nodule
test,test/Pneumothorax/00028876_028.png,11,Pneumothorax
test,test/Infiltration/00002551_006.png,7,Infiltration
test,test/Infiltration/00004893_042.png,7,Infiltration
test,test/Fibrosis/00012217_000.png,6,Fibrosis
test,test/Edema/00013968_003.png,3,Edema
test,test/Fibrosis/00022415_004.png,6,Fibrosis
test,test/Atelectasis/00010936_007.png,0,Atelectasis
test,test/Fibrosis/00004991_003.png,6,Fibrosis
test,test/Emphysema/00003669_006.png,5,Emphysema
test,test/Pneumonia/00016972_028.png,10,Pneumonia
test,test/Infiltration/00006425_022.png,7,Infiltration
test,test/Mass/00016971_033.png,8,Mass
test,test/Mass/00018101_013.png,8,Mass
test,test/Effusion/00013993_057.png,4,Effusion
test,test/Emphysema/00020405_005.png,5,Emphysema
test,test/Fibrosis/00007471_005.png,6,Fibrosis
test,test/Cardiomegaly/00009608_024.png,1,Cardiomegaly
test,test/Atelectasis/00026399_006.png,0,Atelectasis
test,test/Fibrosis/00010125_000.png,6,Fibrosis
test,test/Fibrosis/00005609_025.png,6,Fibrosis
test,test/Consolidation/00015058_017.png,2,Consolidation
test,test/Effusion/00016732_026.png,4,Effusion
test,test/Infiltration/00006271_018.png,7,Infiltration
test,test/Atelectasis/00011985_012.png,0,Atelectasis
test,test/Fibrosis/00013471_026.png,6,Fibrosis
test,test/Infiltration/00018721_015.png,7,Infiltration
test,test/Effusion/00017606_022.png,4,Effusion
test,test/Atelectasis/00009892_024.png,0,Atelectasis
test,test/Pneumothorax/00016937_014.png,11,Pneumothorax
test,test/Mass/00000618_002.png,8,Mass
test,test/Edema/00001736_017.png,3,Edema
test,test/Effusion/00015895_016.png,4,Effusion
test,test/Edema/00008626_026.png,3,Edema
test,test/Fibrosis/00005089_007.png,6,Fibrosis
test,test/Pneumothorax/00022572_026.png,11,Pneumothorax
test,test/Pneumothorax/00019766_012.png,11,Pneumothorax
test,test/Atelectasis/00020772_007.png,0,Atelectasis
test,test/Effusion/00020113_005.png,4,Effusion
test,test/Nodule/00000744_001.png,9,Nodule
test,test/Emphysema/00000013_042.png,5,Emphysema
test,test/Fibrosis/00003008_000.png,6,Fibrosis
test,test/Emphysema/00005681_010.png,5,Emphysema
test,test/Emphysema/00012747_000.png,5,Emphysema
test,test/Effusion/00018253_011.png,4,Effusion
test,test/Effusion/00011237_072.png,4,Effusion
test,test/Nodule/00013670_033.png,9,Nodule
test,test/Edema/00011391_048.png,3,Edema
test,test/Pneumonia/00005567_025.png,10,Pneumonia
test,test/Mass/00017178_001.png,8,Mass
test,test/Cardiomegaly/00000116_000.png,1,Cardiomegaly
test,test/Infiltration/00009945_006.png,7,Infiltration
test,test/Cardiomegaly/00011263_000.png,1,Cardiomegaly
test,test/Fibrosis/00003064_053.png,6,Fibrosis
test,test/Effusion/00019924_029.png,4,Effusion
test,test/Mass/00013627_001.png,8,Mass
test,test/Pneumothorax/00007676_016.png,11,Pneumothorax
test,test/Pneumonia/00016705_004.png,10,Pneumonia
test,test/Edema/00013128_009.png,3,Edema
test,test/Nodule/00015792_002.png,9,Nodule
test,test/Mass/00013461_008.png,8,Mass
test,test/Cardiomegaly/00007735_040.png,1,Cardiomegaly
test,test/Nodule/00013673_001.png,9,Nodule
test,test/Pneumonia/00013992_005.png,10,Pneumonia
test,test/Consolidation/00003028_021.png,2,Consolidation
test,test/Infiltration/00026132_020.png,7,Infiltration
test,test/Consolidation/00012576_014.png,2,Consolidation
test,test/Pneumothorax/00005140_003.png,11,Pneumothorax
test,test/Nodule/00002722_003.png,9,Nodule
test,test/Atelectasis/00001900_000.png,0,Atelectasis
test,test/Effusion/00012045_009.png,4,Effusion
test,test/Nodule/00005416_003.png,9,Nodule
test,test/Consolidation/00023138_011.png,2,Consolidation
test,test/Cardiomegaly/00011827_012.png,1,Cardiomegaly
test,test/Emphysema/00000041_001.png,5,Emphysema
test,test/Cardiomegaly/00003394_006.png,1,Cardiomegaly
test,test/Atelectasis/00000468_033.png,0,Atelectasis
test,test/Cardiomegaly/00004533_002.png,1,Cardiomegaly
test,test/Consolidation/00006304_024.png,2,Consolidation
test,test/Fibrosis/00000324_007.png,6,Fibrosis
test,test/Fibrosis/00019606_002.png,6,Fibrosis
test,test/Atelectasis/00025769_019.png,0,Atelectasis
test,test/Pneumothorax/00011460_027.png,11,Pneumothorax
test,test/Consolidation/00013993_101.png,2,Consolidation
test,test/Infiltration/00020673_023.png,7,Infiltration
test,test/Infiltration/00022237_012.png,7,Infiltration
test,test/Edema/00015895_010.png,3,Edema
test,test/Nodule/00023068_047.png,9,Nodule
test,test/Consolidation/00030206_010.png,2,Consolidation
test,test/Pneumonia/00015442_001.png,10,Pneumonia
test,test/Infiltration/00018055_034.png,7,Infiltration
test,test/Infiltration/00003064_033.png,7,Infiltration
test,test/Consolidation/00013993_076.png,2,Consolidation
test,test/Mass/00023162_001.png,8,Mass
test,test/Edema/00004342_042.png,3,Edema
test,test/Fibrosis/00005567_008.png,6,Fibrosis
test,test/Edema/00007018_011.png,3,Edema
test,test/Cardiomegaly/00004344_041.png,1,Cardiomegaly
test,test/Emphysema/00028208_033.png,5,Emphysema
test,test/Effusion/00013670_110.png,4,Effusion
test,test/Edema/00025252_048.png,3,Edema
test,test/Edema/00015605_041.png,3,Edema
test,test/Consolidation/00029502_001.png,2,Consolidation
test,test/Fibrosis/00008407_000.png,6,Fibrosis
test,test/Edema/00002224_006.png,3,Edema
test,test/Pneumothorax/00013111_059.png,11,Pneumothorax
test,test/Fibrosis/00013192_005.png,6,Fibrosis
test,test/Infiltration/00015895_013.png,7,Infiltration
test,test/Cardiomegaly/00004533_010.png,1,Cardiomegaly
test,test/Mass/00018091_021.png,8,Mass
test,test/Effusion/00017405_017.png,4,Effusion
test,test/Mass/00030389_000.png,8,Mass
test,test/Mass/00015605_057.png,8,Mass
test,test/Edema/00013249_019.png,3,Edema
test,test/Mass/00023309_011.png,8,Mass
test,test/Pneumothorax/00000468_016.png,11,Pneumothorax
test,test/Nodule/00030079_049.png,9,Nodule
test,test/Mass/00019767_002.png,8,Mass
test,test/Cardiomegaly/00000211_043.png,1,Cardiomegaly
test,test/Consolidation/00013261_005.png,2,Consolidation
test,test/Consolidation/00018360_051.png,2,Consolidation
test,test/Fibrosis/00010677_026.png,6,Fibrosis
test,test/Mass/00000618_007.png,8,Mass
test,test/Infiltration/00020482_049.png,7,Infiltration
test,test/Cardiomegaly/00016414_000.png,1,Cardiomegaly
test,test/Pneumonia/00029481_004.png,10,Pneumonia
test,test/Effusion/00021409_002.png,4,Effusion
test,test/Pneumonia/00021860_003.png,10,Pneumonia
test,test/Pneumonia/00003973_007.png,10,Pneumonia
test,test/Nodule/00003029_002.png,9,Nodule
test,test/Fibrosis/00006991_003.png,6,Fibrosis
test,test/Pneumonia/00004893_070.png,10,Pneumonia
test,test/Consolidation/00011237_033.png,2,Consolidation
test,test/Consolidation/00020405_029.png,2,Consolidation
test,test/Pneumothorax/00017524_008.png,11,Pneumothorax
test,test/Cardiomegaly/00013249_007.png,1,Cardiomegaly
test,test/Mass/00019313_007.png,8,Mass
test,test/Nodule/00029159_021.png,9,Nodule
test,test/Effusion/00010871_011.png,4,Effusion
test,test/Emphysema/00000732_001.png,5,Emphysema
test,test/Cardiomegaly/00004526_007.png,1,Cardiomegaly
test,test/Nodule/00009403_006.png,9,Nodule
test,test/Edema/00014203_025.png,3,Edema
test,test/Pneumothorax/00001006_022.png,11,Pneumothorax
test,test/Cardiomegaly/00001373_021.png,1,Cardiomegaly
test,test/Infiltration/00020405_026.png,7,Infiltration
test,test/Pneumonia/00021201_036.png,10,Pneumonia
test,test/Infiltration/00011237_093.png,7,Infiltration
test,test/Consolidation/00029663_003.png,2,Consolidation
test,test/Emphysema/00027213_025.png,5,Emphysema
test,test/Infiltration/00012636_005.png,7,Infiltration
test,test/Pneumothorax/00022726_009.png,11,Pneumothorax
test,test/Consolidation/00003996_005.png,2,Consolidation
test,test/Mass/00016064_000.png,8,Mass
test,test/Cardiomegaly/00000948_000.png,1,Cardiomegaly
test,test/Emphysema/00025529_005.png,5,Emphysema
test,test/Pneumothorax/00030606_014.png,11,Pneumothorax
test,test/Consolidation/00010120_026.png,2,Consolidation
test,test/Infiltration/00009863_038.png,7,Infiltration
test,test/Nodule/00019124_022.png,9,Nodule
test,test/Pneumonia/00019275_002.png,10,Pneumonia
test,test/Atelectasis/00008397_009.png,0,Atelectasis
test,test/Fibrosis/00030677_000.png,6,Fibrosis
test,test/Cardiomegaly/00001373_006.png,1,Cardiomegaly
test,test/Fibrosis/00006165_000.png,6,Fibrosis
test,test/Edema/00019208_006.png,3,Edema
test,test/Effusion/00026098_017.png,4,Effusion
test,test/Edema/00008291_008.png,3,Edema
test,test/Mass/00011804_005.png,8,Mass
test,test/Atelectasis/00020673_021.png,0,Atelectasis
test,test/Emphysema/00013380_005.png,5,Emphysema
test,test/Edema/00015605_032.png,3,Edema
test,test/Nodule/00017098_007.png,9,Nodule
test,test/Consolidation/00017710_007.png,2,Consolidation
test,test/Edema/00018867_016.png,3,Edema
test,test/Mass/00009290_000.png,8,Mass
test,test/Emphysema/00019437_005.png,5,Emphysema
test,test/Edema/00002533_003.png,3,Edema
test,test/Cardiomegaly/00004526_008.png,1,Cardiomegaly
test,test/Effusion/00017606_040.png,4,Effusion
test,test/Edema/00014675_005.png,3,Edema
test,test/Edema/00020852_022.png,3,Edema
test,test/Nodule/00018102_003.png,9,Nodule
test,test/Mass/00021420_019.png,8,Mass
test,test/Atelectasis/00014251_016.png,0,Atelectasis
test,test/Pneumothorax/00026923_007.png,11,Pneumothorax
test,test/Effusion/00019892_018.png,4,Effusion
test,test/Emphysema/00015530_056.png,5,Emphysema
test,test/Cardiomegaly/00006808_003.png,1,Cardiomegaly
test,test/Edema/00001787_005.png,3,Edema
test,test/Atelectasis/00023156_001.png,0,Atelectasis
test,test/Atelectasis/00018249_001.png,0,Atelectasis
test,test/Nodule/00023075_048.png,9,Nodule
test,test/Emphysema/00012217_001.png,5,Emphysema
test,test/Edema/00003239_002.png,3,Edema
test,test/Cardiomegaly/00004344_038.png,1,Cardiomegaly
test,test/Consolidation/00027357_010.png,2,Consolidation
test,test/Edema/00016184_041.png,3,Edema
test,test/Nodule/00015649_004.png,9,Nodule
test,test/Consolidation/00013670_154.png,2,Consolidation
test,test/Atelectasis/00007750_014.png,0,Atelectasis
test,test/Nodule/00006304_047.png,9,Nodule
test,test/Nodule/00017214_002.png,9,Nodule
test,test/Effusion/00003064_038.png,4,Effusion
test,test/Infiltration/00011702_004.png,7,Infiltration
test,test/Emphysema/00005476_002.png,5,Emphysema
test,test/Consolidation/00026132_010.png,2,Consolidation
test,test/Nodule/00015141_002.png,9,Nodule
test,test/Mass/00013472_000.png,8,Mass
test,test/Atelectasis/00026261_008.png,0,Atelectasis
test,test/Cardiomegaly/00006481_032.png,1,Cardiomegaly
test,test/Edema/00014839_026.png,3,Edema
test,test/Atelectasis/00000149_006.png,0,Atelectasis
test,test/Effusion/00026098_016.png,4,Effusion
test,test/Edema/00027726_008.png,3,Edema
test,test/Nodule/00022877_013.png,9,Nodule
test,test/Nodule/00009403_003.png,9,Nodule
test,test/Nodule/00006425_001.png,9,Nodule
test,test/Pneumonia/00006997_000.png,10,Pneumonia
test,test/Emphysema/00026412_056.png,5,Emphysema
test,test/Nodule/00020725_004.png,9,Nodule
test,test/Mass/00030206_006.png,8,Mass
test,test/Mass/00019089_000.png,8,Mass
test,test/Nodule/00027838_006.png,9,Nodule
test,test/Nodule/00001320_001.png,9,Nodule
test,test/Fibrosis/00014969_001.png,6,Fibrosis
test,test/Pneumothorax/00021179_010.png,11,Pneumothorax
test,test/Cardiomegaly/00014706_029.png,1,Cardiomegaly
test,test/Atelectasis/00006912_008.png,0,Atelectasis
test,test/Effusion/00018366_031.png,4,Effusion
test,test/Pneumothorax/00008008_023.png,11,Pneumothorax
test,test/Mass/00023026_003.png,8,Mass
test,test/Effusion/00020810_004.png,4,Effusion
test,test/Consolidation/00000468_034.png,2,Consolidation
test,test/Emphysema/00017747_024.png,5,Emphysema
test,test/Pneumothorax/00027093_001.png,11,Pneumothorax
test,test/Mass/00002722_001.png,8,Mass
test,test/Atelectasis/00000072_000.png,0,Atelectasis
test,test/Mass/00023075_033.png,8,Mass
test,test/Infiltration/00027093_007.png,7,Infiltration
test,test/Edema/00014675_004.png,3,Edema
test,test/Cardiomegaly/00004381_028.png,1,Cardiomegaly
test,test/Pneumonia/00021201_037.png,10,Pneumonia
test,test/Nodule/00010775_005.png,9,Nodule
test,test/Consolidation/00020482_038.png,2,Consolidation
test,test/Consolidation/00013627_004.png,2,Consolidation
test,test/Consolidation/00020408_043.png,2,Consolidation
test,test/Mass/00019089_001.png,8,Mass
test,test/Fibrosis/00000733_002.png,6,Fibrosis
test,test/Cardiomegaly/00004534_005.png,1,Cardiomegaly
test,test/Fibrosis/00013648_024.png,6,Fibrosis
test,test/Mass/00018101_000.png,8,Mass
test,test/Consolidation/00018867_038.png,2,Consolidation
test,test/Effusion/00001248_002.png,4,Effusion
test,test/Mass/00014358_008.png,8,Mass
test,test/Atelectasis/00017670_003.png,0,Atelectasis
test,test/Nodule/00029481_000.png,9,Nodule
test,test/Nodule/00014203_033.png,9,Nodule
test,test/Atelectasis/00013625_039.png,0,Atelectasis
test,test/Pneumothorax/00028208_020.png,11,Pneumothorax
test,test/Pneumothorax/00010767_018.png,11,Pneumothorax
test,test/Edema/00026971_005.png,3,Edema
test,test/Infiltration/00001006_027.png,7,Infiltration
test,test/Infiltration/00003996_010.png,7,Infiltration
test,test/Mass/00011804_009.png,8,Mass
test,test/Edema/00011391_019.png,3,Edema
test,test/Mass/00009349_039.png,8,Mass
test,test/Effusion/00019363_019.png,4,Effusion
test,test/Mass/00011804_019.png,8,Mass
test,test/Nodule/00005140_000.png,9,Nodule
test,test/Pneumothorax/00011831_006.png,11,Pneumothorax
test,test/Emphysema/00015530_093.png,5,Emphysema
test,test/Infiltration/00023178_000.png,7,Infiltration
test,test/Edema/00022815_029.png,3,Edema
test,test/Effusion/00012834_122.png,4,Effusion
test,test/Effusion/00018721_024.png,4,Effusion
test,test/Cardiomegaly/00011023_003.png,1,Cardiomegaly
test,test/Pneumothorax/00011460_054.png,11,Pneumothorax
test,test/Edema/00022290_009.png,3,Edema
test,test/Edema/00017081_000.png,3,Edema
test,test/Mass/00001075_024.png,8,Mass
test,test/Atelectasis/00009107_002.png,0,Atelectasis
test,test/Pneumonia/00026753_004.png,10,Pneumonia
test,test/Nodule/00029909_004.png,9,Nodule
test,test/Pneumonia/00022815_043.png,10,Pneumonia
test,test/Emphysema/00027478_004.png,5,Emphysema
test,test/Consolidation/00030079_032.png,2,Consolidation
test,test/Pneumonia/00013615_004.png,10,Pneumonia
test,test/Infiltration/00019861_000.png,7,Infiltration
test,test/Pneumothorax/00026221_003.png,11,Pneumothorax
test,test/Fibrosis/00000092_002.png,6,Fibrosis
test,test/Mass/00017403_000.png,8,Mass
test,test/Effusion/00027028_015.png,4,Effusion
test,test/Edema/00013531_028.png,3,Edema
test,test/Nodule/00017098_014.png,9,Nodule
test,test/Atelectasis/00013625_072.png,0,Atelectasis
test,test/Atelectasis/00021972_004.png,0,Atelectasis
test,test/Cardiomegaly/00004893_075.png,1,Cardiomegaly
test,test/Cardiomegaly/00004381_001.png,1,Cardiomegaly
test,test/Infiltration/00014004_005.png,7,Infiltration
test,test/Consolidation/00013111_007.png,2,Consolidation
test,test/Pneumonia/00019750_031.png,10,Pneumonia
test,test/Pneumonia/00022192_032.png,10,Pneumonia
test,test/Pneumothorax/00013111_102.png,11,Pneumothorax
test,test/Infiltration/00003528_046.png,7,Infiltration
test,test/Atelectasis/00020213_012.png,0,Atelectasis
test,test/Nodule/00008626_033.png,9,Nodule
test,test/Consolidation/00013615_023.png,2,Consolidation
test,test/Pneumonia/00004893_027.png,10,Pneumonia
test,test/Mass/00014956_012.png,8,Mass
test,test/Atelectasis/00000583_031.png,0,Atelectasis
test,test/Infiltration/00001900_032.png,7,Infiltration
test,test/Emphysema/00007569_011.png,5,Emphysema
test,test/Consolidation/00013993_014.png,2,Consolidation
test,test/Mass/00019124_074.png,8,Mass
test,test/Fibrosis/00002395_023.png,6,Fibrosis
test,test/Emphysema/00008866_002.png,5,Emphysema
test,test/Pneumothorax/00028208_016.png,11,Pneumothorax
test,test/Emphysema/00019919_015.png,5,Emphysema
test,test/Pneumonia/00020405_030.png,10,Pneumonia
test,test/Consolidation/00022141_007.png,2,Consolidation
test,test/Fibrosis/00013283_001.png,6,Fibrosis
test,test/Pneumothorax/00002316_006.png,11,Pneumothorax
test,test/Fibrosis/00002350_013.png,6,Fibrosis
test,test/Consolidation/00014492_003.png,2,Consolidation
test,test/Pneumonia/00012834_085.png,10,Pneumonia
test,test/Cardiomegaly/00015563_011.png,1,Cardiomegaly
test,test/Infiltration/00013670_100.png,7,Infiltration
test,test/Atelectasis/00009574_023.png,0,Atelectasis
test,test/Mass/00015605_056.png,8,Mass
test,test/Atelectasis/00013112_009.png,0,Atelectasis
test,test/Pneumonia/00001946_024.png,10,Pneumonia
test,test/Fibrosis/00006717_006.png,6,Fibrosis
test,test/Nodule/00020405_016.png,9,Nodule
test,test/Nodule/00006819_003.png,9,Nodule
test,test/Infiltration/00007569_007.png,7,Infiltration
test,test/Mass/00009845_001.png,8,Mass
test,test/Mass/00007322_000.png,8,Mass
test,test/Edema/00023310_005.png,3,Edema
test,test/Mass/00028572_000.png,8,Mass
test,test/Pneumonia/00030079_018.png,10,Pneumonia
test,test/Cardiomegaly/00010381_000.png,1,Cardiomegaly
test,test/Emphysema/00002051_003.png,5,Emphysema
test,test/Consolidation/00007322_005.png,2,Consolidation
test,test/Nodule/00016191_014.png,9,Nodule
test,test/Consolidation/00006304_029.png,2,Consolidation
test,test/Effusion/00012576_023.png,4,Effusion
test,test/Pneumothorax/00012087_026.png,11,Pneumothorax
test,test/Cardiomegaly/00019861_006.png,1,Cardiomegaly
test,test/Effusion/00006736_006.png,4,Effusion
test,test/Mass/00021772_000.png,8,Mass
test,test/Edema/00003028_008.png,3,Edema
test,test/Atelectasis/00011973_001.png,0,Atelectasis
test,test/Emphysema/00003803_000.png,5,Emphysema
test,test/Consolidation/00011269_005.png,2,Consolidation
test,test/Cardiomegaly/00015054_001.png,1,Cardiomegaly
test,test/Effusion/00010960_000.png,4,Effusion
test,test/Pneumonia/00018319_000.png,10,Pneumonia
test,test/Consolidation/00003028_083.png,2,Consolidation
test,test/Consolidation/00001170_053.png,2,Consolidation
test,test/Pneumonia/00022192_038.png,10,Pneumonia
test,test/Consolidation/00013751_001.png,2,Consolidation
test,test/Atelectasis/00026818_030.png,0,Atelectasis
test,test/Atelectasis/00017714_001.png,0,Atelectasis
test,test/Edema/00021277_034.png,3,Edema
test,test/Pneumothorax/00016587_026.png,11,Pneumothorax
test,test/Infiltration/00016291_038.png,7,Infiltration
test,test/Mass/00027937_008.png,8,Mass
test,test/Cardiomegaly/00010007_080.png,1,Cardiomegaly
test,test/Fibrosis/00007498_000.png,6,Fibrosis
test,test/Edema/00010012_021.png,3,Edema
test,test/Emphysema/00023156_019.png,5,Emphysema
test,test/Atelectasis/00025252_012.png,0,Atelectasis
test,test/Pneumonia/00026389_002.png,10,Pneumonia
test,test/Consolidation/00015770_036.png,2,Consolidation
test,test/Cardiomegaly/00013627_005.png,1,Cardiomegaly
test,test/Infiltration/00008008_068.png,7,Infiltration
test,test/Pneumothorax/00008008_012.png,11,Pneumothorax
test,test/Fibrosis/00000218_005.png,6,Fibrosis
test,test/Emphysema/00011355_002.png,5,Emphysema
test,test/Effusion/00021201_073.png,4,Effusion
test,test/Consolidation/00011237_038.png,2,Consolidation
test,test/Infiltration/00013285_032.png,7,Infiltration
test,test/Atelectasis/00013862_002.png,0,Atelectasis
test,test/Emphysema/00029431_003.png,5,Emphysema
test,test/Pneumothorax/00009889_019.png,11,Pneumothorax
test,test/Cardiomegaly/00011463_001.png,1,Cardiomegaly
test,test/Cardiomegaly/00000845_000.png,1,Cardiomegaly
test,test/Infiltration/00018721_012.png,7,Infiltration
test,test/Cardiomegaly/00007735_016.png,1,Cardiomegaly
test,test/Effusion/00026818_020.png,4,Effusion
test,test/Atelectasis/00019271_041.png,0,Atelectasis
test,test/Edema/00019508_008.png,3,Edema
test,test/Consolidation/00022572_079.png,2,Consolidation
test,test/Infiltration/00011702_005.png,7,Infiltration
test,test/Pneumonia/00006717_007.png,10,Pneumonia
test,test/Nodule/00013283_003.png,9,Nodule
test,test/Pneumonia/00016705_002.png,10,Pneumonia
test,test/Mass/00027441_027.png,8,Mass
test,test/Effusion/00028628_004.png,4,Effusion
test,test/Pneumothorax/00030389_009.png,11,Pneumothorax
test,test/Mass/00011151_004.png,8,Mass
test,test/Nodule/00013111_080.png,9,Nodule
test,test/Pneumonia/00001946_007.png,10,Pneumonia
test,test/Emphysema/00007586_000.png,5,Emphysema
test,test/Effusion/00013111_104.png,4,Effusion
test,test/Edema/00013968_001.png,3,Edema
test,test/Mass/00014663_001.png,8,Mass
test,test/Edema/00004342_047.png,3,Edema
test,test/Cardiomegaly/00013249_008.png,1,Cardiomegaly
test,test/Fibrosis/00021024_012.png,6,Fibrosis
test,test/Consolidation/00018867_039.png,2,Consolidation
test,test/Atelectasis/00020213_112.png,0,Atelectasis
test,test/Pneumonia/00012094_009.png,10,Pneumonia
test,test/Edema/00006271_012.png,3,Edema
test,test/Cardiomegaly/00004533_019.png,1,Cardiomegaly
test,test/Effusion/00025252_003.png,4,Effusion
test,test/Consolidation/00010828_027.png,2,Consolidation
test,test/Fibrosis/00025210_001.png,6,Fibrosis
test,test/Mass/00019124_073.png,8,Mass
test,test/Pneumonia/00020482_029.png,10,Pneumonia
test,test/Cardiomegaly/00007018_014.png,1,Cardiomegaly
test,test/Effusion/00002583_006.png,4,Effusion
test,test/Effusion/00010007_101.png,4,Effusion
test,test/Pneumothorax/00012622_016.png,11,Pneumothorax
test,test/Infiltration/00014197_008.png,7,Infiltration
test,test/Pneumothorax/00029159_002.png,11,Pneumothorax
test,test/Cardiomegaly/00004630_000.png,1,Cardiomegaly
test,test/Cardiomegaly/00004533_017.png,1,Cardiomegaly
test,test/Pneumothorax/00014822_044.png,11,Pneumothorax
test,test/Cardiomegaly/00013992_017.png,1,Cardiomegaly
test,test/Atelectasis/00020673_036.png,0,Atelectasis
test,test/Consolidation/00015676_009.png,2,Consolidation
test,test/Nodule/00020277_003.png,9,Nodule
test,test/Cardiomegaly/00014706_010.png,1,Cardiomegaly
test,test/Cardiomegaly/00029273_000.png,1,Cardiomegaly
test,test/Nodule/00019124_129.png,9,Nodule
test,test/Edema/00014058_002.png,3,Edema
test,test/Cardiomegaly/00004381_041.png,1,Cardiomegaly
test,test/Effusion/00021796_007.png,4,Effusion
test,test/Fibrosis/00007034_023.png,6,Fibrosis
test,test/Pneumonia/00013615_053.png,10,Pneumonia
test,test/Effusion/00007557_023.png,4,Effusion
test,test/Infiltration/00030079_006.png,7,Infiltration
test,test/Atelectasis/00022470_001.png,0,Atelectasis
test,test/Emphysema/00016607_006.png,5,Emphysema
test,test/Pneumonia/00009863_058.png,10,Pneumonia
test,test/Consolidation/00018721_023.png,2,Consolidation
test,test/Nodule/00026769_000.png,9,Nodule
test,test/Consolidation/00010805_003.png,2,Consolidation
test,test/Mass/00019073_004.png,8,Mass
test,test/Atelectasis/00016964_006.png,0,Atelectasis
test,test/Fibrosis/00003996_011.png,6,Fibrosis
test,test/Nodule/00012376_016.png,9,Nodule
test,test/Emphysema/00004943_003.png,5,Emphysema
test,test/Edema/00016944_002.png,3,Edema
test,test/Mass/00018101_014.png,8,Mass
test,test/Emphysema/00015530_084.png,5,Emphysema
test,test/Pneumonia/00009229_003.png,10,Pneumonia
test,test/Fibrosis/00004533_001.png,6,Fibrosis
test,test/Infiltration/00002437_032.png,7,Infiltration
test,test/Fibrosis/00010563_006.png,6,Fibrosis
test,test/Pneumothorax/00018366_015.png,11,Pneumothorax
test,test/Pneumothorax/00016807_015.png,11,Pneumothorax
test,test/Atelectasis/00018657_017.png,0,Atelectasis
test,test/Pneumothorax/00010767_016.png,11,Pneumothorax
test,test/Cardiomegaly/00004822_042.png,1,Cardiomegaly
test,test/Pneumonia/00017138_068.png,10,Pneumonia
test,test/Pneumothorax/00016719_010.png,11,Pneumothorax
test,test/Cardiomegaly/00014706_020.png,1,Cardiomegaly
test,test/Edema/00013111_099.png,3,Edema
test,test/Emphysema/00012091_000.png,5,Emphysema
test,test/Cardiomegaly/00007651_000.png,1,Cardiomegaly
test,test/Pneumonia/00011514_015.png,10,Pneumonia
test,test/Effusion/00014716_011.png,4,Effusion
test,test/Edema/00010012_009.png,3,Edema
test,test/Consolidation/00030408_016.png,2,Consolidation
test,test/Emphysema/00010767_020.png,5,Emphysema
test,test/Edema/00006991_013.png,3,Edema
test,test/Emphysema/00018865_022.png,5,Emphysema
test,test/Fibrosis/00014969_003.png,6,Fibrosis
test,test/Pneumothorax/00030077_009.png,11,Pneumothorax
test,test/Nodule/00014663_002.png,9,Nodule
test,test/Fibrosis/00013111_081.png,6,Fibrosis
test,test/Emphysema/00017504_064.png,5,Emphysema
test,test/Pneumonia/00028873_017.png,10,Pneumonia
test,test/Emphysema/00017504_054.png,5,Emphysema
test,test/Nodule/00019124_025.png,9,Nodule
test,test/Infiltration/00020482_026.png,7,Infiltration
test,test/Cardiomegaly/00000032_055.png,1,Cardiomegaly
test,test/Pneumonia/00013993_046.png,10,Pneumonia
test,test/Mass/00014607_002.png,8,Mass
test,test/Effusion/00015732_026.png,4,Effusion
test,test/Cardiomegaly/00015732_032.png,1,Cardiomegaly
test,test/Mass/00014731_020.png,8,Mass
test,test/Effusion/00005962_030.png,4,Effusion
test,test/Pneumonia/00008727_009.png,10,Pneumonia
test,test/Pneumonia/00016291_015.png,10,Pneumonia
test,test/Effusion/00014888_007.png,4,Effusion
test,test/Infiltration/00023309_024.png,7,Infiltration
test,test/Emphysema/00029631_010.png,5,Emphysema
test,test/Emphysema/00000246_005.png,5,Emphysema
test,test/Effusion/00005609_002.png,4,Effusion
test,test/Pneumothorax/00022141_009.png,11,Pneumothorax
test,test/Effusion/00016964_012.png,4,Effusion
test,test/Mass/00011269_002.png,8,Mass
test,test/Atelectasis/00002665_000.png,0,Atelectasis
test,test/Cardiomegaly/00005066_036.png,1,Cardiomegaly
test,test/Infiltration/00006160_004.png,7,Infiltration
test,test/Atelectasis/00010481_008.png,0,Atelectasis
test,test/Effusion/00028974_015.png,4,Effusion
test,test/Pneumothorax/00025954_012.png,11,Pneumothorax
test,test/Pneumonia/00028924_005.png,10,Pneumonia
test,test/Infiltration/00012834_139.png,7,Infiltration
test,test/Consolidation/00029088_010.png,2,Consolidation
test,test/Atelectasis/00009892_028.png,0,Atelectasis
test,test/Effusion/00029404_006.png,4,Effusion
test,test/Emphysema/00004858_087.png,5,Emphysema
test,test/Atelectasis/00012515_002.png,0,Atelectasis
test,test/Infiltration/00018840_035.png,7,Infiltration
test,test/Nodule/00004547_014.png,9,Nodule
test,test/Nodule/00006304_032.png,9,Nodule
test,test/Pneumonia/00017236_034.png,10,Pneumonia
test,test/Atelectasis/00026290_000.png,0,Atelectasis
test,test/Effusion/00010828_001.png,4,Effusion
test,test/Consolidation/00015141_003.png,2,Consolidation
test,test/Pneumonia/00017236_075.png,10,Pneumonia
test,test/Infiltration/00010805_030.png,7,Infiltration
test,test/Nodule/00023033_010.png,9,Nodule
test,test/Infiltration/00019750_030.png,7,Infiltration
test,test/Fibrosis/00018203_000.png,6,Fibrosis
test,test/Fibrosis/00019406_002.png,6,Fibrosis
test,test/Fibrosis/00007894_006.png,6,Fibrosis
test,test/Pneumonia/00020945_020.png,10,Pneumonia
test,test/Infiltration/00012021_029.png,7,Infiltration
test,test/Pneumonia/00020945_021.png,10,Pneumonia
test,test/Nodule/00012045_047.png,9,Nodule
test,test/Pneumothorax/00023065_030.png,11,Pneumothorax
test,test/Edema/00018867_024.png,3,Edema
test,test/Mass/00007519_002.png,8,Mass
test,test/Emphysema/00018865_011.png,5,Emphysema
test,test/Pneumonia/00009863_059.png,10,Pneumonia
test,test/Emphysema/00015956_015.png,5,Emphysema
test,test/Pneumothorax/00009403_004.png,11,Pneumothorax
test,test/Mass/00016568_031.png,8,Mass
test,test/Emphysema/00013150_003.png,5,Emphysema
test,test/Edema/00026478_001.png,3,Edema
test,test/Effusion/00030128_003.png,4,Effusion
test,test/Cardiomegaly/00011322_004.png,1,Cardiomegaly
test,test/Pneumothorax/00027213_050.png,11,Pneumothorax
test,test/Nodule/00001075_029.png,9,Nodule
test,test/Cardiomegaly/00020945_025.png,1,Cardiomegaly
test,test/Edema/00020716_004.png,3,Edema
test,test/Consolidation/00006808_027.png,2,Consolidation
test,test/Infiltration/00013111_098.png,7,Infiltration
test,test/Emphysema/00013031_016.png,5,Emphysema
test,test/Fibrosis/00013884_003.png,6,Fibrosis
test,test/Emphysema/00005850_001.png,5,Emphysema
test,test/Effusion/00006271_000.png,4,Effusion
test,test/Atelectasis/00000583_049.png,0,Atelectasis
test,test/Pneumothorax/00009889_016.png,11,Pneumothorax
test,test/Emphysema/00027368_010.png,5,Emphysema
test,test/Fibrosis/00002650_000.png,6,Fibrosis
test,test/Cardiomegaly/00020564_001.png,1,Cardiomegaly
test,test/Atelectasis/00018840_006.png,0,Atelectasis
test,test/Pneumonia/00012094_011.png,10,Pneumonia
test,test/Edema/00021277_033.png,3,Edema
test,test/Emphysema/00013031_020.png,5,Emphysema
test,test/Emphysema/00018249_016.png,5,Emphysema
test,test/Edema/00007018_038.png,3,Edema
test,test/Infiltration/00019924_023.png,7,Infiltration
test,test/Emphysema/00012094_058.png,5,Emphysema
test,test/Consolidation/00014004_028.png,2,Consolidation
test,test/Edema/00026346_002.png,3,Edema
test,test/Consolidation/00018233_043.png,2,Consolidation
test,test/Consolidation/00011925_006.png,2,Consolidation
test,test/Edema/00008291_010.png,3,Edema
test,test/Infiltration/00016291_058.png,7,Infiltration
test,test/Pneumonia/00017714_019.png,10,Pneumonia
test,test/Atelectasis/00030636_000.png,0,Atelectasis
test,test/Fibrosis/00022415_003.png,6,Fibrosis
test,test/Effusion/00023309_028.png,4,Effusion
test,test/Atelectasis/00012291_003.png,0,Atelectasis
test,test/Effusion/00026810_012.png,4,Effusion
test,test/Effusion/00016587_062.png,4,Effusion
test,test/Pneumonia/00021710_002.png,10,Pneumonia
test,test/Cardiomegaly/00023325_033.png,1,Cardiomegaly
test,test/Mass/00014663_006.png,8,Mass
test,test/Effusion/00026261_004.png,4,Effusion
test,test/Fibrosis/00007632_014.png,6,Fibrosis
test,test/Edema/00015953_004.png,3,Edema
test,test/Effusion/00022416_073.png,4,Effusion
test,test/Edema/00008291_012.png,3,Edema
test,test/Emphysema/00015530_095.png,5,Emphysema
test,test/Cardiomegaly/00002059_002.png,1,Cardiomegaly
test,test/Cardiomegaly/00004534_001.png,1,Cardiomegaly
test,test/Infiltration/00018284_021.png,7,Infiltration
test,test/Mass/00016607_027.png,8,Mass
test,test/Pneumothorax/00001006_001.png,11,Pneumothorax
test,test/Infiltration/00023116_008.png,7,Infiltration
test,test/Effusion/00021381_013.png,4,Effusion
test,test/Pneumothorax/00011460_050.png,11,Pneumothorax
test,test/Pneumothorax/00029532_007.png,11,Pneumothorax
test,test/Effusion/00021782_002.png,4,Effusion
test,test/Pneumothorax/00008008_028.png,11,Pneumothorax
test,test/Fibrosis/00002763_001.png,6,Fibrosis
test,test/Pneumothorax/00021377_008.png,11,Pneumothorax
test,test/Fibrosis/00011322_000.png,6,Fibrosis
test,test/Fibrosis/00012350_000.png,6,Fibrosis
test,test/Mass/00014125_039.png,8,Mass
test,test/Fibrosis/00017167_006.png,6,Fibrosis
test,test/Cardiomegaly/00013062_002.png,1,Cardiomegaly
test,test/Mass/00013992_025.png,8,Mass
test,test/Atelectasis/00030637_004.png,0,Atelectasis
test,test/Pneumothorax/00030606_009.png,11,Pneumothorax
test,test/Emphysema/00023078_007.png,5,Emphysema
test,test/Fibrosis/00017199_001.png,6,Fibrosis
test,test/Edema/00014785_005.png,3,Edema
test,test/Pneumothorax/00029075_010.png,11,Pneumothorax
test,test/Pneumothorax/00007670_015.png,11,Pneumothorax
test,test/Infiltration/00011391_040.png,7,Infiltration
test,test/Consolidation/00012005_005.png,2,Consolidation
test,test/Fibrosis/00015387_001.png,6,Fibrosis
test,test/Atelectasis/00019766_010.png,0,Atelectasis
test,test/Mass/00011355_059.png,8,Mass
test,test/Pneumothorax/00013391_001.png,11,Pneumothorax
test,test/Infiltration/00014251_013.png,7,Infiltration
test,test/Fibrosis/00013884_001.png,6,Fibrosis
test,test/Pneumonia/00015605_051.png,10,Pneumonia
test,test/Edema/00012364_079.png,3,Edema
test,test/Pneumothorax/00020772_010.png,11,Pneumothorax
test,test/Emphysema/00027592_017.png,5,Emphysema
test,test/Infiltration/00026451_061.png,7,Infiltration
test,test/Pneumonia/00001247_011.png,10,Pneumonia
test,test/Fibrosis/00011214_001.png,6,Fibrosis
test,test/Atelectasis/00021274_000.png,0,Atelectasis
test,test/Emphysema/00030046_010.png,5,Emphysema
test,test/Cardiomegaly/00001369_000.png,1,Cardiomegaly
test,test/Edema/00015956_018.png,3,Edema
test,test/Effusion/00027368_000.png,4,Effusion
test,test/Consolidation/00013111_018.png,2,Consolidation
test,test/Mass/00014358_004.png,8,Mass
test,test/Pneumothorax/00008008_060.png,11,Pneumothorax
test,test/Emphysema/00026412_060.png,5,Emphysema
test,test/Emphysema/00018366_025.png,5,Emphysema
test,test/Mass/00013648_023.png,8,Mass
test,test/Nodule/00014004_002.png,9,Nodule
test,test/Edema/00018187_025.png,3,Edema
test,test/Nodule/00015561_005.png,9,Nodule
test,test/Nodule/00025707_019.png,9,Nodule
test,test/Atelectasis/00008924_006.png,0,Atelectasis
test,test/Mass/00009237_006.png,8,Mass
test,test/Fibrosis/00012413_008.png,6,Fibrosis
test,test/Pneumonia/00000218_001.png,10,Pneumonia
test,test/Emphysema/00001555_000.png,5,Emphysema
test,test/Pneumothorax/00021381_027.png,11,Pneumothorax
test,test/Nodule/00012087_019.png,9,Nodule
test,test/Nodule/00018921_073.png,9,Nodule
test,test/Pneumonia/00014294_011.png,10,Pneumonia
test,test/Emphysema/00028180_005.png,5,Emphysema
test,test/Cardiomegaly/00027797_000.png,1,Cardiomegaly
test,test/Pneumothorax/00029950_018.png,11,Pneumothorax
test,test/Atelectasis/00013648_007.png,0,Atelectasis
test,test/Pneumonia/00011391_006.png,10,Pneumonia
test,test/Fibrosis/00016094_021.png,6,Fibrosis
test,test/Emphysema/00015646_029.png,5,Emphysema
test,test/Pneumonia/00005567_017.png,10,Pneumonia
test,test/Nodule/00011237_003.png,9,Nodule
test,test/Edema/00018840_017.png,3,Edema
test,test/Effusion/00022572_058.png,4,Effusion
test,test/Effusion/00017606_037.png,4,Effusion
test,test/Effusion/00014675_040.png,4,Effusion
test,test/Cardiomegaly/00014574_000.png,1,Cardiomegaly
test,test/Atelectasis/00009138_017.png,0,Atelectasis
test,test/Fibrosis/00002101_003.png,6,Fibrosis
test,test/Edema/00027935_004.png,3,Edema
test,test/Emphysema/00010936_025.png,5,Emphysema
test,test/Pneumothorax/00005986_010.png,11,Pneumothorax
test,test/Atelectasis/00013922_034.png,0,Atelectasis
test,test/Fibrosis/00000997_001.png,6,Fibrosis
test,test/Infiltration/00010828_010.png,7,Infiltration
test,test/Edema/00006160_001.png,3,Edema
test,test/Mass/00022572_027.png,8,Mass
test,test/Fibrosis/00014492_002.png,6,Fibrosis
test,test/Fibrosis/00013884_004.png,6,Fibrosis
test,test/Nodule/00001673_002.png,9,Nodule
test,test/Fibrosis/00002236_004.png,6,Fibrosis
test,test/Mass/00016429_008.png,8,Mass
test,test/Infiltration/00015605_037.png,7,Infiltration
test,test/Pneumothorax/00026451_045.png,11,Pneumothorax
test,test/Edema/00015100_006.png,3,Edema
test,test/Fibrosis/00012291_015.png,6,Fibrosis
test,test/Atelectasis/00003528_065.png,0,Atelectasis
test,test/Edema/00019938_002.png,3,Edema
test,test/Cardiomegaly/00001373_013.png,1,Cardiomegaly
test,test/Pneumonia/00022815_066.png,10,Pneumonia
test,test/Cardiomegaly/00007551_016.png,1,Cardiomegaly
test,test/Effusion/00014675_000.png,4,Effusion
test,test/Atelectasis/00026848_016.png,0,Atelectasis
test,test/Mass/00011355_042.png,8,Mass
test,test/Consolidation/00011391_017.png,2,Consolidation
test,test/Infiltration/00006808_033.png,7,Infiltration
test,test/Atelectasis/00021321_004.png,0,Atelectasis
test,test/Infiltration/00000181_008.png,7,Infiltration
test,test/Edema/00012364_005.png,3,Edema
test,test/Fibrosis/00013648_015.png,6,Fibrosis
test,test/Cardiomegaly/00005066_002.png,1,Cardiomegaly
test,test/Pneumonia/00010805_042.png,10,Pneumonia
test,test/Consolidation/00022993_023.png,2,Consolidation
test,test/Atelectasis/00015072_005.png,0,Atelectasis
test,test/Mass/00013648_032.png,8,Mass
test,test/Atelectasis/00014956_033.png,0,Atelectasis
test,test/Fibrosis/00002763_002.png,6,Fibrosis
test,test/Fibrosis/00009166_012.png,6,Fibrosis
test,test/Emphysema/00010936_026.png,5,Emphysema
test,test/Pneumothorax/00027213_059.png,11,Pneumothorax
test,test/Emphysema/00016587_073.png,5,Emphysema
test,test/Nodule/00005681_045.png,9,Nodule
test,test/Pneumothorax/00002176_008.png,11,Pneumothorax
test,test/Pneumothorax/00006538_002.png,11,Pneumothorax
test,test/Consolidation/00010828_054.png,2,Consolidation
test,test/Emphysema/00009845_016.png,5,Emphysema
test,test/Nodule/00002547_008.png,9,Nodule
test,test/Pneumothorax/00021374_022.png,11,Pneumothorax
test,test/Mass/00001836_006.png,8,Mass
test,test/Consolidation/00013993_075.png,2,Consolidation
test,test/Cardiomegaly/00011827_013.png,1,Cardiomegaly
test,test/Atelectasis/00021896_002.png,0,Atelectasis
test,test/Edema/00012156_003.png,3,Edema
test,test/Atelectasis/00017524_011.png,0,Atelectasis
test,test/Effusion/00022416_006.png,4,Effusion
test,test/Pneumothorax/00013471_013.png,11,Pneumothorax
test,test/Effusion/00010805_035.png,4,Effusion
test,test/Cardiomegaly/00000211_022.png,1,Cardiomegaly
test,test/Infiltration/00028526_001.png,7,Infiltration
test,test/Atelectasis/00012045_038.png,0,Atelectasis
test,test/Pneumonia/00013625_069.png,10,Pneumonia
test,test/Edema/00007018_054.png,3,Edema
test,test/Cardiomegaly/00014706_006.png,1,Cardiomegaly
test,test/Pneumothorax/00007676_015.png,11,Pneumothorax
test,test/Pneumothorax/00018055_023.png,11,Pneumothorax
test,test/Effusion/00005609_027.png,4,Effusion
test,test/Fibrosis/00002877_002.png,6,Fibrosis
test,test/Pneumothorax/00008841_038.png,11,Pneumothorax
test,test/Pneumothorax/00028208_026.png,11,Pneumothorax
test,test/Cardiomegaly/00023325_026.png,1,Cardiomegaly
test,test/Pneumothorax/00016568_044.png,11,Pneumothorax
test,test/Cardiomegaly/00027685_000.png,1,Cardiomegaly
test,test/Consolidation/00013625_044.png,2,Consolidation
test,test/Emphysema/00029631_005.png,5,Emphysema
test,test/Consolidation/00022877_026.png,2,Consolidation
test,test/Consolidation/00008522_042.png,2,Consolidation
test,test/Mass/00018867_000.png,8,Mass
test,test/Pneumonia/00018319_001.png,10,Pneumonia
test,test/Emphysema/00026132_015.png,5,Emphysema
test,test/Effusion/00001373_044.png,4,Effusion
test,test/Consolidation/00013670_022.png,2,Consolidation
test,test/Consolidation/00016786_003.png,2,Consolidation
test,test/Fibrosis/00000733_003.png,6,Fibrosis
test,test/Atelectasis/00010535_001.png,0,Atelectasis
test,test/Nodule/00023026_002.png,9,Nodule
test,test/Edema/00017138_004.png,3,Edema
test,test/Nodule/00020393_006.png,9,Nodule
test,test/Infiltration/00011237_063.png,7,Infiltration
test,test/Mass/00009953_027.png,8,Mass
test,test/Emphysema/00016270_002.png,5,Emphysema
test,test/Infiltration/00002763_024.png,7,Infiltration
test,test/Fibrosis/00023696_007.png,6,Fibrosis
test,test/Infiltration/00026132_017.png,7,Infiltration
test,test/Infiltration/00017236_068.png,7,Infiltration
test,test/Pneumonia/00017405_013.png,10,Pneumonia
test,test/Edema/00027935_003.png,3,Edema
test,test/Infiltration/00012834_043.png,7,Infiltration
test,test/Atelectasis/00002350_010.png,0,Atelectasis
test,test/Mass/00014675_001.png,8,Mass
test,test/Pneumonia/00000583_045.png,10,Pneumonia
test,test/Effusion/00011702_000.png,4,Effusion
test,test/Emphysema/00015530_091.png,5,Emphysema
test,test/Nodule/00023309_032.png,9,Nodule
test,test/Nodule/00016403_001.png,9,Nodule
test,test/Emphysema/00015530_074.png,5,Emphysema
test,test/Fibrosis/00004991_004.png,6,Fibrosis
test,test/Infiltration/00026810_026.png,7,Infiltration
test,test/Pneumothorax/00027817_002.png,11,Pneumothorax
test,test/Emphysema/00009735_001.png,5,Emphysema
test,test/Edema/00015605_044.png,3,Edema
test,test/Atelectasis/00014253_019.png,0,Atelectasis
test,test/Atelectasis/00029817_025.png,0,Atelectasis
test,test/Mass/00004547_002.png,8,Mass
test,test/Nodule/00030454_000.png,9,Nodule
test,test/Pneumothorax/00007670_035.png,11,Pneumothorax
test,test/Fibrosis/00004822_033.png,6,Fibrosis
test,test/Cardiomegaly/00018233_015.png,1,Cardiomegaly
test,test/Atelectasis/00013089_001.png,0,Atelectasis
test,test/Emphysema/00018865_007.png,5,Emphysema
test,test/Cardiomegaly/00005066_063.png,1,Cardiomegaly
test,test/Fibrosis/00011683_023.png,6,Fibrosis
test,test/Pneumonia/00019275_001.png,10,Pneumonia
test,test/Infiltration/00030408_004.png,7,Infiltration
test,test/Consolidation/00026098_019.png,2,Consolidation
test,test/Emphysema/00014700_000.png,5,Emphysema
test,test/Effusion/00027927_018.png,4,Effusion
test,test/Consolidation/00012021_055.png,2,Consolidation
test,test/Nodule/00023162_003.png,9,Nodule
test,test/Infiltration/00005567_003.png,7,Infiltration
test,test/Cardiomegaly/00000377_004.png,1,Cardiomegaly
test,test/Infiltration/00020184_020.png,7,Infiltration
test,test/Consolidation/00015953_021.png,2,Consolidation
test,test/Nodule/00008522_007.png,9,Nodule
test,test/Fibrosis/00014022_097.png,6,Fibrosis
test,test/Mass/00013670_103.png,8,Mass
test,test/Pneumonia/00014492_005.png,10,Pneumonia
test,test/Edema/00006674_006.png,3,Edema
test,test/Effusion/00017137_001.png,4,Effusion
test,test/Nodule/00009892_047.png,9,Nodule
test,test/Fibrosis/00020603_001.png,6,Fibrosis
test,test/Edema/00027479_004.png,3,Edema
test,test/Pneumothorax/00018921_041.png,11,Pneumothorax
test,test/Atelectasis/00014223_028.png,0,Atelectasis
test,test/Fibrosis/00014022_096.png,6,Fibrosis
test,test/Fibrosis/00026745_000.png,6,Fibrosis
test,test/Effusion/00029894_000.png,4,Effusion
test,test/Edema/00011985_006.png,3,Edema
test,test/Pneumonia/00020845_002.png,10,Pneumonia
test,test/Fibrosis/00021352_000.png,6,Fibrosis
test,test/Nodule/00010677_027.png,9,Nodule
test,test/Consolidation/00028499_019.png,2,Consolidation
test,test/Nodule/00006964_005.png,9,Nodule
test,test/Pneumothorax/00002316_007.png,11,Pneumothorax
test,test/Pneumonia/00013615_024.png,10,Pneumonia
test,test/Edema/00009574_026.png,3,Edema
test,test/Pneumonia/00001437_019.png,10,Pneumonia
test,test/Infiltration/00007034_027.png,7,Infiltration
test,test/Effusion/00014675_010.png,4,Effusion
test,test/Infiltration/00020725_005.png,7,Infiltration
test,test/Effusion/00002300_035.png,4,Effusion
test,test/Pneumothorax/00019124_032.png,11,Pneumothorax
test,test/Cardiomegaly/00015425_012.png,1,Cardiomegaly
test,test/Mass/00014664_005.png,8,Mass
test,test/Emphysema/00030389_002.png,5,Emphysema
test,test/Consolidation/00012834_051.png,2,Consolidation
test,test/Edema/00018615_028.png,3,Edema
test,test/Nodule/00017524_038.png,9,Nodule
test,test/Mass/00012376_006.png,8,Mass
test,test/Pneumonia/00011702_043.png,10,Pneumonia
test,test/Consolidation/00020482_031.png,2,Consolidation
test,test/Pneumonia/00000193_019.png,10,Pneumonia
test,test/Pneumonia/00013272_005.png,10,Pneumonia
test,test/Infiltration/00022572_013.png,7,Infiltration
test,test/Cardiomegaly/00014706_023.png,1,Cardiomegaly
test,test/Consolidation/00001373_055.png,2,Consolidation
test,test/Nodule/00003669_002.png,9,Nodule
test,test/Fibrosis/00009239_002.png,6,Fibrosis
test,test/Emphysema/00030606_003.png,5,Emphysema
test,test/Effusion/00004381_024.png,4,Effusion
test,test/Fibrosis/00014870_002.png,6,Fibrosis
test,test/Effusion/00028974_020.png,4,Effusion
test,test/Cardiomegaly/00005066_008.png,1,Cardiomegaly
test,test/Infiltration/00013993_017.png,7,Infiltration
test,test/Consolidation/00012045_003.png,2,Consolidation
test,test/Atelectasis/00007034_002.png,0,Atelectasis
test,test/Emphysema/00001248_026.png,5,Emphysema
test,test/Effusion/00016972_010.png,4,Effusion
test,test/Infiltration/00006304_053.png,7,Infiltration
test,test/Mass/00028861_000.png,8,Mass
test,test/Mass/00014525_001.png,8,Mass
test,test/Atelectasis/00023696_004.png,0,Atelectasis
test,test/Emphysema/00014731_014.png,5,Emphysema
test,test/Pneumonia/00016972_005.png,10,Pneumonia
test,test/Mass/00009349_041.png,8,Mass
test,test/Emphysema/00006378_004.png,5,Emphysema
test,test/Emphysema/00008911_026.png,5,Emphysema
test,test/Nodule/00001555_002.png,9,Nodule
test,test/Infiltration/00013670_119.png,7,Infiltration
test,test/Atelectasis/00021700_006.png,0,Atelectasis
test,test/Pneumothorax/00012045_032.png,11,Pneumothorax
test,test/Fibrosis/00014022_067.png,6,Fibrosis
test,test/Atelectasis/00012741_012.png,0,Atelectasis
test,test/Consolidation/00018366_011.png,2,Consolidation
test,test/Atelectasis/00016972_000.png,0,Atelectasis
test,test/Nodule/00015056_002.png,9,Nodule
test,test/Atelectasis/00011391_014.png,0,Atelectasis
test,test/Nodule/00001836_100.png,9,Nodule
test,test/Mass/00009953_020.png,8,Mass
test,test/Pneumothorax/00011460_010.png,11,Pneumothorax
test,test/Emphysema/00006673_000.png,5,Emphysema
test,test/Infiltration/00004822_047.png,7,Infiltration
test,test/Pneumonia/00015018_003.png,10,Pneumonia
test,test/Pneumonia/00003528_043.png,10,Pneumonia
test,test/Cardiomegaly/00011925_002.png,1,Cardiomegaly
test,test/Mass/00018253_020.png,8,Mass
