split,relative_path,label,class_name
train,train/Nodule/00018716_006.png,9,Nodule
train,train/Edema/00005288_004.png,3,Edema
train,train/Infiltration/00020326_103.png,7,Infiltration
train,train/Effusion/00009996_023.png,4,Effusion
train,train/Atelectasis/00019663_001.png,0,Atelectasis
train,train/Nodule/00010182_000.png,9,Nodule
train,train/Pneumothorax/00010304_002.png,11,Pneumothorax
train,train/Fibrosis/00017750_003.png,6,Fibrosis
train,train/Mass/00027230_002.png,8,Mass
train,train/Fibrosis/00013787_000.png,6,Fibrosis
train,train/Consolidation/00005026_002.png,2,Consolidation
train,train/Fibrosis/00003759_003.png,6,Fibrosis
train,train/Infiltration/00022935_001.png,7,Infiltration
train,train/Effusion/00010222_017.png,4,Effusion
train,train/Edema/00018104_005.png,3,Edema
train,train/Infiltration/00008475_000.png,7,Infiltration
train,train/Atelectasis/00026139_006.png,0,Atelectasis
train,train/Effusion/00003209_005.png,4,Effusion
train,train/Pneumonia/00025607_001.png,10,Pneumonia
train,train/Cardiomegaly/00009932_004.png,1,Cardiomegaly
train,train/Nodule/00029048_000.png,9,Nodule
train,train/Emphysema/00008468_020.png,5,Emphysema
train,train/Cardiomegaly/00003361_006.png,1,Cardiomegaly
train,train/Mass/00002361_010.png,8,Mass
train,train/Pneumonia/00010544_029.png,10,Pneumonia
train,train/Infiltration/00019165_000.png,7,Infiltration
train,train/Mass/00013608_014.png,8,Mass
train,train/Consolidation/00014362_013.png,2,Consolidation
train,train/Pneumonia/00011472_001.png,10,Pneumonia
train,train/Fibrosis/00007603_000.png,6,Fibrosis
train,train/Mass/00011171_000.png,8,Mass
train,train/Edema/00018972_034.png,3,Edema
train,train/Emphysema/00026222_001.png,5,Emphysema
train,train/Pneumothorax/00003659_004.png,11,Pneumothorax
train,train/Pneumonia/00021369_002.png,10,Pneumonia
train,train/Pneumonia/00001855_008.png,10,Pneumonia
train,train/Consolidation/00014023_002.png,2,Consolidation
train,train/Emphysema/00009169_001.png,5,Emphysema
train,train/Nodule/00014618_000.png,9,Nodule
train,train/Fibrosis/00011617_000.png,6,Fibrosis
train,train/Pneumothorax/00014950_007.png,11,Pneumothorax
train,train/Infiltration/00004978_005.png,7,Infiltration
train,train/Nodule/00007076_017.png,9,Nodule
train,train/Nodule/00018296_000.png,9,Nodule
train,train/Cardiomegaly/00005805_000.png,1,Cardiomegaly
train,train/Nodule/00013904_006.png,9,Nodule
train,train/Pneumothorax/00010247_001.png,11,Pneumothorax
train,train/Fibrosis/00022310_001.png,6,Fibrosis
train,train/Fibrosis/00001546_000.png,6,Fibrosis
train,train/Consolidation/00005626_009.png,2,Consolidation
train,train/Consolidation/00009083_004.png,2,Consolidation
train,train/Infiltration/00012716_004.png,7,Infiltration
train,train/Pneumonia/00001182_004.png,10,Pneumonia
train,train/Cardiomegaly/00029794_000.png,1,Cardiomegaly
train,train/Effusion/00000591_014.png,4,Effusion
train,train/Emphysema/00000034_000.png,5,Emphysema
train,train/Pneumonia/00022952_003.png,10,Pneumonia
train,train/Edema/00030038_013.png,3,Edema
train,train/Pneumonia/00007191_001.png,10,Pneumonia
train,train/Mass/00017136_007.png,8,Mass
train,train/Infiltration/00009484_002.png,7,Infiltration
train,train/Cardiomegaly/00010994_011.png,1,Cardiomegaly
train,train/Consolidation/00007576_018.png,2,Consolidation
train,train/Emphysema/00018379_002.png,5,Emphysema
train,train/Atelectasis/00004947_000.png,0,Atelectasis
train,train/Pneumonia/00010375_000.png,10,Pneumonia
train,train/Nodule/00021035_016.png,9,Nodule
train,train/Effusion/00003534_030.png,4,Effusion
train,train/Fibrosis/00006553_001.png,6,Fibrosis
train,train/Cardiomegaly/00013682_000.png,1,Cardiomegaly
train,train/Effusion/00009523_004.png,4,Effusion
train,train/Atelectasis/00010369_006.png,0,Atelectasis
train,train/Fibrosis/00018052_000.png,6,Fibrosis
train,train/Consolidation/00019370_001.png,2,Consolidation
train,train/Pneumothorax/00001583_007.png,11,Pneumothorax
train,train/Cardiomegaly/00016760_000.png,1,Cardiomegaly
train,train/Infiltration/00019895_001.png,7,Infiltration
train,train/Effusion/00009739_000.png,4,Effusion
train,train/Pneumothorax/00009890_002.png,11,Pneumothorax
train,train/Effusion/00020702_004.png,4,Effusion
train,train/Atelectasis/00016358_010.png,0,Atelectasis
train,train/Emphysema/00014543_003.png,5,Emphysema
train,train/Mass/00017110_009.png,8,Mass
train,train/Mass/00003150_001.png,8,Mass
train,train/Infiltration/00019314_002.png,7,Infiltration
train,train/Nodule/00008342_002.png,9,Nodule
train,train/Consolidation/00008701_049.png,2,Consolidation
train,train/Infiltration/00005003_001.png,7,Infiltration
train,train/Edema/00006446_007.png,3,Edema
train,train/Effusion/00018418_002.png,4,Effusion
train,train/Pneumothorax/00029866_003.png,11,Pneumothorax
train,train/Infiltration/00026539_001.png,7,Infiltration
train,train/Fibrosis/00000672_000.png,6,Fibrosis
train,train/Mass/00009604_001.png,8,Mass
train,train/Mass/00014131_000.png,8,Mass
train,train/Emphysema/00030365_000.png,5,Emphysema
train,train/Emphysema/00004935_003.png,5,Emphysema
train,train/Fibrosis/00000311_000.png,6,Fibrosis
train,train/Emphysema/00009624_002.png,5,Emphysema
train,train/Infiltration/00026958_000.png,7,Infiltration
train,train/Pneumothorax/00028256_001.png,11,Pneumothorax
train,train/Mass/00006462_006.png,8,Mass
train,train/Atelectasis/00007979_006.png,0,Atelectasis
train,train/Nodule/00004639_001.png,9,Nodule
train,train/Fibrosis/00028175_000.png,6,Fibrosis
train,train/Pneumothorax/00003534_003.png,11,Pneumothorax
train,train/Atelectasis/00023603_001.png,0,Atelectasis
train,train/Effusion/00002639_002.png,4,Effusion
train,train/Fibrosis/00005787_001.png,6,Fibrosis
train,train/Fibrosis/00001303_003.png,6,Fibrosis
train,train/Emphysema/00005757_000.png,5,Emphysema
train,train/Mass/00007691_003.png,8,Mass
train,train/Mass/00004104_000.png,8,Mass
train,train/Effusion/00010585_015.png,4,Effusion
train,train/Emphysema/00012471_001.png,5,Emphysema
train,train/Effusion/00026057_000.png,4,Effusion
train,train/Nodule/00016422_000.png,9,Nodule
train,train/Nodule/00005024_000.png,9,Nodule
train,train/Cardiomegaly/00007961_001.png,1,Cardiomegaly
train,train/Pneumothorax/00001724_009.png,11,Pneumothorax
train,train/Cardiomegaly/00022677_002.png,1,Cardiomegaly
train,train/Consolidation/00009702_004.png,2,Consolidation
train,train/Consolidation/00028357_022.png,2,Consolidation
train,train/Mass/00016103_000.png,8,Mass
train,train/Cardiomegaly/00008096_000.png,1,Cardiomegaly
train,train/Pneumothorax/00027618_006.png,11,Pneumothorax
train,train/Edema/00025322_007.png,3,Edema
train,train/Atelectasis/00011282_004.png,0,Atelectasis
train,train/Edema/00022442_000.png,3,Edema
train,train/Pneumothorax/00001583_009.png,11,Pneumothorax
train,train/Nodule/00024550_000.png,9,Nodule
train,train/Pneumothorax/00016572_002.png,11,Pneumothorax
train,train/Atelectasis/00019730_010.png,0,Atelectasis
train,train/Nodule/00003174_000.png,9,Nodule
train,train/Mass/00013909_000.png,8,Mass
train,train/Atelectasis/00009971_001.png,0,Atelectasis
train,train/Edema/00016991_011.png,3,Edema
train,train/Cardiomegaly/00003598_002.png,1,Cardiomegaly
train,train/Fibrosis/00003246_001.png,6,Fibrosis
train,train/Nodule/00014429_006.png,9,Nodule
train,train/Nodule/00007565_003.png,9,Nodule
train,train/Pneumothorax/00019927_008.png,11,Pneumothorax
train,train/Atelectasis/00025695_026.png,0,Atelectasis
train,train/Effusion/00013003_036.png,4,Effusion
train,train/Pneumonia/00001018_005.png,10,Pneumonia
train,train/Mass/00008081_017.png,8,Mass
train,train/Infiltration/00020289_002.png,7,Infiltration
train,train/Fibrosis/00022063_000.png,6,Fibrosis
train,train/Fibrosis/00011005_000.png,6,Fibrosis
train,train/Edema/00010471_004.png,3,Edema
train,train/Mass/00012525_002.png,8,Mass
train,train/Nodule/00018960_009.png,9,Nodule
train,train/Nodule/00015920_007.png,9,Nodule
train,train/Pneumothorax/00022792_000.png,11,Pneumothorax
train,train/Pneumonia/00018464_027.png,10,Pneumonia
train,train/Effusion/00017541_010.png,4,Effusion
train,train/Fibrosis/00011706_000.png,6,Fibrosis
train,train/Effusion/00020326_046.png,4,Effusion
train,train/Atelectasis/00026542_001.png,0,Atelectasis
train,train/Fibrosis/00012594_002.png,6,Fibrosis
train,train/Pneumonia/00003092_000.png,10,Pneumonia
train,train/Pneumonia/00010544_000.png,10,Pneumonia
train,train/Infiltration/00017603_016.png,7,Infiltration
train,train/Mass/00007532_002.png,8,Mass
train,train/Edema/00010142_007.png,3,Edema
train,train/Edema/00010203_005.png,3,Edema
train,train/Fibrosis/00017443_000.png,6,Fibrosis
train,train/Atelectasis/00020979_007.png,0,Atelectasis
train,train/Edema/00018829_003.png,3,Edema
train,train/Mass/00017763_000.png,8,Mass
train,train/Pneumothorax/00023313_007.png,11,Pneumothorax
train,train/Emphysema/00007618_009.png,5,Emphysema
train,train/Atelectasis/00006754_010.png,0,Atelectasis
train,train/Nodule/00002649_006.png,9,Nodule
train,train/Atelectasis/00012259_002.png,0,Atelectasis
train,train/Emphysema/00002843_008.png,5,Emphysema
train,train/Mass/00006827_001.png,8,Mass
train,train/Effusion/00002585_003.png,4,Effusion
train,train/Nodule/00017837_000.png,9,Nodule
train,train/Edema/00004435_005.png,3,Edema
train,train/Infiltration/00026600_000.png,7,Infiltration
train,train/Mass/00018810_000.png,8,Mass
train,train/Cardiomegaly/00029285_000.png,1,Cardiomegaly
train,train/Edema/00008875_022.png,3,Edema
train,train/Cardiomegaly/00001268_000.png,1,Cardiomegaly
train,train/Pneumothorax/00010690_001.png,11,Pneumothorax
train,train/Pneumonia/00009305_002.png,10,Pneumonia
train,train/Effusion/00012628_022.png,4,Effusion
train,train/Consolidation/00008850_010.png,2,Consolidation
train,train/Mass/00003129_002.png,8,Mass
train,train/Cardiomegaly/00003091_000.png,1,Cardiomegaly
train,train/Emphysema/00016355_000.png,5,Emphysema
train,train/Fibrosis/00010837_000.png,6,Fibrosis
train,train/Fibrosis/00003675_001.png,6,Fibrosis
train,train/Edema/00015034_004.png,3,Edema
train,train/Pneumothorax/00015420_005.png,11,Pneumothorax
train,train/Emphysema/00008468_039.png,5,Emphysema
train,train/Edema/00014129_007.png,3,Edema
train,train/Nodule/00019965_001.png,9,Nodule
train,train/Consolidation/00018574_021.png,2,Consolidation
train,train/Mass/00008013_000.png,8,Mass
train,train/Cardiomegaly/00013601_010.png,1,Cardiomegaly
train,train/Edema/00016715_009.png,3,Edema
train,train/Effusion/00004613_002.png,4,Effusion
train,train/Atelectasis/00014034_006.png,0,Atelectasis
train,train/Pneumonia/00015968_000.png,10,Pneumonia
train,train/Infiltration/00028767_000.png,7,Infiltration
train,train/Infiltration/00026867_000.png,7,Infiltration
train,train/Pneumonia/00005778_001.png,10,Pneumonia
train,train/Edema/00017424_028.png,3,Edema
train,train/Consolidation/00000489_003.png,2,Consolidation
train,train/Emphysema/00010704_001.png,5,Emphysema
train,train/Effusion/00014790_018.png,4,Effusion
train,train/Edema/00015193_007.png,3,Edema
train,train/Atelectasis/00011643_000.png,0,Atelectasis
train,train/Pneumonia/00015628_018.png,10,Pneumonia
train,train/Pneumothorax/00010350_035.png,11,Pneumothorax
train,train/Mass/00000416_008.png,8,Mass
train,train/Atelectasis/00002656_000.png,0,Atelectasis
train,train/Cardiomegaly/00028710_001.png,1,Cardiomegaly
train,train/Infiltration/00027400_001.png,7,Infiltration
train,train/Effusion/00011543_015.png,4,Effusion
train,train/Atelectasis/00010685_000.png,0,Atelectasis
train,train/Nodule/00019805_011.png,9,Nodule
train,train/Edema/00018972_007.png,3,Edema
train,train/Nodule/00023307_000.png,9,Nodule
train,train/Mass/00005014_012.png,8,Mass
train,train/Consolidation/00029872_000.png,2,Consolidation
train,train/Pneumonia/00026629_006.png,10,Pneumonia
train,train/Atelectasis/00013119_003.png,0,Atelectasis
train,train/Consolidation/00013917_001.png,2,Consolidation
train,train/Emphysema/00018592_005.png,5,Emphysema
train,train/Cardiomegaly/00013257_001.png,1,Cardiomegaly
train,train/Atelectasis/00006008_021.png,0,Atelectasis
train,train/Fibrosis/00006868_008.png,6,Fibrosis
train,train/Fibrosis/00001316_000.png,6,Fibrosis
train,train/Pneumonia/00022156_008.png,10,Pneumonia
train,train/Consolidation/00011303_005.png,2,Consolidation
train,train/Infiltration/00002405_003.png,7,Infiltration
train,train/Consolidation/00006941_005.png,2,Consolidation
train,train/Pneumonia/00003211_000.png,10,Pneumonia
train,train/Infiltration/00017064_017.png,7,Infiltration
train,train/Pneumonia/00019707_017.png,10,Pneumonia
train,train/Fibrosis/00021315_000.png,6,Fibrosis
train,train/Edema/00017111_004.png,3,Edema
train,train/Pneumonia/00016896_012.png,10,Pneumonia
train,train/Nodule/00016405_000.png,9,Nodule
train,train/Emphysema/00000801_000.png,5,Emphysema
train,train/Effusion/00027225_001.png,4,Effusion
train,train/Atelectasis/00008081_001.png,0,Atelectasis
train,train/Infiltration/00017586_000.png,7,Infiltration
train,train/Mass/00029267_001.png,8,Mass
train,train/Consolidation/00013567_002.png,2,Consolidation
train,train/Nodule/00002943_000.png,9,Nodule
train,train/Mass/00000693_004.png,8,Mass
train,train/Infiltration/00026301_000.png,7,Infiltration
train,train/Fibrosis/00014751_001.png,6,Fibrosis
train,train/Edema/00007862_005.png,3,Edema
train,train/Emphysema/00008468_013.png,5,Emphysema
train,train/Mass/00005991_008.png,8,Mass
train,train/Consolidation/00026355_000.png,2,Consolidation
train,train/Atelectasis/00012562_001.png,0,Atelectasis
train,train/Pneumonia/00002052_002.png,10,Pneumonia
train,train/Fibrosis/00003574_005.png,6,Fibrosis
train,train/Atelectasis/00020966_001.png,0,Atelectasis
train,train/Cardiomegaly/00000607_000.png,1,Cardiomegaly
train,train/Atelectasis/00025849_048.png,0,Atelectasis
train,train/Atelectasis/00010188_008.png,0,Atelectasis
train,train/Atelectasis/00003349_001.png,0,Atelectasis
train,train/Infiltration/00000857_006.png,7,Infiltration
train,train/Pneumonia/00027266_001.png,10,Pneumonia
train,train/Pneumothorax/00015214_008.png,11,Pneumothorax
train,train/Cardiomegaly/00009188_001.png,1,Cardiomegaly
train,train/Fibrosis/00002284_000.png,6,Fibrosis
train,train/Infiltration/00001930_003.png,7,Infiltration
train,train/Edema/00011948_002.png,3,Edema
train,train/Emphysema/00025924_011.png,5,Emphysema
train,train/Nodule/00023643_000.png,9,Nodule
train,train/Effusion/00003439_003.png,4,Effusion
train,train/Pneumonia/00012761_007.png,10,Pneumonia
train,train/Atelectasis/00018432_000.png,0,Atelectasis
train,train/Edema/00009932_001.png,3,Edema
train,train/Consolidation/00006679_010.png,2,Consolidation
train,train/Mass/00029938_001.png,8,Mass
train,train/Edema/00017589_001.png,3,Edema
train,train/Pneumonia/00002288_004.png,10,Pneumonia
train,train/Edema/00007864_008.png,3,Edema
train,train/Mass/00026190_000.png,8,Mass
train,train/Nodule/00017645_007.png,9,Nodule
train,train/Edema/00014971_006.png,3,Edema
train,train/Effusion/00026627_004.png,4,Effusion
train,train/Edema/00018972_027.png,3,Edema
train,train/Cardiomegaly/00021895_007.png,1,Cardiomegaly
train,train/Atelectasis/00019218_000.png,0,Atelectasis
train,train/Nodule/00022816_002.png,9,Nodule
train,train/Effusion/00018065_005.png,4,Effusion
train,train/Effusion/00014397_004.png,4,Effusion
train,train/Nodule/00015562_001.png,9,Nodule
train,train/Mass/00007460_002.png,8,Mass
train,train/Cardiomegaly/00012150_000.png,1,Cardiomegaly
train,train/Pneumothorax/00003658_006.png,11,Pneumothorax
train,train/Atelectasis/00020122_000.png,0,Atelectasis
train,train/Effusion/00008665_003.png,4,Effusion
train,train/Pneumonia/00010586_000.png,10,Pneumonia
train,train/Pneumonia/00014616_011.png,10,Pneumonia
train,train/Edema/00012976_004.png,3,Edema
train,train/Pneumothorax/00018521_009.png,11,Pneumothorax
train,train/Pneumothorax/00010996_001.png,11,Pneumothorax
train,train/Mass/00020867_000.png,8,Mass
train,train/Mass/00006275_005.png,8,Mass
train,train/Pneumothorax/00020248_004.png,11,Pneumothorax
train,train/Atelectasis/00018580_000.png,0,Atelectasis
train,train/Pneumonia/00009048_002.png,10,Pneumonia
train,train/Fibrosis/00005577_001.png,6,Fibrosis
train,train/Edema/00021835_018.png,3,Edema
train,train/Infiltration/00018629_004.png,7,Infiltration
train,train/Emphysema/00012380_000.png,5,Emphysema
train,train/Nodule/00018597_000.png,9,Nodule
train,train/Nodule/00018748_003.png,9,Nodule
train,train/Cardiomegaly/00025161_003.png,1,Cardiomegaly
train,train/Cardiomegaly/00010165_001.png,1,Cardiomegaly
train,train/Pneumonia/00001637_001.png,10,Pneumonia
train,train/Nodule/00008535_012.png,9,Nodule
train,train/Edema/00018724_023.png,3,Edema
train,train/Effusion/00029821_014.png,4,Effusion
train,train/Emphysema/00029052_000.png,5,Emphysema
train,train/Atelectasis/00009600_023.png,0,Atelectasis
train,train/Infiltration/00007157_015.png,7,Infiltration
train,train/Edema/00013205_005.png,3,Edema
train,train/Cardiomegaly/00000155_000.png,1,Cardiomegaly
train,train/Cardiomegaly/00017818_000.png,1,Cardiomegaly
train,train/Emphysema/00008468_034.png,5,Emphysema
train,train/Pneumothorax/00016550_001.png,11,Pneumothorax
train,train/Mass/00017668_000.png,8,Mass
train,train/Consolidation/00030410_002.png,2,Consolidation
train,train/Infiltration/00027863_001.png,7,Infiltration
train,train/Infiltration/00025566_000.png,7,Infiltration
train,train/Cardiomegaly/00028005_000.png,1,Cardiomegaly
train,train/Infiltration/00002087_000.png,7,Infiltration
train,train/Atelectasis/00003867_001.png,0,Atelectasis
train,train/Effusion/00014006_006.png,4,Effusion
train,train/Nodule/00013896_003.png,9,Nodule
train,train/Consolidation/00020966_004.png,2,Consolidation
train,train/Nodule/00009120_007.png,9,Nodule
train,train/Cardiomegaly/00014940_000.png,1,Cardiomegaly
train,train/Atelectasis/00011651_000.png,0,Atelectasis
train,train/Infiltration/00022566_016.png,7,Infiltration
train,train/Edema/00017424_037.png,3,Edema
train,train/Mass/00015196_003.png,8,Mass
train,train/Emphysema/00026793_002.png,5,Emphysema
train,train/Mass/00002870_000.png,8,Mass
train,train/Infiltration/00018317_002.png,7,Infiltration
train,train/Mass/00012960_000.png,8,Mass
train,train/Atelectasis/00025450_000.png,0,Atelectasis
train,train/Infiltration/00019176_062.png,7,Infiltration
train,train/Effusion/00019576_050.png,4,Effusion
train,train/Edema/00005184_000.png,3,Edema
train,train/Pneumothorax/00027725_068.png,11,Pneumothorax
train,train/Emphysema/00009825_000.png,5,Emphysema
train,train/Infiltration/00008473_009.png,7,Infiltration
train,train/Infiltration/00015031_000.png,7,Infiltration
train,train/Fibrosis/00018325_001.png,6,Fibrosis
train,train/Consolidation/00013620_000.png,2,Consolidation
train,train/Consolidation/00006833_003.png,2,Consolidation
train,train/Atelectasis/00025812_000.png,0,Atelectasis
train,train/Infiltration/00016088_000.png,7,Infiltration
train,train/Pneumonia/00021895_001.png,10,Pneumonia
train,train/Infiltration/00028826_000.png,7,Infiltration
train,train/Edema/00029108_001.png,3,Edema
train,train/Atelectasis/00023315_000.png,0,Atelectasis
train,train/Consolidation/00001317_007.png,2,Consolidation
train,train/Cardiomegaly/00003583_000.png,1,Cardiomegaly
train,train/Cardiomegaly/00024107_000.png,1,Cardiomegaly
train,train/Pneumonia/00007787_001.png,10,Pneumonia
train,train/Consolidation/00003222_002.png,2,Consolidation
train,train/Pneumothorax/00021651_002.png,11,Pneumothorax
train,train/Effusion/00025849_017.png,4,Effusion
train,train/Effusion/00022869_011.png,4,Effusion
train,train/Nodule/00028630_000.png,9,Nodule
train,train/Atelectasis/00002559_000.png,0,Atelectasis
train,train/Nodule/00028589_004.png,9,Nodule
train,train/Atelectasis/00002189_000.png,0,Atelectasis
train,train/Consolidation/00006407_000.png,2,Consolidation
train,train/Atelectasis/00026641_001.png,0,Atelectasis
train,train/Pneumonia/00021571_000.png,10,Pneumonia
train,train/Atelectasis/00028071_003.png,0,Atelectasis
train,train/Edema/00020826_004.png,3,Edema
train,train/Fibrosis/00025733_000.png,6,Fibrosis
train,train/Emphysema/00000988_000.png,5,Emphysema
train,train/Atelectasis/00001684_023.png,0,Atelectasis
train,train/Pneumothorax/00001984_003.png,11,Pneumothorax
train,train/Pneumothorax/00029688_006.png,11,Pneumothorax
train,train/Consolidation/00011351_009.png,2,Consolidation
train,train/Cardiomegaly/00011849_000.png,1,Cardiomegaly
train,train/Nodule/00028088_005.png,9,Nodule
train,train/Consolidation/00013894_050.png,2,Consolidation
train,train/Emphysema/00005460_006.png,5,Emphysema
train,train/Nodule/00012502_013.png,9,Nodule
train,train/Fibrosis/00011285_000.png,6,Fibrosis
train,train/Cardiomegaly/00007228_001.png,1,Cardiomegaly
train,train/Edema/00026232_004.png,3,Edema
train,train/Atelectasis/00009083_002.png,0,Atelectasis
train,train/Atelectasis/00005452_000.png,0,Atelectasis
train,train/Fibrosis/00012853_001.png,6,Fibrosis
train,train/Nodule/00014981_000.png,9,Nodule
train,train/Atelectasis/00019082_001.png,0,Atelectasis
train,train/Edema/00025181_010.png,3,Edema
train,train/Consolidation/00022312_006.png,2,Consolidation
train,train/Emphysema/00000758_001.png,5,Emphysema
train,train/Emphysema/00011952_000.png,5,Emphysema
train,train/Edema/00017356_008.png,3,Edema
train,train/Consolidation/00030102_000.png,2,Consolidation
train,train/Atelectasis/00016966_000.png,0,Atelectasis
train,train/Edema/00007864_006.png,3,Edema
train,train/Pneumothorax/00022734_001.png,11,Pneumothorax
train,train/Consolidation/00026210_001.png,2,Consolidation
train,train/Consolidation/00009727_039.png,2,Consolidation
train,train/Pneumothorax/00011808_005.png,11,Pneumothorax
train,train/Pneumonia/00026825_008.png,10,Pneumonia
train,train/Pneumothorax/00007650_001.png,11,Pneumothorax
train,train/Pneumothorax/00011423_008.png,11,Pneumothorax
train,train/Mass/00006072_000.png,8,Mass
train,train/Consolidation/00030102_001.png,2,Consolidation
train,train/Fibrosis/00000426_001.png,6,Fibrosis
train,train/Mass/00021889_000.png,8,Mass
train,train/Mass/00003367_005.png,8,Mass
train,train/Edema/00020094_004.png,3,Edema
train,train/Mass/00008746_000.png,8,Mass
train,train/Emphysema/00006874_000.png,5,Emphysema
train,train/Effusion/00005895_005.png,4,Effusion
train,train/Consolidation/00003548_014.png,2,Consolidation
train,train/Infiltration/00002737_003.png,7,Infiltration
train,train/Consolidation/00022065_022.png,2,Consolidation
train,train/Mass/00015996_001.png,8,Mass
train,train/Fibrosis/00018661_003.png,6,Fibrosis
train,train/Emphysema/00009716_001.png,5,Emphysema
train,train/Mass/00003758_001.png,8,Mass
train,train/Infiltration/00020805_002.png,7,Infiltration
train,train/Nodule/00008527_000.png,9,Nodule
train,train/Nodule/00006642_034.png,9,Nodule
train,train/Mass/00006338_001.png,8,Mass
train,train/Pneumonia/00030621_002.png,10,Pneumonia
train,train/Infiltration/00011161_002.png,7,Infiltration
train,train/Effusion/00015253_000.png,4,Effusion
train,train/Fibrosis/00021915_000.png,6,Fibrosis
train,train/Atelectasis/00014721_012.png,0,Atelectasis
train,train/Pneumonia/00026085_000.png,10,Pneumonia
train,train/Pneumonia/00008362_013.png,10,Pneumonia
train,train/Consolidation/00002000_003.png,2,Consolidation
train,train/Mass/00011845_017.png,8,Mass
train,train/Effusion/00011253_000.png,4,Effusion
train,train/Infiltration/00018766_000.png,7,Infiltration
train,train/Consolidation/00028939_018.png,2,Consolidation
train,train/Effusion/00012585_009.png,4,Effusion
train,train/Emphysema/00016772_015.png,5,Emphysema
train,train/Effusion/00009513_000.png,4,Effusion
train,train/Nodule/00016778_042.png,9,Nodule
train,train/Atelectasis/00012129_005.png,0,Atelectasis
train,train/Fibrosis/00030702_000.png,6,Fibrosis
train,train/Atelectasis/00019530_004.png,0,Atelectasis
train,train/Fibrosis/00008903_002.png,6,Fibrosis
train,train/Consolidation/00014715_011.png,2,Consolidation
train,train/Effusion/00009641_010.png,4,Effusion
train,train/Consolidation/00008858_004.png,2,Consolidation
train,train/Consolidation/00010261_002.png,2,Consolidation
train,train/Effusion/00011723_010.png,4,Effusion
train,train/Fibrosis/00012729_000.png,6,Fibrosis
train,train/Emphysema/00016171_000.png,5,Emphysema
train,train/Infiltration/00014224_008.png,7,Infiltration
train,train/Infiltration/00017848_000.png,7,Infiltration
train,train/Mass/00012735_001.png,8,Mass
train,train/Cardiomegaly/00006296_006.png,1,Cardiomegaly
train,train/Nodule/00006642_018.png,9,Nodule
train,train/Consolidation/00017862_001.png,2,Consolidation
train,train/Emphysema/00015443_016.png,5,Emphysema
train,train/Cardiomegaly/00016650_000.png,1,Cardiomegaly
train,train/Mass/00014320_016.png,8,Mass
train,train/Infiltration/00007620_012.png,7,Infiltration
train,train/Consolidation/00026925_011.png,2,Consolidation
train,train/Emphysema/00009600_002.png,5,Emphysema
train,train/Fibrosis/00011700_003.png,6,Fibrosis
train,train/Consolidation/00018404_017.png,2,Consolidation
train,train/Effusion/00017325_017.png,4,Effusion
train,train/Fibrosis/00002649_019.png,6,Fibrosis
train,train/Pneumothorax/00002649_011.png,11,Pneumothorax
train,train/Pneumonia/00013447_012.png,10,Pneumonia
train,train/Edema/00004435_006.png,3,Edema
train,train/Pneumonia/00011966_006.png,10,Pneumonia
train,train/Pneumonia/00006985_002.png,10,Pneumonia
train,train/Consolidation/00025849_012.png,2,Consolidation
train,train/Fibrosis/00016691_001.png,6,Fibrosis
train,train/Emphysema/00008168_000.png,5,Emphysema
train,train/Nodule/00016991_001.png,9,Nodule
train,train/Emphysema/00001833_005.png,5,Emphysema
train,train/Infiltration/00028189_000.png,7,Infiltration
train,train/Effusion/00014414_002.png,4,Effusion
train,train/Edema/00005218_007.png,3,Edema
train,train/Emphysema/00000900_001.png,5,Emphysema
train,train/Effusion/00014174_011.png,4,Effusion
train,train/Infiltration/00010417_001.png,7,Infiltration
train,train/Mass/00001182_008.png,8,Mass
train,train/Effusion/00017651_007.png,4,Effusion
train,train/Effusion/00018724_006.png,4,Effusion
train,train/Fibrosis/00002905_001.png,6,Fibrosis
train,train/Fibrosis/00007730_002.png,6,Fibrosis
train,train/Nodule/00007731_000.png,9,Nodule
train,train/Fibrosis/00022014_000.png,6,Fibrosis
train,train/Nodule/00019593_005.png,9,Nodule
train,train/Pneumonia/00021706_005.png,10,Pneumonia
train,train/Nodule/00029650_004.png,9,Nodule
train,train/Cardiomegaly/00016926_003.png,1,Cardiomegaly
train,train/Cardiomegaly/00003088_000.png,1,Cardiomegaly
train,train/Consolidation/00002833_000.png,2,Consolidation
train,train/Atelectasis/00023233_001.png,0,Atelectasis
train,train/Infiltration/00022607_004.png,7,Infiltration
train,train/Mass/00005512_005.png,8,Mass
train,train/Pneumonia/00001529_002.png,10,Pneumonia
train,train/Consolidation/00005094_009.png,2,Consolidation
train,train/Fibrosis/00006388_000.png,6,Fibrosis
train,train/Infiltration/00012885_000.png,7,Infiltration
train,train/Mass/00030184_003.png,8,Mass
train,train/Atelectasis/00010104_000.png,0,Atelectasis
train,train/Emphysema/00000682_001.png,5,Emphysema
train,train/Edema/00018829_004.png,3,Edema
train,train/Pneumothorax/00023258_001.png,11,Pneumothorax
train,train/Emphysema/00018739_013.png,5,Emphysema
train,train/Edema/00025189_004.png,3,Edema
train,train/Cardiomegaly/00006166_000.png,1,Cardiomegaly
train,train/Emphysema/00008468_009.png,5,Emphysema
train,train/Pneumonia/00025383_002.png,10,Pneumonia
train,train/Effusion/00017258_011.png,4,Effusion
train,train/Emphysema/00008468_045.png,5,Emphysema
train,train/Atelectasis/00029437_010.png,0,Atelectasis
train,train/Consolidation/00012628_052.png,2,Consolidation
train,train/Consolidation/00023160_000.png,2,Consolidation
train,train/Mass/00020040_000.png,8,Mass
train,train/Mass/00006413_002.png,8,Mass
train,train/Mass/00030157_001.png,8,Mass
train,train/Mass/00011504_000.png,8,Mass
train,train/Pneumonia/00007992_006.png,10,Pneumonia
train,train/Consolidation/00014705_001.png,2,Consolidation
train,train/Nodule/00014356_007.png,9,Nodule
train,train/Consolidation/00030759_000.png,2,Consolidation
train,train/Nodule/00015793_004.png,9,Nodule
train,train/Fibrosis/00014584_005.png,6,Fibrosis
train,train/Infiltration/00019065_008.png,7,Infiltration
train,train/Atelectasis/00025399_000.png,0,Atelectasis
train,train/Edema/00013534_001.png,3,Edema
train,train/Edema/00016315_002.png,3,Edema
train,train/Edema/00005254_003.png,3,Edema
train,train/Emphysema/00022270_003.png,5,Emphysema
train,train/Cardiomegaly/00016608_000.png,1,Cardiomegaly
train,train/Effusion/00003743_001.png,4,Effusion
train,train/Edema/00013342_006.png,3,Edema
train,train/Infiltration/00020261_004.png,7,Infiltration
train,train/Effusion/00019804_006.png,4,Effusion
train,train/Infiltration/00021567_003.png,7,Infiltration
train,train/Mass/00015592_000.png,8,Mass
train,train/Pneumonia/00014647_005.png,10,Pneumonia
train,train/Pneumonia/00014072_002.png,10,Pneumonia
train,train/Consolidation/00021114_004.png,2,Consolidation
train,train/Effusion/00007404_002.png,4,Effusion
train,train/Emphysema/00004587_000.png,5,Emphysema
train,train/Infiltration/00024682_000.png,7,Infiltration
train,train/Pneumonia/00017254_000.png,10,Pneumonia
train,train/Cardiomegaly/00027706_012.png,1,Cardiomegaly
train,train/Mass/00006338_002.png,8,Mass
train,train/Edema/00022466_003.png,3,Edema
train,train/Mass/00015039_013.png,8,Mass
train,train/Consolidation/00013894_044.png,2,Consolidation
train,train/Pneumonia/00027539_001.png,10,Pneumonia
train,train/Fibrosis/00011747_000.png,6,Fibrosis
train,train/Infiltration/00002428_002.png,7,Infiltration
train,train/Nodule/00004498_001.png,9,Nodule
train,train/Atelectasis/00005927_011.png,0,Atelectasis
train,train/Mass/00011548_001.png,8,Mass
train,train/Consolidation/00014362_011.png,2,Consolidation
train,train/Mass/00029343_000.png,8,Mass
train,train/Mass/00000061_001.png,8,Mass
train,train/Pneumonia/00003535_025.png,10,Pneumonia
train,train/Fibrosis/00007117_000.png,6,Fibrosis
train,train/Edema/00026515_005.png,3,Edema
train,train/Nodule/00006529_001.png,9,Nodule
train,train/Nodule/00005138_006.png,9,Nodule
train,train/Effusion/00001101_003.png,4,Effusion
train,train/Atelectasis/00006731_000.png,0,Atelectasis
train,train/Atelectasis/00019959_004.png,0,Atelectasis
train,train/Effusion/00026828_022.png,4,Effusion
train,train/Effusion/00000627_024.png,4,Effusion
train,train/Cardiomegaly/00021790_000.png,1,Cardiomegaly
train,train/Nodule/00017165_000.png,9,Nodule
train,train/Edema/00014435_000.png,3,Edema
train,train/Mass/00015625_001.png,8,Mass
train,train/Emphysema/00016200_000.png,5,Emphysema
train,train/Cardiomegaly/00013601_022.png,1,Cardiomegaly
train,train/Consolidation/00013241_000.png,2,Consolidation
train,train/Infiltration/00004800_003.png,7,Infiltration
train,train/Pneumonia/00002118_009.png,10,Pneumonia
train,train/Pneumonia/00018926_001.png,10,Pneumonia
train,train/Infiltration/00026441_000.png,7,Infiltration
train,train/Consolidation/00022835_007.png,2,Consolidation
train,train/Atelectasis/00007595_000.png,0,Atelectasis
train,train/Fibrosis/00026498_000.png,6,Fibrosis
train,train/Cardiomegaly/00027292_000.png,1,Cardiomegaly
train,train/Edema/00016074_007.png,3,Edema
train,train/Pneumonia/00019176_076.png,10,Pneumonia
train,train/Infiltration/00001200_019.png,7,Infiltration
train,train/Emphysema/00017266_009.png,5,Emphysema
train,train/Pneumothorax/00021865_001.png,11,Pneumothorax
train,train/Fibrosis/00003309_000.png,6,Fibrosis
train,train/Nodule/00006338_009.png,9,Nodule
train,train/Fibrosis/00006832_011.png,6,Fibrosis
train,train/Atelectasis/00002446_000.png,0,Atelectasis
train,train/Consolidation/00006480_007.png,2,Consolidation
train,train/Atelectasis/00003140_019.png,0,Atelectasis
train,train/Nodule/00007416_003.png,9,Nodule
train,train/Fibrosis/00003887_001.png,6,Fibrosis
train,train/Atelectasis/00006242_008.png,0,Atelectasis
train,train/Atelectasis/00002701_008.png,0,Atelectasis
train,train/Emphysema/00010371_000.png,5,Emphysema
train,train/Nodule/00014930_015.png,9,Nodule
train,train/Cardiomegaly/00025118_001.png,1,Cardiomegaly
train,train/Edema/00029839_003.png,3,Edema
train,train/Emphysema/00005839_004.png,5,Emphysema
train,train/Consolidation/00029142_005.png,2,Consolidation
train,train/Emphysema/00012710_000.png,5,Emphysema
train,train/Nodule/00017726_001.png,9,Nodule
train,train/Edema/00011632_003.png,3,Edema
train,train/Effusion/00009361_002.png,4,Effusion
train,train/Fibrosis/00017166_000.png,6,Fibrosis
train,train/Effusion/00027182_002.png,4,Effusion
train,train/Pneumonia/00006759_001.png,10,Pneumonia
train,train/Edema/00012863_012.png,3,Edema
train,train/Emphysema/00021127_005.png,5,Emphysema
train,train/Atelectasis/00008909_000.png,0,Atelectasis
train,train/Edema/00016789_009.png,3,Edema
train,train/Pneumonia/00025806_005.png,10,Pneumonia
train,train/Infiltration/00017859_000.png,7,Infiltration
train,train/Atelectasis/00010352_047.png,0,Atelectasis
train,train/Atelectasis/00014106_003.png,0,Atelectasis
train,train/Atelectasis/00030247_010.png,0,Atelectasis
train,train/Atelectasis/00017930_001.png,0,Atelectasis
train,train/Nodule/00001164_000.png,9,Nodule
train,train/Mass/00028623_000.png,8,Mass
train,train/Mass/00014029_003.png,8,Mass
train,train/Pneumonia/00018843_000.png,10,Pneumonia
train,train/Nodule/00020611_001.png,9,Nodule
train,train/Fibrosis/00013870_000.png,6,Fibrosis
train,train/Emphysema/00005874_000.png,5,Emphysema
train,train/Fibrosis/00012543_004.png,6,Fibrosis
train,train/Pneumothorax/00005365_013.png,11,Pneumothorax
train,train/Effusion/00025285_005.png,4,Effusion
train,train/Infiltration/00016469_002.png,7,Infiltration
train,train/Mass/00008100_001.png,8,Mass
train,train/Emphysema/00002914_000.png,5,Emphysema
train,train/Effusion/00001104_022.png,4,Effusion
train,train/Nodule/00003393_052.png,9,Nodule
train,train/Atelectasis/00011808_003.png,0,Atelectasis
train,train/Pneumonia/00026580_000.png,10,Pneumonia
train,train/Emphysema/00018429_001.png,5,Emphysema
train,train/Atelectasis/00026463_000.png,0,Atelectasis
train,train/Cardiomegaly/00024264_000.png,1,Cardiomegaly
train,train/Mass/00017013_002.png,8,Mass
train,train/Pneumonia/00013997_000.png,10,Pneumonia
train,train/Atelectasis/00001601_007.png,0,Atelectasis
train,train/Edema/00011877_013.png,3,Edema
train,train/Pneumonia/00026883_001.png,10,Pneumonia
train,train/Pneumothorax/00009696_000.png,11,Pneumothorax
train,train/Atelectasis/00029883_001.png,0,Atelectasis
train,train/Nodule/00006881_002.png,9,Nodule
train,train/Cardiomegaly/00019385_000.png,1,Cardiomegaly
train,train/Emphysema/00001157_002.png,5,Emphysema
train,train/Edema/00010350_023.png,3,Edema
train,train/Cardiomegaly/00010388_001.png,1,Cardiomegaly
train,train/Infiltration/00028357_025.png,7,Infiltration
train,train/Emphysema/00021872_000.png,5,Emphysema
train,train/Consolidation/00019660_001.png,2,Consolidation
train,train/Pneumonia/00013779_000.png,10,Pneumonia
train,train/Fibrosis/00003728_000.png,6,Fibrosis
train,train/Pneumonia/00001837_002.png,10,Pneumonia
train,train/Pneumothorax/00004602_000.png,11,Pneumothorax
train,train/Nodule/00025806_000.png,9,Nodule
train,train/Fibrosis/00007857_017.png,6,Fibrosis
train,train/Fibrosis/00023606_000.png,6,Fibrosis
train,train/Fibrosis/00010278_000.png,6,Fibrosis
train,train/Infiltration/00020849_001.png,7,Infiltration
train,train/Effusion/00011606_003.png,4,Effusion
train,train/Effusion/00029672_011.png,4,Effusion
train,train/Emphysema/00003714_000.png,5,Emphysema
train,train/Nodule/00028975_002.png,9,Nodule
train,train/Consolidation/00013613_012.png,2,Consolidation
train,train/Pneumothorax/00002371_015.png,11,Pneumothorax
train,train/Fibrosis/00018325_005.png,6,Fibrosis
train,train/Atelectasis/00009798_020.png,0,Atelectasis
train,train/Pneumonia/00009798_016.png,10,Pneumonia
train,train/Infiltration/00023035_001.png,7,Infiltration
train,train/Effusion/00012827_002.png,4,Effusion
train,train/Pneumonia/00016213_007.png,10,Pneumonia
train,train/Atelectasis/00007182_000.png,0,Atelectasis
train,train/Fibrosis/00019594_024.png,6,Fibrosis
train,train/Cardiomegaly/00016202_000.png,1,Cardiomegaly
train,train/Atelectasis/00026161_004.png,0,Atelectasis
train,train/Atelectasis/00016715_013.png,0,Atelectasis
train,train/Mass/00010584_002.png,8,Mass
train,train/Pneumothorax/00003468_002.png,11,Pneumothorax
train,train/Infiltration/00000273_002.png,7,Infiltration
train,train/Cardiomegaly/00015588_005.png,1,Cardiomegaly
train,train/Effusion/00012935_007.png,4,Effusion
train,train/Fibrosis/00003098_012.png,6,Fibrosis
train,train/Nodule/00027386_002.png,9,Nodule
train,train/Pneumothorax/00015606_039.png,11,Pneumothorax
train,train/Infiltration/00024320_000.png,7,Infiltration
train,train/Consolidation/00026050_010.png,2,Consolidation
train,train/Pneumonia/00005639_003.png,10,Pneumonia
train,train/Fibrosis/00016244_005.png,6,Fibrosis
train,train/Edema/00015190_006.png,3,Edema
train,train/Nodule/00028001_000.png,9,Nodule
train,train/Fibrosis/00011581_000.png,6,Fibrosis
train,train/Pneumothorax/00023160_010.png,11,Pneumothorax
train,train/Cardiomegaly/00020979_001.png,1,Cardiomegaly
train,train/Atelectasis/00015160_014.png,0,Atelectasis
train,train/Effusion/00006653_022.png,4,Effusion
train,train/Pneumothorax/00012643_001.png,11,Pneumothorax
train,train/Cardiomegaly/00015414_003.png,1,Cardiomegaly
train,train/Pneumonia/00021706_004.png,10,Pneumonia
train,train/Pneumonia/00001162_000.png,10,Pneumonia
train,train/Nodule/00004957_005.png,9,Nodule
train,train/Cardiomegaly/00027706_007.png,1,Cardiomegaly
train,train/Infiltration/00003465_000.png,7,Infiltration
train,train/Effusion/00012236_009.png,4,Effusion
train,train/Pneumonia/00012158_025.png,10,Pneumonia
train,train/Effusion/00010530_017.png,4,Effusion
train,train/Consolidation/00025705_000.png,2,Consolidation
train,train/Infiltration/00013003_024.png,7,Infiltration
train,train/Atelectasis/00017751_009.png,0,Atelectasis
train,train/Fibrosis/00009815_000.png,6,Fibrosis
train,train/Mass/00002238_002.png,8,Mass
train,train/Effusion/00010772_011.png,4,Effusion
train,train/Consolidation/00025963_000.png,2,Consolidation
train,train/Emphysema/00016410_051.png,5,Emphysema
train,train/Pneumonia/00013304_002.png,10,Pneumonia
train,train/Effusion/00015068_015.png,4,Effusion
train,train/Effusion/00012273_003.png,4,Effusion
train,train/Edema/00022442_002.png,3,Edema
train,train/Cardiomegaly/00027292_001.png,1,Cardiomegaly
train,train/Fibrosis/00016244_001.png,6,Fibrosis
train,train/Mass/00005952_001.png,8,Mass
train,train/Infiltration/00013641_032.png,7,Infiltration
train,train/Edema/00018103_012.png,3,Edema
train,train/Infiltration/00007441_005.png,7,Infiltration
train,train/Nodule/00015136_000.png,9,Nodule
train,train/Pneumothorax/00001951_015.png,11,Pneumothorax
train,train/Emphysema/00004469_001.png,5,Emphysema
train,train/Emphysema/00025219_001.png,5,Emphysema
train,train/Emphysema/00011481_001.png,5,Emphysema
train,train/Pneumothorax/00003827_000.png,11,Pneumothorax
train,train/Nodule/00006360_001.png,9,Nodule
train,train/Infiltration/00020595_000.png,7,Infiltration
train,train/Fibrosis/00011027_001.png,6,Fibrosis
train,train/Edema/00026828_020.png,3,Edema
train,train/Emphysema/00007161_001.png,5,Emphysema
train,train/Cardiomegaly/00002798_003.png,1,Cardiomegaly
train,train/Nodule/00022738_000.png,9,Nodule
train,train/Consolidation/00015013_007.png,2,Consolidation
train,train/Fibrosis/00006043_000.png,6,Fibrosis
train,train/Pneumonia/00009081_000.png,10,Pneumonia
train,train/Mass/00020611_002.png,8,Mass
train,train/Pneumonia/00008745_034.png,10,Pneumonia
train,train/Nodule/00008204_000.png,9,Nodule
train,train/Nodule/00000949_004.png,9,Nodule
train,train/Fibrosis/00018362_018.png,6,Fibrosis
train,train/Atelectasis/00020811_003.png,0,Atelectasis
train,train/Nodule/00014948_001.png,9,Nodule
train,train/Nodule/00005218_012.png,9,Nodule
train,train/Pneumothorax/00005051_003.png,11,Pneumothorax
train,train/Cardiomegaly/00012148_004.png,1,Cardiomegaly
train,train/Mass/00012525_004.png,8,Mass
train,train/Consolidation/00025514_006.png,2,Consolidation
train,train/Fibrosis/00023261_000.png,6,Fibrosis
train,train/Infiltration/00009870_000.png,7,Infiltration
train,train/Consolidation/00021176_000.png,2,Consolidation
train,train/Mass/00010069_003.png,8,Mass
train,train/Atelectasis/00000627_009.png,0,Atelectasis
train,train/Emphysema/00002955_002.png,5,Emphysema
train,train/Atelectasis/00005348_001.png,0,Atelectasis
train,train/Fibrosis/00008211_001.png,6,Fibrosis
train,train/Emphysema/00009485_000.png,5,Emphysema
train,train/Pneumothorax/00002846_005.png,11,Pneumothorax
train,train/Atelectasis/00008056_007.png,0,Atelectasis
train,train/Effusion/00018159_002.png,4,Effusion
train,train/Fibrosis/00000552_001.png,6,Fibrosis
train,train/Emphysema/00007342_000.png,5,Emphysema
train,train/Consolidation/00008518_008.png,2,Consolidation
train,train/Effusion/00011597_003.png,4,Effusion
train,train/Infiltration/00008745_039.png,7,Infiltration
train,train/Pneumothorax/00000416_007.png,11,Pneumothorax
train,train/Pneumonia/00014958_001.png,10,Pneumonia
train,train/Fibrosis/00016684_000.png,6,Fibrosis
train,train/Atelectasis/00004062_000.png,0,Atelectasis
train,train/Effusion/00016643_009.png,4,Effusion
train,train/Atelectasis/00026197_002.png,0,Atelectasis
train,train/Pneumonia/00010531_012.png,10,Pneumonia
train,train/Infiltration/00015911_007.png,7,Infiltration
train,train/Emphysema/00008045_000.png,5,Emphysema
train,train/Pneumonia/00014436_008.png,10,Pneumonia
train,train/Edema/00015572_011.png,3,Edema
train,train/Cardiomegaly/00025144_000.png,1,Cardiomegaly
train,train/Edema/00020458_007.png,3,Edema
train,train/Effusion/00019894_010.png,4,Effusion
train,train/Effusion/00028897_008.png,4,Effusion
train,train/Emphysema/00004741_001.png,5,Emphysema
train,train/Atelectasis/00004842_000.png,0,Atelectasis
train,train/Emphysema/00019850_001.png,5,Emphysema
train,train/Infiltration/00021485_001.png,7,Infiltration
train,train/Atelectasis/00023111_007.png,0,Atelectasis
train,train/Pneumonia/00012777_005.png,10,Pneumonia
train,train/Mass/00007869_002.png,8,Mass
train,train/Cardiomegaly/00003610_023.png,1,Cardiomegaly
train,train/Emphysema/00008071_000.png,5,Emphysema
train,train/Emphysema/00003515_001.png,5,Emphysema
train,train/Edema/00013890_009.png,3,Edema
train,train/Consolidation/00007857_009.png,2,Consolidation
train,train/Nodule/00010310_000.png,9,Nodule
train,train/Pneumothorax/00012752_005.png,11,Pneumothorax
train,train/Emphysema/00022041_000.png,5,Emphysema
train,train/Emphysema/00012002_000.png,5,Emphysema
train,train/Edema/00012626_014.png,3,Edema
train,train/Cardiomegaly/00003501_003.png,1,Cardiomegaly
train,train/Pneumonia/00005274_011.png,10,Pneumonia
train,train/Mass/00015034_003.png,8,Mass
train,train/Nodule/00007731_005.png,9,Nodule
train,train/Pneumothorax/00027818_000.png,11,Pneumothorax
train,train/Infiltration/00025680_007.png,7,Infiltration
train,train/Consolidation/00028357_020.png,2,Consolidation
train,train/Pneumothorax/00004088_001.png,11,Pneumothorax
train,train/Edema/00027582_001.png,3,Edema
train,train/Effusion/00003995_000.png,4,Effusion
train,train/Pneumonia/00006966_004.png,10,Pneumonia
train,train/Pneumonia/00017231_001.png,10,Pneumonia
train,train/Fibrosis/00000820_013.png,6,Fibrosis
train,train/Infiltration/00024886_000.png,7,Infiltration
train,train/Nodule/00017272_000.png,9,Nodule
train,train/Nodule/00021294_001.png,9,Nodule
train,train/Emphysema/00006325_004.png,5,Emphysema
train,train/Emphysema/00008468_015.png,5,Emphysema
train,train/Fibrosis/00017718_005.png,6,Fibrosis
train,train/Edema/00018164_002.png,3,Edema
train,train/Effusion/00016728_003.png,4,Effusion
train,train/Fibrosis/00004006_072.png,6,Fibrosis
train,train/Nodule/00001968_004.png,9,Nodule
train,train/Emphysema/00007461_000.png,5,Emphysema
train,train/Emphysema/00011723_000.png,5,Emphysema
train,train/Pneumothorax/00003709_002.png,11,Pneumothorax
train,train/Cardiomegaly/00016415_000.png,1,Cardiomegaly
train,train/Infiltration/00006232_002.png,7,Infiltration
train,train/Cardiomegaly/00001959_000.png,1,Cardiomegaly
train,train/Pneumothorax/00010816_000.png,11,Pneumothorax
train,train/Mass/00017427_000.png,8,Mass
train,train/Infiltration/00010060_018.png,7,Infiltration
train,train/Edema/00020966_006.png,3,Edema
train,train/Pneumonia/00021627_007.png,10,Pneumonia
train,train/Pneumonia/00022329_001.png,10,Pneumonia
train,train/Pneumothorax/00004922_000.png,11,Pneumothorax
train,train/Consolidation/00020385_000.png,2,Consolidation
train,train/Atelectasis/00003841_009.png,0,Atelectasis
train,train/Fibrosis/00001689_005.png,6,Fibrosis
train,train/Mass/00010497_000.png,8,Mass
train,train/Pneumonia/00018996_002.png,10,Pneumonia
train,train/Atelectasis/00000688_000.png,0,Atelectasis
train,train/Fibrosis/00020470_001.png,6,Fibrosis
train,train/Fibrosis/00020471_000.png,6,Fibrosis
train,train/Atelectasis/00018421_002.png,0,Atelectasis
train,train/Infiltration/00013545_002.png,7,Infiltration
train,train/Cardiomegaly/00018013_000.png,1,Cardiomegaly
train,train/Emphysema/00015606_048.png,5,Emphysema
train,train/Emphysema/00021073_005.png,5,Emphysema
train,train/Effusion/00009995_010.png,4,Effusion
train,train/Atelectasis/00018019_009.png,0,Atelectasis
train,train/Pneumonia/00011966_007.png,10,Pneumonia
train,train/Mass/00012184_008.png,8,Mass
train,train/Nodule/00007283_004.png,9,Nodule
train,train/Fibrosis/00005923_000.png,6,Fibrosis
train,train/Emphysema/00009449_001.png,5,Emphysema
train,train/Fibrosis/00002471_000.png,6,Fibrosis
train,train/Emphysema/00025527_005.png,5,Emphysema
train,train/Atelectasis/00010752_008.png,0,Atelectasis
train,train/Pneumonia/00026374_004.png,10,Pneumonia
train,train/Infiltration/00027456_000.png,7,Infiltration
train,train/Emphysema/00030459_001.png,5,Emphysema
train,train/Cardiomegaly/00016589_000.png,1,Cardiomegaly
train,train/Emphysema/00008468_017.png,5,Emphysema
train,train/Infiltration/00027415_053.png,7,Infiltration
train,train/Consolidation/00019176_091.png,2,Consolidation
train,train/Effusion/00010079_001.png,4,Effusion
train,train/Consolidation/00011140_017.png,2,Consolidation
train,train/Mass/00013078_002.png,8,Mass
train,train/Mass/00009273_003.png,8,Mass
train,train/Emphysema/00010279_001.png,5,Emphysema
train,train/Emphysema/00029165_006.png,5,Emphysema
train,train/Emphysema/00009265_001.png,5,Emphysema
train,train/Mass/00017429_005.png,8,Mass
train,train/Emphysema/00007793_000.png,5,Emphysema
train,train/Pneumothorax/00002456_000.png,11,Pneumothorax
train,train/Consolidation/00030152_006.png,2,Consolidation
train,train/Mass/00009764_000.png,8,Mass
train,train/Fibrosis/00012570_000.png,6,Fibrosis
train,train/Infiltration/00006372_005.png,7,Infiltration
train,train/Edema/00018373_003.png,3,Edema
train,train/Cardiomegaly/00004794_000.png,1,Cardiomegaly
train,train/Cardiomegaly/00004182_000.png,1,Cardiomegaly
train,train/Infiltration/00027014_000.png,7,Infiltration
train,train/Pneumothorax/00009149_002.png,11,Pneumothorax
train,train/Fibrosis/00012481_000.png,6,Fibrosis
train,train/Edema/00012863_006.png,3,Edema
train,train/Infiltration/00000478_000.png,7,Infiltration
train,train/Pneumothorax/00020450_004.png,11,Pneumothorax
train,train/Pneumonia/00025075_006.png,10,Pneumonia
train,train/Mass/00021640_000.png,8,Mass
train,train/Pneumonia/00011842_002.png,10,Pneumonia
train,train/Cardiomegaly/00026635_000.png,1,Cardiomegaly
train,train/Pneumothorax/00027831_002.png,11,Pneumothorax
train,train/Edema/00015942_002.png,3,Edema
train,train/Cardiomegaly/00018614_009.png,1,Cardiomegaly
train,train/Consolidation/00025189_017.png,2,Consolidation
train,train/Atelectasis/00020690_001.png,0,Atelectasis
train,train/Fibrosis/00006377_000.png,6,Fibrosis
train,train/Cardiomegaly/00021326_000.png,1,Cardiomegaly
train,train/Emphysema/00006960_006.png,5,Emphysema
train,train/Emphysema/00013005_000.png,5,Emphysema
train,train/Pneumothorax/00021610_025.png,11,Pneumothorax
train,train/Effusion/00011568_003.png,4,Effusion
train,train/Pneumothorax/00002668_005.png,11,Pneumothorax
train,train/Infiltration/00029507_000.png,7,Infiltration
train,train/Atelectasis/00015814_004.png,0,Atelectasis
train,train/Pneumothorax/00010384_013.png,11,Pneumothorax
train,train/Infiltration/00010698_044.png,7,Infiltration
train,train/Pneumonia/00016936_000.png,10,Pneumonia
train,train/Infiltration/00011553_035.png,7,Infiltration
train,train/Emphysema/00001470_000.png,5,Emphysema
train,train/Fibrosis/00012451_001.png,6,Fibrosis
train,train/Fibrosis/00008419_000.png,6,Fibrosis
train,train/Effusion/00010427_004.png,4,Effusion
train,train/Infiltration/00025560_002.png,7,Infiltration
train,train/Mass/00013594_036.png,8,Mass
train,train/Effusion/00016780_004.png,4,Effusion
train,train/Atelectasis/00011679_007.png,0,Atelectasis
train,train/Consolidation/00029207_002.png,2,Consolidation
train,train/Effusion/00008748_004.png,4,Effusion
train,train/Emphysema/00008468_035.png,5,Emphysema
train,train/Emphysema/00002378_003.png,5,Emphysema
train,train/Atelectasis/00026320_001.png,0,Atelectasis
train,train/Pneumothorax/00011553_010.png,11,Pneumothorax
train,train/Atelectasis/00030300_005.png,0,Atelectasis
train,train/Infiltration/00008862_002.png,7,Infiltration
train,train/Effusion/00025839_019.png,4,Effusion
train,train/Consolidation/00006653_019.png,2,Consolidation
train,train/Nodule/00020539_002.png,9,Nodule
train,train/Pneumothorax/00003706_001.png,11,Pneumothorax
train,train/Effusion/00001470_007.png,4,Effusion
train,train/Pneumonia/00008470_008.png,10,Pneumonia
train,train/Fibrosis/00003427_000.png,6,Fibrosis
train,train/Mass/00015173_011.png,8,Mass
train,train/Edema/00027725_044.png,3,Edema
train,train/Nodule/00014771_009.png,9,Nodule
train,train/Effusion/00005759_026.png,4,Effusion
train,train/Infiltration/00018884_002.png,7,Infiltration
train,train/Cardiomegaly/00003817_000.png,1,Cardiomegaly
train,train/Infiltration/00007487_003.png,7,Infiltration
train,train/Infiltration/00015160_023.png,7,Infiltration
train,train/Mass/00005793_002.png,8,Mass
train,train/Consolidation/00025754_003.png,2,Consolidation
train,train/Pneumonia/00019895_002.png,10,Pneumonia
train,train/Edema/00015190_007.png,3,Edema
train,train/Pneumonia/00001749_002.png,10,Pneumonia
train,train/Pneumonia/00010505_018.png,10,Pneumonia
train,train/Effusion/00011543_023.png,4,Effusion
train,train/Effusion/00027853_000.png,4,Effusion
train,train/Fibrosis/00018554_000.png,6,Fibrosis
train,train/Cardiomegaly/00017627_000.png,1,Cardiomegaly
train,train/Consolidation/00010531_081.png,2,Consolidation
train,train/Pneumothorax/00007076_015.png,11,Pneumothorax
train,train/Pneumonia/00007624_024.png,10,Pneumonia
train,train/Edema/00027105_001.png,3,Edema
train,train/Pneumothorax/00029437_004.png,11,Pneumothorax
train,train/Edema/00010693_028.png,3,Edema
train,train/Nodule/00007797_000.png,9,Nodule
train,train/Consolidation/00018237_006.png,2,Consolidation
train,train/Infiltration/00016240_001.png,7,Infiltration
train,train/Edema/00007816_012.png,3,Edema
train,train/Mass/00006308_005.png,8,Mass
train,train/Cardiomegaly/00009636_001.png,1,Cardiomegaly
train,train/Pneumothorax/00026793_008.png,11,Pneumothorax
train,train/Edema/00006978_004.png,3,Edema
train,train/Fibrosis/00000963_009.png,6,Fibrosis
train,train/Pneumothorax/00029244_003.png,11,Pneumothorax
train,train/Effusion/00011380_016.png,4,Effusion
train,train/Nodule/00011720_001.png,9,Nodule
train,train/Infiltration/00002479_002.png,7,Infiltration
train,train/Cardiomegaly/00030173_000.png,1,Cardiomegaly
train,train/Pneumothorax/00011350_002.png,11,Pneumothorax
train,train/Consolidation/00005773_002.png,2,Consolidation
train,train/Cardiomegaly/00027274_000.png,1,Cardiomegaly
train,train/Mass/00007772_001.png,8,Mass
train,train/Cardiomegaly/00003163_001.png,1,Cardiomegaly
train,train/Atelectasis/00002644_018.png,0,Atelectasis
train,train/Edema/00028846_003.png,3,Edema
train,train/Emphysema/00006604_001.png,5,Emphysema
train,train/Infiltration/00009112_000.png,7,Infiltration
train,train/Mass/00016988_001.png,8,Mass
train,train/Emphysema/00010932_001.png,5,Emphysema
train,train/Pneumothorax/00026738_005.png,11,Pneumothorax
train,train/Consolidation/00006480_008.png,2,Consolidation
train,train/Pneumothorax/00012315_023.png,11,Pneumothorax
train,train/Fibrosis/00000407_001.png,6,Fibrosis
train,train/Consolidation/00014423_004.png,2,Consolidation
train,train/Mass/00021487_000.png,8,Mass
train,train/Consolidation/00007157_033.png,2,Consolidation
train,train/Fibrosis/00007966_000.png,6,Fibrosis
train,train/Infiltration/00010456_008.png,7,Infiltration
train,train/Cardiomegaly/00010644_002.png,1,Cardiomegaly
train,train/Infiltration/00000697_010.png,7,Infiltration
train,train/Effusion/00015114_003.png,4,Effusion
train,train/Fibrosis/00005429_000.png,6,Fibrosis
train,train/Effusion/00001650_011.png,4,Effusion
train,train/Fibrosis/00002652_000.png,6,Fibrosis
train,train/Effusion/00018437_002.png,4,Effusion
train,train/Pneumothorax/00014290_001.png,11,Pneumothorax
train,train/Mass/00025825_003.png,8,Mass
train,train/Cardiomegaly/00013457_005.png,1,Cardiomegaly
train,train/Atelectasis/00019550_009.png,0,Atelectasis
train,train/Atelectasis/00002032_004.png,0,Atelectasis
train,train/Pneumonia/00025776_000.png,10,Pneumonia
train,train/Pneumothorax/00021611_000.png,11,Pneumothorax
train,train/Atelectasis/00022975_000.png,0,Atelectasis
train,train/Pneumothorax/00010864_009.png,11,Pneumothorax
train,train/Fibrosis/00008490_004.png,6,Fibrosis
train,train/Pneumonia/00020076_002.png,10,Pneumonia
train,train/Effusion/00017645_016.png,4,Effusion
train,train/Atelectasis/00021584_010.png,0,Atelectasis
train,train/Pneumothorax/00009325_003.png,11,Pneumothorax
train,train/Infiltration/00019814_000.png,7,Infiltration
train,train/Infiltration/00018960_020.png,7,Infiltration
train,train/Cardiomegaly/00002280_003.png,1,Cardiomegaly
train,train/Effusion/00025628_017.png,4,Effusion
train,train/Emphysema/00012213_000.png,5,Emphysema
train,train/Effusion/00018019_021.png,4,Effusion
train,train/Mass/00004519_007.png,8,Mass
train,train/Mass/00011879_000.png,8,Mass
train,train/Consolidation/00006382_005.png,2,Consolidation
train,train/Consolidation/00014019_000.png,2,Consolidation
train,train/Pneumonia/00012733_000.png,10,Pneumonia
train,train/Edema/00016715_011.png,3,Edema
train,train/Mass/00022776_006.png,8,Mass
train,train/Effusion/00007076_022.png,4,Effusion
train,train/Pneumothorax/00003527_000.png,11,Pneumothorax
train,train/Mass/00016830_008.png,8,Mass
train,train/Infiltration/00015809_020.png,7,Infiltration
train,train/Fibrosis/00012449_000.png,6,Fibrosis
train,train/Edema/00017365_005.png,3,Edema
train,train/Cardiomegaly/00017949_000.png,1,Cardiomegaly
train,train/Consolidation/00010270_009.png,2,Consolidation
train,train/Edema/00014298_002.png,3,Edema
train,train/Pneumothorax/00022668_000.png,11,Pneumothorax
train,train/Nodule/00001395_000.png,9,Nodule
train,train/Mass/00015081_000.png,8,Mass
train,train/Atelectasis/00009609_003.png,0,Atelectasis
train,train/Pneumonia/00026729_000.png,10,Pneumonia
train,train/Emphysema/00029155_000.png,5,Emphysema
train,train/Edema/00010824_001.png,3,Edema
train,train/Nodule/00005545_003.png,9,Nodule
train,train/Fibrosis/00006868_005.png,6,Fibrosis
train,train/Nodule/00009117_007.png,9,Nodule
train,train/Pneumothorax/00011967_007.png,11,Pneumothorax
train,train/Pneumothorax/00027547_002.png,11,Pneumothorax
train,train/Atelectasis/00017116_001.png,0,Atelectasis
train,train/Emphysema/00014606_000.png,5,Emphysema
train,train/Edema/00030280_005.png,3,Edema
train,train/Pneumonia/00025583_005.png,10,Pneumonia
train,train/Edema/00025768_007.png,3,Edema
train,train/Consolidation/00005746_004.png,2,Consolidation
train,train/Pneumothorax/00018724_039.png,11,Pneumothorax
train,train/Atelectasis/00030519_001.png,0,Atelectasis
train,train/Atelectasis/00016122_010.png,0,Atelectasis
train,train/Mass/00006938_003.png,8,Mass
train,train/Mass/00027843_001.png,8,Mass
train,train/Nodule/00022336_000.png,9,Nodule
train,train/Mass/00018819_004.png,8,Mass
train,train/Consolidation/00003126_006.png,2,Consolidation
train,train/Emphysema/00019888_001.png,5,Emphysema
train,train/Atelectasis/00004338_011.png,0,Atelectasis
train,train/Fibrosis/00000280_002.png,6,Fibrosis
train,train/Emphysema/00002843_007.png,5,Emphysema
train,train/Fibrosis/00004833_001.png,6,Fibrosis
train,train/Nodule/00019415_001.png,9,Nodule
train,train/Pneumonia/00005032_000.png,10,Pneumonia
train,train/Consolidation/00008793_007.png,2,Consolidation
train,train/Pneumothorax/00026828_019.png,11,Pneumothorax
train,train/Edema/00010509_006.png,3,Edema
train,train/Edema/00012620_007.png,3,Edema
train,train/Nodule/00008692_001.png,9,Nodule
train,train/Atelectasis/00008262_000.png,0,Atelectasis
train,train/Emphysema/00016749_000.png,5,Emphysema
train,train/Cardiomegaly/00003087_001.png,1,Cardiomegaly
train,train/Mass/00004581_003.png,8,Mass
train,train/Pneumothorax/00028606_000.png,11,Pneumothorax
train,train/Fibrosis/00002337_000.png,6,Fibrosis
train,train/Pneumothorax/00020773_006.png,11,Pneumothorax
train,train/Pneumothorax/00014945_003.png,11,Pneumothorax
train,train/Fibrosis/00002604_002.png,6,Fibrosis
train,train/Effusion/00021307_007.png,4,Effusion
train,train/Mass/00000103_000.png,8,Mass
train,train/Pneumothorax/00014306_002.png,11,Pneumothorax
train,train/Pneumothorax/00020773_007.png,11,Pneumothorax
train,train/Emphysema/00025295_002.png,5,Emphysema
train,train/Emphysema/00001583_002.png,5,Emphysema
train,train/Edema/00013937_005.png,3,Edema
train,train/Cardiomegaly/00007393_000.png,1,Cardiomegaly
train,train/Fibrosis/00019522_008.png,6,Fibrosis
train,train/Emphysema/00030541_004.png,5,Emphysema
train,train/Cardiomegaly/00030392_000.png,1,Cardiomegaly
train,train/Infiltration/00021252_004.png,7,Infiltration
train,train/Edema/00020629_009.png,3,Edema
train,train/Pneumothorax/00021976_011.png,11,Pneumothorax
train,train/Infiltration/00004007_027.png,7,Infiltration
train,train/Pneumothorax/00021127_012.png,11,Pneumothorax
train,train/Consolidation/00011436_006.png,2,Consolidation
train,train/Edema/00015028_005.png,3,Edema
train,train/Pneumothorax/00017801_006.png,11,Pneumothorax
train,train/Atelectasis/00020147_010.png,0,Atelectasis
train,train/Edema/00010222_016.png,3,Edema
train,train/Effusion/00017446_002.png,4,Effusion
train,train/Consolidation/00021770_012.png,2,Consolidation
train,train/Mass/00029704_001.png,8,Mass
train,train/Consolidation/00013417_000.png,2,Consolidation
train,train/Emphysema/00012567_000.png,5,Emphysema
train,train/Fibrosis/00011971_001.png,6,Fibrosis
train,train/Pneumonia/00011882_000.png,10,Pneumonia
train,train/Pneumonia/00013678_006.png,10,Pneumonia
train,train/Consolidation/00007867_003.png,2,Consolidation
train,train/Infiltration/00019785_011.png,7,Infiltration
train,train/Fibrosis/00019169_020.png,6,Fibrosis
train,train/Cardiomegaly/00002966_000.png,1,Cardiomegaly
train,train/Infiltration/00017750_002.png,7,Infiltration
train,train/Edema/00020928_014.png,3,Edema
train,train/Cardiomegaly/00012463_000.png,1,Cardiomegaly
train,train/Edema/00013052_004.png,3,Edema
train,train/Pneumonia/00001529_005.png,10,Pneumonia
train,train/Fibrosis/00020798_000.png,6,Fibrosis
train,train/Cardiomegaly/00029108_000.png,1,Cardiomegaly
train,train/Consolidation/00019395_013.png,2,Consolidation
train,train/Fibrosis/00000204_004.png,6,Fibrosis
train,train/Emphysema/00019576_005.png,5,Emphysema
train,train/Nodule/00004436_002.png,9,Nodule
train,train/Nodule/00002451_004.png,9,Nodule
train,train/Effusion/00002081_001.png,4,Effusion
train,train/Consolidation/00008009_025.png,2,Consolidation
train,train/Cardiomegaly/00012250_001.png,1,Cardiomegaly
train,train/Effusion/00005504_009.png,4,Effusion
train,train/Emphysema/00008468_038.png,5,Emphysema
train,train/Mass/00026975_001.png,8,Mass
train,train/Pneumothorax/00014120_003.png,11,Pneumothorax
train,train/Emphysema/00021441_001.png,5,Emphysema
train,train/Atelectasis/00010752_019.png,0,Atelectasis
train,train/Infiltration/00001718_012.png,7,Infiltration
train,train/Mass/00007731_003.png,8,Mass
train,train/Pneumothorax/00002219_006.png,11,Pneumothorax
train,train/Cardiomegaly/00029472_000.png,1,Cardiomegaly
train,train/Pneumothorax/00008473_004.png,11,Pneumothorax
train,train/Atelectasis/00006275_004.png,0,Atelectasis
train,train/Pneumonia/00014647_009.png,10,Pneumonia
train,train/Consolidation/00002425_000.png,2,Consolidation
train,train/Infiltration/00021557_002.png,7,Infiltration
train,train/Effusion/00000963_020.png,4,Effusion
train,train/Pneumothorax/00011454_007.png,11,Pneumothorax
train,train/Nodule/00012047_001.png,9,Nodule
train,train/Mass/00006832_009.png,8,Mass
train,train/Consolidation/00015606_009.png,2,Consolidation
train,train/Consolidation/00003826_002.png,2,Consolidation
train,train/Edema/00004338_003.png,3,Edema
train,train/Pneumonia/00009323_005.png,10,Pneumonia
train,train/Fibrosis/00018782_002.png,6,Fibrosis
train,train/Cardiomegaly/00023768_000.png,1,Cardiomegaly
train,train/Consolidation/00010669_002.png,2,Consolidation
train,train/Edema/00011140_001.png,3,Edema
train,train/Pneumonia/00012297_004.png,10,Pneumonia
train,train/Consolidation/00011553_030.png,2,Consolidation
train,train/Cardiomegaly/00015494_004.png,1,Cardiomegaly
train,train/Edema/00020826_005.png,3,Edema
train,train/Cardiomegaly/00005543_000.png,1,Cardiomegaly
train,train/Nodule/00029589_002.png,9,Nodule
train,train/Pneumothorax/00015582_002.png,11,Pneumothorax
train,train/Mass/00001034_000.png,8,Mass
train,train/Cardiomegaly/00012707_000.png,1,Cardiomegaly
train,train/Atelectasis/00005470_001.png,0,Atelectasis
train,train/Nodule/00004546_000.png,9,Nodule
train,train/Cardiomegaly/00017705_004.png,1,Cardiomegaly
train,train/Fibrosis/00010758_003.png,6,Fibrosis
train,train/Edema/00027322_007.png,3,Edema
train,train/Nodule/00017089_006.png,9,Nodule
train,train/Nodule/00014334_000.png,9,Nodule
train,train/Atelectasis/00021188_011.png,0,Atelectasis
train,train/Cardiomegaly/00013077_005.png,1,Cardiomegaly
train,train/Pneumothorax/00018472_008.png,11,Pneumothorax
train,train/Effusion/00002843_014.png,4,Effusion
train,train/Pneumonia/00005138_009.png,10,Pneumonia
train,train/Consolidation/00004469_003.png,2,Consolidation
train,train/Nodule/00005124_000.png,9,Nodule
train,train/Pneumonia/00002109_000.png,10,Pneumonia
train,train/Effusion/00021565_014.png,4,Effusion
train,train/Pneumonia/00016778_028.png,10,Pneumonia
train,train/Effusion/00025746_005.png,4,Effusion
train,train/Nodule/00027365_000.png,9,Nodule
train,train/Effusion/00015537_006.png,4,Effusion
train,train/Infiltration/00016945_000.png,7,Infiltration
train,train/Mass/00009963_011.png,8,Mass
train,train/Pneumothorax/00029437_001.png,11,Pneumothorax
train,train/Emphysema/00000359_002.png,5,Emphysema
train,train/Emphysema/00004354_000.png,5,Emphysema
train,train/Cardiomegaly/00027334_000.png,1,Cardiomegaly
train,train/Cardiomegaly/00001122_016.png,1,Cardiomegaly
train,train/Emphysema/00011420_007.png,5,Emphysema
train,train/Mass/00013063_001.png,8,Mass
train,train/Nodule/00006323_002.png,9,Nodule
train,train/Emphysema/00014393_000.png,5,Emphysema
train,train/Atelectasis/00021188_010.png,0,Atelectasis
train,train/Effusion/00012043_003.png,4,Effusion
train,train/Infiltration/00018903_007.png,7,Infiltration
train,train/Fibrosis/00022914_003.png,6,Fibrosis
train,train/Edema/00012805_005.png,3,Edema
train,train/Atelectasis/00021565_004.png,0,Atelectasis
train,train/Atelectasis/00000060_000.png,0,Atelectasis
train,train/Nodule/00004519_000.png,9,Nodule
train,train/Infiltration/00028786_000.png,7,Infiltration
train,train/Edema/00002860_003.png,3,Edema
train,train/Pneumonia/00000144_001.png,10,Pneumonia
train,train/Infiltration/00010384_018.png,7,Infiltration
train,train/Cardiomegaly/00005213_000.png,1,Cardiomegaly
train,train/Pneumonia/00003950_002.png,10,Pneumonia
train,train/Emphysema/00029933_000.png,5,Emphysema
train,train/Fibrosis/00000387_001.png,6,Fibrosis
train,train/Consolidation/00020629_010.png,2,Consolidation
train,train/Cardiomegaly/00020181_000.png,1,Cardiomegaly
train,train/Edema/00013641_045.png,3,Edema
train,train/Effusion/00011997_003.png,4,Effusion
train,train/Effusion/00016943_006.png,4,Effusion
train,train/Edema/00029108_002.png,3,Edema
train,train/Nodule/00017795_000.png,9,Nodule
train,train/Nodule/00007454_003.png,9,Nodule
train,train/Atelectasis/00027243_001.png,0,Atelectasis
train,train/Cardiomegaly/00000271_004.png,1,Cardiomegaly
train,train/Edema/00016280_004.png,3,Edema
train,train/Pneumothorax/00017368_008.png,11,Pneumothorax
train,train/Cardiomegaly/00023452_000.png,1,Cardiomegaly
train,train/Pneumothorax/00015244_000.png,11,Pneumothorax
train,train/Consolidation/00021750_007.png,2,Consolidation
train,train/Emphysema/00013592_003.png,5,Emphysema
train,train/Fibrosis/00010042_007.png,6,Fibrosis
train,train/Consolidation/00010698_000.png,2,Consolidation
train,train/Mass/00015214_003.png,8,Mass
train,train/Consolidation/00009727_041.png,2,Consolidation
train,train/Infiltration/00017044_004.png,7,Infiltration
train,train/Nodule/00002111_014.png,9,Nodule
train,train/Emphysema/00005811_001.png,5,Emphysema
train,train/Fibrosis/00011493_004.png,6,Fibrosis
train,train/Atelectasis/00010758_007.png,0,Atelectasis
train,train/Effusion/00028109_003.png,4,Effusion
train,train/Pneumothorax/00022651_015.png,11,Pneumothorax
train,train/Emphysema/00007597_003.png,5,Emphysema
train,train/Consolidation/00007437_000.png,2,Consolidation
train,train/Edema/00001601_006.png,3,Edema
train,train/Infiltration/00001122_018.png,7,Infiltration
train,train/Cardiomegaly/00009826_001.png,1,Cardiomegaly
train,train/Consolidation/00029213_001.png,2,Consolidation
train,train/Pneumothorax/00028211_008.png,11,Pneumothorax
train,train/Atelectasis/00015658_016.png,0,Atelectasis
train,train/Pneumothorax/00017046_013.png,11,Pneumothorax
train,train/Pneumonia/00016825_000.png,10,Pneumonia
train,train/Effusion/00004123_005.png,4,Effusion
train,train/Cardiomegaly/00016361_000.png,1,Cardiomegaly
train,train/Pneumonia/00003248_007.png,10,Pneumonia
train,train/Cardiomegaly/00018161_000.png,1,Cardiomegaly
train,train/Mass/00021539_001.png,8,Mass
train,train/Pneumothorax/00008465_006.png,11,Pneumothorax
train,train/Effusion/00006850_014.png,4,Effusion
train,train/Nodule/00010780_014.png,9,Nodule
train,train/Cardiomegaly/00028871_001.png,1,Cardiomegaly
train,train/Infiltration/00021552_007.png,7,Infiltration
train,train/Effusion/00008622_000.png,4,Effusion
train,train/Nodule/00013078_007.png,9,Nodule
train,train/Mass/00019545_000.png,8,Mass
train,train/Infiltration/00017556_008.png,7,Infiltration
train,train/Edema/00027061_000.png,3,Edema
train,train/Fibrosis/00008806_001.png,6,Fibrosis
train,train/Atelectasis/00009611_003.png,0,Atelectasis
train,train/Atelectasis/00010613_007.png,0,Atelectasis
train,train/Effusion/00017168_001.png,4,Effusion
train,train/Nodule/00014579_000.png,9,Nodule
train,train/Consolidation/00017793_000.png,2,Consolidation
train,train/Nodule/00012339_000.png,9,Nodule
train,train/Pneumothorax/00018117_013.png,11,Pneumothorax
train,train/Emphysema/00007806_004.png,5,Emphysema
train,train/Fibrosis/00012543_005.png,6,Fibrosis
train,train/Mass/00017846_003.png,8,Mass
train,train/Pneumothorax/00027092_002.png,11,Pneumothorax
train,train/Pneumothorax/00016772_011.png,11,Pneumothorax
train,train/Fibrosis/00020930_000.png,6,Fibrosis
train,train/Nodule/00014274_008.png,9,Nodule
train,train/Effusion/00011279_002.png,4,Effusion
train,train/Emphysema/00018524_001.png,5,Emphysema
train,train/Mass/00005460_001.png,8,Mass
train,train/Pneumothorax/00018011_002.png,11,Pneumothorax
train,train/Infiltration/00010101_002.png,7,Infiltration
train,train/Fibrosis/00015122_003.png,6,Fibrosis
train,train/Nodule/00006411_014.png,9,Nodule
train,train/Emphysema/00007559_001.png,5,Emphysema
train,train/Effusion/00007534_011.png,4,Effusion
train,train/Atelectasis/00011328_002.png,0,Atelectasis
train,train/Atelectasis/00012562_007.png,0,Atelectasis
train,train/Effusion/00011380_015.png,4,Effusion
train,train/Consolidation/00014320_056.png,2,Consolidation
train,train/Pneumonia/00018198_004.png,10,Pneumonia
train,train/Pneumothorax/00009755_001.png,11,Pneumothorax
train,train/Emphysema/00008271_000.png,5,Emphysema
train,train/Mass/00016097_000.png,8,Mass
train,train/Effusion/00006970_007.png,4,Effusion
train,train/Effusion/00004080_001.png,4,Effusion
train,train/Fibrosis/00013842_000.png,6,Fibrosis
train,train/Emphysema/00001701_004.png,5,Emphysema
train,train/Edema/00013641_006.png,3,Edema
train,train/Fibrosis/00001992_004.png,6,Fibrosis
train,train/Consolidation/00006248_002.png,2,Consolidation
train,train/Atelectasis/00015338_023.png,0,Atelectasis
train,train/Emphysema/00019935_005.png,5,Emphysema
train,train/Consolidation/00005026_003.png,2,Consolidation
train,train/Mass/00014851_000.png,8,Mass
train,train/Nodule/00016561_002.png,9,Nodule
train,train/Fibrosis/00015087_004.png,6,Fibrosis
train,train/Edema/00011711_007.png,3,Edema
train,train/Atelectasis/00012392_002.png,0,Atelectasis
train,train/Nodule/00002885_003.png,9,Nodule
train,train/Pneumonia/00011147_000.png,10,Pneumonia
train,train/Pneumonia/00010509_003.png,10,Pneumonia
train,train/Pneumothorax/00014265_007.png,11,Pneumothorax
train,train/Atelectasis/00005372_001.png,0,Atelectasis
train,train/Consolidation/00000798_024.png,2,Consolidation
train,train/Pneumothorax/00010548_000.png,11,Pneumothorax
train,train/Pneumonia/00000310_001.png,10,Pneumonia
train,train/Cardiomegaly/00029876_002.png,1,Cardiomegaly
train,train/Mass/00012502_001.png,8,Mass
train,train/Atelectasis/00022975_002.png,0,Atelectasis
train,train/Infiltration/00018804_001.png,7,Infiltration
train,train/Edema/00013849_009.png,3,Edema
train,train/Emphysema/00007683_005.png,5,Emphysema
train,train/Fibrosis/00007594_000.png,6,Fibrosis
train,train/Emphysema/00013216_007.png,5,Emphysema
train,train/Infiltration/00028601_004.png,7,Infiltration
train,train/Atelectasis/00007773_003.png,0,Atelectasis
train,train/Mass/00014320_018.png,8,Mass
train,train/Consolidation/00011251_009.png,2,Consolidation
train,train/Consolidation/00017588_000.png,2,Consolidation
train,train/Pneumonia/00000061_015.png,10,Pneumonia
train,train/Nodule/00003423_001.png,9,Nodule
train,train/Pneumothorax/00001397_012.png,11,Pneumothorax
train,train/Pneumonia/00019962_002.png,10,Pneumonia
train,train/Mass/00006113_002.png,8,Mass
train,train/Atelectasis/00004411_000.png,0,Atelectasis
train,train/Cardiomegaly/00023158_000.png,1,Cardiomegaly
train,train/Pneumothorax/00018224_015.png,11,Pneumothorax
train,train/Cardiomegaly/00011949_000.png,1,Cardiomegaly
train,train/Emphysema/00001233_000.png,5,Emphysema
train,train/Pneumonia/00025421_001.png,10,Pneumonia
train,train/Pneumothorax/00007056_007.png,11,Pneumothorax
train,train/Mass/00006687_002.png,8,Mass
train,train/Emphysema/00006817_001.png,5,Emphysema
train,train/Pneumonia/00000893_000.png,10,Pneumonia
train,train/Mass/00001615_001.png,8,Mass
train,train/Pneumothorax/00016052_013.png,11,Pneumothorax
train,train/Pneumothorax/00027066_008.png,11,Pneumothorax
train,train/Effusion/00011478_005.png,4,Effusion
train,train/Atelectasis/00026713_013.png,0,Atelectasis
train,train/Cardiomegaly/00004746_004.png,1,Cardiomegaly
train,train/Fibrosis/00000571_005.png,6,Fibrosis
train,train/Cardiomegaly/00029677_000.png,1,Cardiomegaly
train,train/Edema/00013937_004.png,3,Edema
train,train/Cardiomegaly/00020042_006.png,1,Cardiomegaly
train,train/Mass/00002361_006.png,8,Mass
train,train/Effusion/00000127_007.png,4,Effusion
train,train/Consolidation/00010695_005.png,2,Consolidation
train,train/Pneumonia/00021243_001.png,10,Pneumonia
train,train/Cardiomegaly/00016034_003.png,1,Cardiomegaly
train,train/Infiltration/00011794_005.png,7,Infiltration
train,train/Effusion/00022888_003.png,4,Effusion
train,train/Effusion/00006044_008.png,4,Effusion
train,train/Cardiomegaly/00000837_000.png,1,Cardiomegaly
train,train/Cardiomegaly/00010531_037.png,1,Cardiomegaly
train,train/Edema/00006381_026.png,3,Edema
train,train/Atelectasis/00012549_008.png,0,Atelectasis
train,train/Fibrosis/00001896_002.png,6,Fibrosis
train,train/Consolidation/00013849_013.png,2,Consolidation
train,train/Fibrosis/00009445_004.png,6,Fibrosis
train,train/Pneumothorax/00000491_011.png,11,Pneumothorax
train,train/Edema/00027355_009.png,3,Edema
train,train/Cardiomegaly/00029358_016.png,1,Cardiomegaly
train,train/Effusion/00028725_001.png,4,Effusion
train,train/Atelectasis/00012762_000.png,0,Atelectasis
train,train/Edema/00015193_006.png,3,Edema
train,train/Nodule/00007160_004.png,9,Nodule
train,train/Infiltration/00000947_004.png,7,Infiltration
train,train/Emphysema/00030561_003.png,5,Emphysema
train,train/Consolidation/00025412_000.png,2,Consolidation
train,train/Infiltration/00011632_006.png,7,Infiltration
train,train/Pneumothorax/00009736_014.png,11,Pneumothorax
train,train/Emphysema/00012960_002.png,5,Emphysema
train,train/Emphysema/00002718_001.png,5,Emphysema
train,train/Effusion/00021441_004.png,4,Effusion
train,train/Mass/00009654_000.png,8,Mass
train,train/Infiltration/00007514_010.png,7,Infiltration
train,train/Cardiomegaly/00000240_000.png,1,Cardiomegaly
train,train/Cardiomegaly/00010994_004.png,1,Cardiomegaly
train,train/Edema/00015075_004.png,3,Edema
train,train/Infiltration/00018186_012.png,7,Infiltration
train,train/Cardiomegaly/00010638_001.png,1,Cardiomegaly
train,train/Nodule/00007506_004.png,9,Nodule
train,train/Mass/00020027_000.png,8,Mass
train,train/Effusion/00018513_005.png,4,Effusion
train,train/Consolidation/00008922_025.png,2,Consolidation
train,train/Mass/00001017_000.png,8,Mass
train,train/Emphysema/00010695_010.png,5,Emphysema
train,train/Edema/00011122_004.png,3,Edema
train,train/Mass/00006767_000.png,8,Mass
train,train/Edema/00016167_008.png,3,Edema
train,train/Effusion/00012511_005.png,4,Effusion
train,train/Fibrosis/00016413_001.png,6,Fibrosis
train,train/Consolidation/00002413_005.png,2,Consolidation
train,train/Mass/00020351_000.png,8,Mass
train,train/Mass/00011901_000.png,8,Mass
train,train/Consolidation/00010357_003.png,2,Consolidation
train,train/Atelectasis/00029863_005.png,0,Atelectasis
train,train/Nodule/00006197_001.png,9,Nodule
train,train/Edema/00001684_004.png,3,Edema
train,train/Cardiomegaly/00000075_001.png,1,Cardiomegaly
train,train/Emphysema/00029877_002.png,5,Emphysema
train,train/Effusion/00018918_003.png,4,Effusion
train,train/Atelectasis/00007558_017.png,0,Atelectasis
train,train/Nodule/00022591_000.png,9,Nodule
train,train/Cardiomegaly/00026734_000.png,1,Cardiomegaly
train,train/Infiltration/00010032_008.png,7,Infiltration
train,train/Cardiomegaly/00011235_003.png,1,Cardiomegaly
train,train/Edema/00018895_000.png,3,Edema
train,train/Pneumonia/00015826_036.png,10,Pneumonia
train,train/Pneumonia/00013818_000.png,10,Pneumonia
train,train/Fibrosis/00005228_001.png,6,Fibrosis
train,train/Nodule/00020085_007.png,9,Nodule
train,train/Cardiomegaly/00006894_000.png,1,Cardiomegaly
train,train/Consolidation/00002625_001.png,2,Consolidation
train,train/Edema/00022442_001.png,3,Edema
train,train/Mass/00018748_000.png,8,Mass
train,train/Cardiomegaly/00006875_007.png,1,Cardiomegaly
train,train/Consolidation/00018084_000.png,2,Consolidation
train,train/Nodule/00022374_003.png,9,Nodule
train,train/Edema/00004659_000.png,3,Edema
train,train/Fibrosis/00003022_000.png,6,Fibrosis
train,train/Fibrosis/00026849_003.png,6,Fibrosis
train,train/Emphysema/00008468_044.png,5,Emphysema
train,train/Fibrosis/00007571_000.png,6,Fibrosis
train,train/Cardiomegaly/00030544_000.png,1,Cardiomegaly
train,train/Edema/00021942_006.png,3,Edema
train,train/Effusion/00028612_002.png,4,Effusion
train,train/Infiltration/00015869_015.png,7,Infiltration
train,train/Consolidation/00001271_001.png,2,Consolidation
train,train/Pneumothorax/00002796_000.png,11,Pneumothorax
train,train/Consolidation/00014463_000.png,2,Consolidation
train,train/Cardiomegaly/00012845_001.png,1,Cardiomegaly
train,train/Fibrosis/00009319_000.png,6,Fibrosis
train,train/Pneumothorax/00005403_001.png,11,Pneumothorax
train,train/Effusion/00028871_005.png,4,Effusion
train,train/Nodule/00009185_001.png,9,Nodule
train,train/Fibrosis/00017189_000.png,6,Fibrosis
train,train/Atelectasis/00004096_000.png,0,Atelectasis
train,train/Pneumothorax/00018225_003.png,11,Pneumothorax
train,train/Emphysema/00007166_001.png,5,Emphysema
train,train/Emphysema/00001929_000.png,5,Emphysema
train,train/Atelectasis/00006130_000.png,0,Atelectasis
train,train/Cardiomegaly/00029373_000.png,1,Cardiomegaly
train,train/Nodule/00006960_007.png,9,Nodule
train,train/Pneumonia/00017659_000.png,10,Pneumonia
train,train/Consolidation/00001301_029.png,2,Consolidation
train,train/Fibrosis/00003045_002.png,6,Fibrosis
train,train/Infiltration/00000586_001.png,7,Infiltration
train,train/Cardiomegaly/00010177_000.png,1,Cardiomegaly
train,train/Pneumonia/00014234_000.png,10,Pneumonia
train,train/Infiltration/00026876_002.png,7,Infiltration
train,train/Pneumonia/00028301_000.png,10,Pneumonia
train,train/Consolidation/00021182_003.png,2,Consolidation
train,train/Pneumothorax/00002206_009.png,11,Pneumothorax
train,train/Nodule/00002756_011.png,9,Nodule
train,train/Emphysema/00001428_000.png,5,Emphysema
train,train/Edema/00017800_007.png,3,Edema
train,train/Pneumothorax/00015118_002.png,11,Pneumothorax
train,train/Effusion/00012628_027.png,4,Effusion
train,train/Emphysema/00013684_002.png,5,Emphysema
train,train/Cardiomegaly/00030276_000.png,1,Cardiomegaly
train,train/Pneumonia/00013070_000.png,10,Pneumonia
train,train/Pneumothorax/00023258_000.png,11,Pneumothorax
train,train/Pneumonia/00026908_002.png,10,Pneumonia
train,train/Fibrosis/00004875_000.png,6,Fibrosis
train,train/Atelectasis/00014955_000.png,0,Atelectasis
train,train/Edema/00004992_015.png,3,Edema
train,train/Effusion/00020204_005.png,4,Effusion
train,train/Infiltration/00007862_006.png,7,Infiltration
train,train/Nodule/00005417_000.png,9,Nodule
train,train/Cardiomegaly/00005689_000.png,1,Cardiomegaly
train,train/Pneumothorax/00001894_002.png,11,Pneumothorax
train,train/Infiltration/00019405_001.png,7,Infiltration
train,train/Infiltration/00025146_001.png,7,Infiltration
train,train/Atelectasis/00020312_007.png,0,Atelectasis
train,train/Pneumothorax/00005354_002.png,11,Pneumothorax
train,train/Fibrosis/00002820_000.png,6,Fibrosis
train,train/Mass/00015131_000.png,8,Mass
train,train/Edema/00016821_008.png,3,Edema
train,train/Pneumothorax/00016772_024.png,11,Pneumothorax
train,train/Emphysema/00011343_000.png,5,Emphysema
train,train/Pneumonia/00018960_023.png,10,Pneumonia
train,train/Atelectasis/00002156_001.png,0,Atelectasis
train,train/Nodule/00029844_001.png,9,Nodule
train,train/Edema/00013641_003.png,3,Edema
train,train/Pneumonia/00014414_007.png,10,Pneumonia
train,train/Effusion/00030152_008.png,4,Effusion
train,train/Pneumonia/00003053_007.png,10,Pneumonia
train,train/Consolidation/00008962_001.png,2,Consolidation
train,train/Consolidation/00015041_016.png,2,Consolidation
train,train/Pneumonia/00003426_017.png,10,Pneumonia
train,train/Cardiomegaly/00009174_000.png,1,Cardiomegaly
train,train/Edema/00028803_002.png,3,Edema
train,train/Mass/00013931_005.png,8,Mass
train,train/Edema/00014904_003.png,3,Edema
train,train/Nodule/00010348_000.png,9,Nodule
train,train/Fibrosis/00014809_021.png,6,Fibrosis
train,train/Cardiomegaly/00021373_010.png,1,Cardiomegaly
train,train/Consolidation/00025932_001.png,2,Consolidation
train,train/Nodule/00005218_023.png,9,Nodule
train,train/Infiltration/00008257_000.png,7,Infiltration
train,train/Consolidation/00030167_001.png,2,Consolidation
train,train/Atelectasis/00012266_003.png,0,Atelectasis
train,train/Pneumonia/00026938_000.png,10,Pneumonia
train,train/Pneumonia/00001906_004.png,10,Pneumonia
train,train/Edema/00011959_009.png,3,Edema
train,train/Pneumonia/00028076_000.png,10,Pneumonia
train,train/Pneumothorax/00003468_001.png,11,Pneumothorax
train,train/Pneumonia/00015338_015.png,10,Pneumonia
train,train/Edema/00013941_002.png,3,Edema
train,train/Pneumothorax/00012687_003.png,11,Pneumothorax
train,train/Emphysema/00016821_001.png,5,Emphysema
train,train/Cardiomegaly/00013876_007.png,1,Cardiomegaly
train,train/Edema/00018724_014.png,3,Edema
train,train/Effusion/00021218_000.png,4,Effusion
train,train/Cardiomegaly/00001022_001.png,1,Cardiomegaly
train,train/Cardiomegaly/00006875_022.png,1,Cardiomegaly
train,train/Pneumothorax/00029514_010.png,11,Pneumothorax
train,train/Effusion/00025691_004.png,4,Effusion
train,train/Fibrosis/00012778_000.png,6,Fibrosis
train,train/Cardiomegaly/00029043_002.png,1,Cardiomegaly
train,train/Consolidation/00028939_009.png,2,Consolidation
train,train/Infiltration/00025029_000.png,7,Infiltration
train,train/Consolidation/00019299_012.png,2,Consolidation
train,train/Pneumothorax/00028544_017.png,11,Pneumothorax
train,train/Nodule/00003126_016.png,9,Nodule
train,train/Consolidation/00013055_002.png,2,Consolidation
train,train/Pneumothorax/00017046_008.png,11,Pneumothorax
train,train/Edema/00013085_000.png,3,Edema
train,train/Mass/00016871_001.png,8,Mass
train,train/Effusion/00002386_009.png,4,Effusion
train,train/Mass/00028582_002.png,8,Mass
train,train/Effusion/00006000_012.png,4,Effusion
train,train/Infiltration/00021077_000.png,7,Infiltration
train,train/Emphysema/00005175_006.png,5,Emphysema
train,train/Nodule/00025595_000.png,9,Nodule
train,train/Pneumothorax/00025096_000.png,11,Pneumothorax
train,train/Pneumothorax/00020458_021.png,11,Pneumothorax
train,train/Infiltration/00000115_001.png,7,Infiltration
train,train/Nodule/00019166_000.png,9,Nodule
train,train/Consolidation/00030497_006.png,2,Consolidation
train,train/Consolidation/00008369_000.png,2,Consolidation
train,train/Emphysema/00022633_000.png,5,Emphysema
train,train/Effusion/00000591_002.png,4,Effusion
train,train/Cardiomegaly/00013415_000.png,1,Cardiomegaly
train,train/Pneumonia/00000261_002.png,10,Pneumonia
train,train/Emphysema/00009011_000.png,5,Emphysema
train,train/Effusion/00003554_001.png,4,Effusion
train,train/Pneumonia/00027775_004.png,10,Pneumonia
train,train/Edema/00013447_011.png,3,Edema
train,train/Atelectasis/00012681_045.png,0,Atelectasis
train,train/Infiltration/00014414_016.png,7,Infiltration
train,train/Edema/00011859_016.png,3,Edema
train,train/Pneumonia/00013611_001.png,10,Pneumonia
train,train/Nodule/00006952_005.png,9,Nodule
train,train/Cardiomegaly/00011140_015.png,1,Cardiomegaly
train,train/Effusion/00015417_000.png,4,Effusion
train,train/Cardiomegaly/00018465_000.png,1,Cardiomegaly
train,train/Atelectasis/00009278_000.png,0,Atelectasis
train,train/Pneumothorax/00027050_002.png,11,Pneumothorax
train,train/Pneumonia/00026179_003.png,10,Pneumonia
train,train/Infiltration/00011966_018.png,7,Infiltration
train,train/Infiltration/00028193_000.png,7,Infiltration
train,train/Nodule/00015506_000.png,9,Nodule
train,train/Infiltration/00009648_000.png,7,Infiltration
train,train/Edema/00011122_006.png,3,Edema
train,train/Nodule/00010746_000.png,9,Nodule
train,train/Emphysema/00003434_000.png,5,Emphysema
train,train/Fibrosis/00012316_000.png,6,Fibrosis
train,train/Effusion/00014320_053.png,4,Effusion
train,train/Emphysema/00013620_010.png,5,Emphysema
train,train/Atelectasis/00021162_001.png,0,Atelectasis
train,train/Atelectasis/00019610_009.png,0,Atelectasis
train,train/Atelectasis/00025119_004.png,0,Atelectasis
train,train/Consolidation/00029672_010.png,2,Consolidation
train,train/Atelectasis/00002491_003.png,0,Atelectasis
train,train/Nodule/00014567_003.png,9,Nodule
train,train/Atelectasis/00000441_000.png,0,Atelectasis
train,train/Cardiomegaly/00030490_000.png,1,Cardiomegaly
train,train/Infiltration/00004327_002.png,7,Infiltration
train,train/Consolidation/00004917_008.png,2,Consolidation
train,train/Effusion/00027465_006.png,4,Effusion
train,train/Consolidation/00023296_003.png,2,Consolidation
train,train/Edema/00011632_002.png,3,Edema
train,train/Mass/00008907_000.png,8,Mass
train,train/Atelectasis/00016354_002.png,0,Atelectasis
train,train/Nodule/00008259_001.png,9,Nodule
train,train/Nodule/00002668_006.png,9,Nodule
train,train/Mass/00015147_005.png,8,Mass
train,train/Consolidation/00017541_019.png,2,Consolidation
train,train/Fibrosis/00002022_004.png,6,Fibrosis
train,train/Emphysema/00003122_000.png,5,Emphysema
train,train/Effusion/00028715_001.png,4,Effusion
train,train/Emphysema/00019894_007.png,5,Emphysema
train,train/Fibrosis/00010914_010.png,6,Fibrosis
train,train/Effusion/00008905_000.png,4,Effusion
train,train/Fibrosis/00000224_000.png,6,Fibrosis
train,train/Pneumothorax/00028961_001.png,11,Pneumothorax
train,train/Pneumonia/00016205_000.png,10,Pneumonia
train,train/Effusion/00000372_012.png,4,Effusion
train,train/Pneumonia/00017652_000.png,10,Pneumonia
train,train/Atelectasis/00007534_012.png,0,Atelectasis
train,train/Fibrosis/00012437_000.png,6,Fibrosis
train,train/Atelectasis/00027361_001.png,0,Atelectasis
train,train/Cardiomegaly/00004556_001.png,1,Cardiomegaly
train,train/Atelectasis/00012616_005.png,0,Atelectasis
train,train/Fibrosis/00002796_001.png,6,Fibrosis
train,train/Infiltration/00016348_001.png,7,Infiltration
train,train/Pneumonia/00010544_007.png,10,Pneumonia
train,train/Cardiomegaly/00010968_000.png,1,Cardiomegaly
train,train/Pneumonia/00011553_007.png,10,Pneumonia
train,train/Infiltration/00026963_030.png,7,Infiltration
train,train/Consolidation/00011798_000.png,2,Consolidation
train,train/Cardiomegaly/00012381_003.png,1,Cardiomegaly
train,train/Edema/00020826_006.png,3,Edema
train,train/Emphysema/00000340_003.png,5,Emphysema
train,train/Cardiomegaly/00000008_000.png,1,Cardiomegaly
train,train/Infiltration/00002072_009.png,7,Infiltration
train,train/Infiltration/00019460_000.png,7,Infiltration
train,train/Atelectasis/00009600_015.png,0,Atelectasis
train,train/Pneumonia/00006289_005.png,10,Pneumonia
train,train/Effusion/00005493_001.png,4,Effusion
train,train/Effusion/00025628_014.png,4,Effusion
train,train/Emphysema/00014571_015.png,5,Emphysema
train,train/Fibrosis/00002042_002.png,6,Fibrosis
train,train/Nodule/00027415_029.png,9,Nodule
train,train/Pneumonia/00028874_003.png,10,Pneumonia
train,train/Mass/00010032_000.png,8,Mass
train,train/Pneumothorax/00008477_001.png,11,Pneumothorax
train,train/Fibrosis/00027729_000.png,6,Fibrosis
train,train/Emphysema/00020450_019.png,5,Emphysema
train,train/Consolidation/00021808_002.png,2,Consolidation
train,train/Cardiomegaly/00003283_000.png,1,Cardiomegaly
train,train/Emphysema/00028958_003.png,5,Emphysema
train,train/Emphysema/00012648_005.png,5,Emphysema
train,train/Pneumothorax/00008230_020.png,11,Pneumothorax
train,train/Pneumonia/00026806_000.png,10,Pneumonia
train,train/Nodule/00015851_000.png,9,Nodule
train,train/Effusion/00014930_001.png,4,Effusion
train,train/Pneumothorax/00021651_006.png,11,Pneumothorax
train,train/Pneumothorax/00011752_003.png,11,Pneumothorax
train,train/Mass/00017685_005.png,8,Mass
train,train/Pneumothorax/00004517_004.png,11,Pneumothorax
train,train/Edema/00011122_003.png,3,Edema
train,train/Infiltration/00013946_005.png,7,Infiltration
train,train/Pneumothorax/00014129_013.png,11,Pneumothorax
train,train/Pneumothorax/00004517_005.png,11,Pneumothorax
train,train/Emphysema/00000289_007.png,5,Emphysema
train,train/Pneumothorax/00016932_000.png,11,Pneumothorax
train,train/Nodule/00018918_000.png,9,Nodule
train,train/Pneumothorax/00008009_017.png,11,Pneumothorax
train,train/Mass/00017050_000.png,8,Mass
train,train/Edema/00018126_015.png,3,Edema
train,train/Pneumothorax/00001029_002.png,11,Pneumothorax
train,train/Edema/00016376_012.png,3,Edema
train,train/Pneumothorax/00008663_006.png,11,Pneumothorax
train,train/Cardiomegaly/00005641_003.png,1,Cardiomegaly
train,train/Effusion/00001470_006.png,4,Effusion
train,train/Pneumonia/00018525_000.png,10,Pneumonia
train,train/Effusion/00003393_009.png,4,Effusion
train,train/Nodule/00008897_002.png,9,Nodule
train,train/Consolidation/00002048_013.png,2,Consolidation
train,train/Pneumothorax/00025800_004.png,11,Pneumothorax
train,train/Pneumothorax/00005539_009.png,11,Pneumothorax
train,train/Nodule/00007391_000.png,9,Nodule
train,train/Fibrosis/00014320_047.png,6,Fibrosis
train,train/Atelectasis/00023128_020.png,0,Atelectasis
train,train/Edema/00011587_006.png,3,Edema
train,train/Effusion/00005556_009.png,4,Effusion
train,train/Nodule/00027480_000.png,9,Nodule
train,train/Mass/00012007_002.png,8,Mass
train,train/Cardiomegaly/00029665_000.png,1,Cardiomegaly
train,train/Atelectasis/00017554_002.png,0,Atelectasis
train,train/Fibrosis/00023332_000.png,6,Fibrosis
train,train/Pneumonia/00014201_008.png,10,Pneumonia
train,train/Emphysema/00006138_006.png,5,Emphysema
train,train/Mass/00005110_005.png,8,Mass
train,train/Pneumonia/00022965_004.png,10,Pneumonia
train,train/Mass/00006678_000.png,8,Mass
train,train/Pneumothorax/00020458_019.png,11,Pneumothorax
train,train/Pneumonia/00016991_002.png,10,Pneumonia
train,train/Atelectasis/00030695_001.png,0,Atelectasis
train,train/Mass/00030594_000.png,8,Mass
train,train/Consolidation/00021693_000.png,2,Consolidation
train,train/Nodule/00015679_003.png,9,Nodule
train,train/Edema/00018972_049.png,3,Edema
train,train/Atelectasis/00006299_000.png,0,Atelectasis
train,train/Edema/00009876_002.png,3,Edema
train,train/Effusion/00010992_007.png,4,Effusion
train,train/Infiltration/00017210_000.png,7,Infiltration
train,train/Atelectasis/00027618_000.png,0,Atelectasis
train,train/Edema/00018972_057.png,3,Edema
train,train/Emphysema/00010077_008.png,5,Emphysema
train,train/Nodule/00003393_025.png,9,Nodule
train,train/Atelectasis/00027320_001.png,0,Atelectasis
train,train/Pneumonia/00020171_000.png,10,Pneumonia
train,train/Emphysema/00021808_005.png,5,Emphysema
train,train/Mass/00007416_001.png,8,Mass
train,train/Consolidation/00003329_001.png,2,Consolidation
train,train/Emphysema/00008468_064.png,5,Emphysema
train,train/Emphysema/00002041_000.png,5,Emphysema
train,train/Infiltration/00026421_000.png,7,Infiltration
train,train/Cardiomegaly/00019321_000.png,1,Cardiomegaly
train,train/Pneumothorax/00002757_001.png,11,Pneumothorax
train,train/Nodule/00029470_014.png,9,Nodule
train,train/Pneumothorax/00022818_002.png,11,Pneumothorax
train,train/Cardiomegaly/00029766_000.png,1,Cardiomegaly
train,train/Mass/00011835_000.png,8,Mass
train,train/Consolidation/00029562_000.png,2,Consolidation
train,train/Mass/00008964_003.png,8,Mass
train,train/Pneumonia/00013662_005.png,10,Pneumonia
train,train/Nodule/00011723_027.png,9,Nodule
train,train/Edema/00019407_003.png,3,Edema
train,train/Consolidation/00025600_003.png,2,Consolidation
train,train/Cardiomegaly/00011010_011.png,1,Cardiomegaly
train,train/Infiltration/00019650_004.png,7,Infiltration
train,train/Mass/00021112_001.png,8,Mass
train,train/Nodule/00017089_007.png,9,Nodule
train,train/Edema/00021970_003.png,3,Edema
train,train/Pneumonia/00025624_000.png,10,Pneumonia
train,train/Infiltration/00028434_000.png,7,Infiltration
train,train/Consolidation/00012659_018.png,2,Consolidation
train,train/Nodule/00028601_000.png,9,Nodule
train,train/Effusion/00020513_017.png,4,Effusion
train,train/Fibrosis/00004065_001.png,6,Fibrosis
train,train/Pneumonia/00022156_007.png,10,Pneumonia
train,train/Infiltration/00028523_016.png,7,Infiltration
train,train/Effusion/00017656_001.png,4,Effusion
train,train/Nodule/00004436_000.png,9,Nodule
train,train/Infiltration/00003392_049.png,7,Infiltration
train,train/Emphysema/00009132_000.png,5,Emphysema
train,train/Emphysema/00000009_000.png,5,Emphysema
train,train/Fibrosis/00005711_002.png,6,Fibrosis
train,train/Cardiomegaly/00017688_000.png,1,Cardiomegaly
train,train/Effusion/00008613_011.png,4,Effusion
train,train/Cardiomegaly/00001086_000.png,1,Cardiomegaly
train,train/Edema/00010427_002.png,3,Edema
train,train/Mass/00002361_002.png,8,Mass
train,train/Consolidation/00013938_000.png,2,Consolidation
train,train/Effusion/00006996_006.png,4,Effusion
train,train/Nodule/00003503_002.png,9,Nodule
train,train/Consolidation/00024340_000.png,2,Consolidation
train,train/Nodule/00027491_000.png,9,Nodule
train,train/Fibrosis/00006505_000.png,6,Fibrosis
train,train/Consolidation/00021835_032.png,2,Consolidation
train,train/Consolidation/00013457_000.png,2,Consolidation
train,train/Nodule/00010592_000.png,9,Nodule
train,train/Cardiomegaly/00018181_001.png,1,Cardiomegaly
train,train/Nodule/00009723_000.png,9,Nodule
train,train/Mass/00015915_000.png,8,Mass
train,train/Emphysema/00007618_000.png,5,Emphysema
train,train/Nodule/00002099_000.png,9,Nodule
train,train/Infiltration/00023408_000.png,7,Infiltration
train,train/Consolidation/00025746_012.png,2,Consolidation
train,train/Atelectasis/00017126_002.png,0,Atelectasis
train,train/Mass/00019531_000.png,8,Mass
train,train/Nodule/00014039_000.png,9,Nodule
train,train/Emphysema/00004040_003.png,5,Emphysema
train,train/Fibrosis/00003647_007.png,6,Fibrosis
train,train/Pneumonia/00010773_017.png,10,Pneumonia
train,train/Effusion/00028588_000.png,4,Effusion
train,train/Pneumothorax/00029235_007.png,11,Pneumothorax
train,train/Infiltration/00012286_001.png,7,Infiltration
train,train/Consolidation/00006541_001.png,2,Consolidation
train,train/Cardiomegaly/00020063_000.png,1,Cardiomegaly
train,train/Fibrosis/00001205_008.png,6,Fibrosis
train,train/Cardiomegaly/00015166_000.png,1,Cardiomegaly
train,train/Emphysema/00008594_005.png,5,Emphysema
train,train/Mass/00015754_000.png,8,Mass
train,train/Effusion/00029433_003.png,4,Effusion
train,train/Fibrosis/00007109_025.png,6,Fibrosis
train,train/Cardiomegaly/00011516_001.png,1,Cardiomegaly
train,train/Effusion/00008760_012.png,4,Effusion
train,train/Mass/00017050_001.png,8,Mass
train,train/Nodule/00029135_001.png,9,Nodule
train,train/Pneumothorax/00030280_002.png,11,Pneumothorax
train,train/Effusion/00011441_000.png,4,Effusion
train,train/Fibrosis/00016975_004.png,6,Fibrosis
train,train/Atelectasis/00002080_000.png,0,Atelectasis
train,train/Emphysema/00010726_002.png,5,Emphysema
train,train/Fibrosis/00015628_027.png,6,Fibrosis
train,train/Edema/00018103_011.png,3,Edema
train,train/Mass/00011886_009.png,8,Mass
train,train/Cardiomegaly/00003350_000.png,1,Cardiomegaly
train,train/Edema/00010991_002.png,3,Edema
train,train/Pneumothorax/00011481_005.png,11,Pneumothorax
train,train/Effusion/00007076_012.png,4,Effusion
train,train/Pneumothorax/00000285_006.png,11,Pneumothorax
train,train/Fibrosis/00014320_046.png,6,Fibrosis
train,train/Emphysema/00018308_004.png,5,Emphysema
train,train/Effusion/00013216_004.png,4,Effusion
train,train/Nodule/00006925_003.png,9,Nodule
train,train/Atelectasis/00003881_000.png,0,Atelectasis
train,train/Fibrosis/00002991_001.png,6,Fibrosis
train,train/Consolidation/00025514_007.png,2,Consolidation
train,train/Cardiomegaly/00015013_002.png,1,Cardiomegaly
train,train/Nodule/00019458_000.png,9,Nodule
train,train/Infiltration/00010776_000.png,7,Infiltration
train,train/Emphysema/00025849_046.png,5,Emphysema
train,train/Emphysema/00023136_002.png,5,Emphysema
train,train/Consolidation/00006629_000.png,2,Consolidation
train,train/Effusion/00006683_005.png,4,Effusion
train,train/Pneumothorax/00009325_005.png,11,Pneumothorax
train,train/Mass/00020455_005.png,8,Mass
train,train/Emphysema/00016167_006.png,5,Emphysema
train,train/Nodule/00005897_000.png,9,Nodule
train,train/Fibrosis/00006188_001.png,6,Fibrosis
train,train/Emphysema/00008468_011.png,5,Emphysema
train,train/Mass/00016953_006.png,8,Mass
train,train/Edema/00010427_006.png,3,Edema
train,train/Edema/00018254_016.png,3,Edema
train,train/Nodule/00014452_003.png,9,Nodule
train,train/Cardiomegaly/00013522_000.png,1,Cardiomegaly
train,train/Edema/00010524_002.png,3,Edema
train,train/Pneumothorax/00004094_005.png,11,Pneumothorax
train,train/Cardiomegaly/00025382_000.png,1,Cardiomegaly
train,train/Fibrosis/00006370_001.png,6,Fibrosis
train,train/Pneumothorax/00000103_006.png,11,Pneumothorax
train,train/Effusion/00015914_007.png,4,Effusion
train,train/Nodule/00005666_005.png,9,Nodule
train,train/Infiltration/00007442_003.png,7,Infiltration
train,train/Infiltration/00006452_004.png,7,Infiltration
train,train/Edema/00004338_002.png,3,Edema
train,train/Consolidation/00012028_003.png,2,Consolidation
train,train/Infiltration/00026099_013.png,7,Infiltration
train,train/Emphysema/00000719_000.png,5,Emphysema
train,train/Edema/00018027_011.png,3,Edema
train,train/Mass/00017262_001.png,8,Mass
train,train/Edema/00006296_009.png,3,Edema
train,train/Cardiomegaly/00003044_001.png,1,Cardiomegaly
train,train/Fibrosis/00000613_000.png,6,Fibrosis
train,train/Infiltration/00027274_003.png,7,Infiltration
train,train/Mass/00016521_008.png,8,Mass
train,train/Consolidation/00014320_019.png,2,Consolidation
train,train/Pneumonia/00015734_000.png,10,Pneumonia
train,train/Mass/00018518_002.png,8,Mass
train,train/Cardiomegaly/00003014_000.png,1,Cardiomegaly
train,train/Emphysema/00005523_000.png,5,Emphysema
train,train/Emphysema/00025650_002.png,5,Emphysema
train,train/Effusion/00008760_017.png,4,Effusion
train,train/Fibrosis/00002004_000.png,6,Fibrosis
train,train/Fibrosis/00027116_000.png,6,Fibrosis
train,train/Pneumothorax/00026226_000.png,11,Pneumothorax
train,train/Effusion/00018317_007.png,4,Effusion
train,train/Edema/00018104_007.png,3,Edema
train,train/Infiltration/00008190_000.png,7,Infiltration
train,train/Effusion/00003005_005.png,4,Effusion
train,train/Infiltration/00019782_002.png,7,Infiltration
train,train/Pneumonia/00003510_008.png,10,Pneumonia
train,train/Nodule/00004945_000.png,9,Nodule
train,train/Pneumonia/00029889_000.png,10,Pneumonia
train,train/Pneumothorax/00015214_012.png,11,Pneumothorax
train,train/Pneumonia/00003640_004.png,10,Pneumonia
train,train/Edema/00017605_005.png,3,Edema
train,train/Infiltration/00010475_040.png,7,Infiltration
train,train/Edema/00015809_017.png,3,Edema
train,train/Pneumonia/00007699_003.png,10,Pneumonia
train,train/Infiltration/00009321_004.png,7,Infiltration
train,train/Pneumothorax/00029998_006.png,11,Pneumothorax
train,train/Consolidation/00008773_000.png,2,Consolidation
train,train/Effusion/00021012_002.png,4,Effusion
train,train/Effusion/00008489_025.png,4,Effusion
train,train/Atelectasis/00002321_000.png,0,Atelectasis
train,train/Fibrosis/00000159_000.png,6,Fibrosis
train,train/Pneumothorax/00008232_009.png,11,Pneumothorax
train,train/Edema/00027725_009.png,3,Edema
train,train/Edema/00001723_001.png,3,Edema
train,train/Cardiomegaly/00004843_001.png,1,Cardiomegaly
train,train/Atelectasis/00023631_000.png,0,Atelectasis
train,train/Nodule/00012891_003.png,9,Nodule
train,train/Nodule/00006041_004.png,9,Nodule
train,train/Mass/00014265_023.png,8,Mass
train,train/Pneumonia/00027508_001.png,10,Pneumonia
train,train/Nodule/00026004_000.png,9,Nodule
train,train/Edema/00001301_020.png,3,Edema
train,train/Pneumothorax/00026683_008.png,11,Pneumothorax
train,train/Pneumonia/00015809_014.png,10,Pneumonia
train,train/Cardiomegaly/00009156_000.png,1,Cardiomegaly
train,train/Atelectasis/00005537_006.png,0,Atelectasis
train,train/Consolidation/00026374_009.png,2,Consolidation
train,train/Pneumonia/00002451_007.png,10,Pneumonia
train,train/Atelectasis/00012640_002.png,0,Atelectasis
train,train/Nodule/00002361_001.png,9,Nodule
train,train/Consolidation/00028912_003.png,2,Consolidation
train,train/Edema/00006679_012.png,3,Edema
train,train/Fibrosis/00010763_017.png,6,Fibrosis
train,train/Emphysema/00008580_000.png,5,Emphysema
train,train/Edema/00004299_011.png,3,Edema
train,train/Effusion/00008850_004.png,4,Effusion
train,train/Nodule/00026305_000.png,9,Nodule
train,train/Emphysema/00007683_006.png,5,Emphysema
train,train/Emphysema/00017830_005.png,5,Emphysema
train,train/Nodule/00029371_001.png,9,Nodule
train,train/Nodule/00009293_005.png,9,Nodule
train,train/Nodule/00028292_001.png,9,Nodule
train,train/Nodule/00030679_000.png,9,Nodule
train,train/Effusion/00013966_003.png,4,Effusion
train,train/Infiltration/00019704_001.png,7,Infiltration
train,train/Pneumonia/00026112_001.png,10,Pneumonia
train,train/Effusion/00012931_005.png,4,Effusion
train,train/Emphysema/00002339_004.png,5,Emphysema
train,train/Pneumonia/00021127_018.png,10,Pneumonia
train,train/Pneumonia/00012667_000.png,10,Pneumonia
train,train/Emphysema/00029165_003.png,5,Emphysema
train,train/Mass/00003045_003.png,8,Mass
train,train/Effusion/00019865_011.png,4,Effusion
train,train/Infiltration/00019143_009.png,7,Infiltration
train,train/Infiltration/00027376_000.png,7,Infiltration
train,train/Pneumothorax/00001484_002.png,11,Pneumothorax
train,train/Atelectasis/00021012_000.png,0,Atelectasis
train,train/Effusion/00027982_000.png,4,Effusion
train,train/Consolidation/00006382_003.png,2,Consolidation
train,train/Edema/00015190_005.png,3,Edema
train,train/Cardiomegaly/00022515_001.png,1,Cardiomegaly
train,train/Mass/00014089_003.png,8,Mass
train,train/Atelectasis/00012718_003.png,0,Atelectasis
train,train/Atelectasis/00019222_003.png,0,Atelectasis
train,train/Edema/00016410_011.png,3,Edema
train,train/Nodule/00013665_001.png,9,Nodule
train,train/Infiltration/00025421_004.png,7,Infiltration
train,train/Mass/00022055_000.png,8,Mass
train,train/Infiltration/00003392_012.png,7,Infiltration
train,train/Edema/00011816_006.png,3,Edema
train,train/Effusion/00020373_004.png,4,Effusion
train,train/Edema/00014971_005.png,3,Edema
train,train/Edema/00019994_002.png,3,Edema
train,train/Pneumonia/00010384_035.png,10,Pneumonia
train,train/Infiltration/00000993_000.png,7,Infiltration
train,train/Nodule/00004738_001.png,9,Nodule
train,train/Pneumothorax/00003856_001.png,11,Pneumothorax
train,train/Atelectasis/00024299_000.png,0,Atelectasis
train,train/Consolidation/00028618_001.png,2,Consolidation
train,train/Consolidation/00000499_012.png,2,Consolidation
train,train/Infiltration/00010060_016.png,7,Infiltration
train,train/Nodule/00000840_001.png,9,Nodule
train,train/Pneumonia/00006832_001.png,10,Pneumonia
train,train/Atelectasis/00001122_006.png,0,Atelectasis
train,train/Cardiomegaly/00006469_000.png,1,Cardiomegaly
train,train/Cardiomegaly/00024439_000.png,1,Cardiomegaly
train,train/Effusion/00021791_003.png,4,Effusion
train,train/Pneumonia/00026366_001.png,10,Pneumonia
train,train/Consolidation/00008451_006.png,2,Consolidation
train,train/Atelectasis/00003093_000.png,0,Atelectasis
train,train/Pneumothorax/00028211_028.png,11,Pneumothorax
train,train/Fibrosis/00001029_016.png,6,Fibrosis
train,train/Edema/00019407_002.png,3,Edema
train,train/Pneumonia/00002572_006.png,10,Pneumonia
train,train/Cardiomegaly/00002806_005.png,1,Cardiomegaly
train,train/Pneumothorax/00006436_008.png,11,Pneumothorax
train,train/Nodule/00004754_000.png,9,Nodule
train,train/Edema/00012635_008.png,3,Edema
train,train/Pneumothorax/00002469_005.png,11,Pneumothorax
train,train/Pneumonia/00018191_003.png,10,Pneumonia
train,train/Fibrosis/00029606_000.png,6,Fibrosis
train,train/Effusion/00002843_010.png,4,Effusion
train,train/Edema/00020458_017.png,3,Edema
train,train/Infiltration/00006605_042.png,7,Infiltration
train,train/Emphysema/00011544_004.png,5,Emphysema
train,train/Effusion/00026127_002.png,4,Effusion
train,train/Fibrosis/00000724_000.png,6,Fibrosis
train,train/Nodule/00000646_001.png,9,Nodule
train,train/Mass/00008081_016.png,8,Mass
train,train/Consolidation/00002022_001.png,2,Consolidation
train,train/Consolidation/00010544_021.png,2,Consolidation
train,train/Emphysema/00001206_005.png,5,Emphysema
train,train/Edema/00028846_002.png,3,Edema
train,train/Consolidation/00004997_000.png,2,Consolidation
train,train/Pneumothorax/00023297_007.png,11,Pneumothorax
train,train/Cardiomegaly/00004809_001.png,1,Cardiomegaly
train,train/Edema/00010142_006.png,3,Edema
train,train/Mass/00029041_002.png,8,Mass
train,train/Pneumonia/00010334_010.png,10,Pneumonia
train,train/Mass/00028059_001.png,8,Mass
train,train/Nodule/00006727_000.png,9,Nodule
train,train/Pneumonia/00016036_001.png,10,Pneumonia
train,train/Consolidation/00006469_007.png,2,Consolidation
train,train/Pneumothorax/00025695_016.png,11,Pneumothorax
train,train/Cardiomegaly/00002103_001.png,1,Cardiomegaly
train,train/Cardiomegaly/00013830_000.png,1,Cardiomegaly
train,train/Consolidation/00028583_000.png,2,Consolidation
train,train/Nodule/00028145_006.png,9,Nodule
train,train/Pneumothorax/00009959_006.png,11,Pneumothorax
train,train/Nodule/00006926_000.png,9,Nodule
train,train/Cardiomegaly/00010897_016.png,1,Cardiomegaly
train,train/Atelectasis/00026589_001.png,0,Atelectasis
train,train/Consolidation/00005579_005.png,2,Consolidation
train,train/Effusion/00007138_010.png,4,Effusion
train,train/Fibrosis/00010368_000.png,6,Fibrosis
train,train/Cardiomegaly/00007279_004.png,1,Cardiomegaly
train,train/Edema/00028431_003.png,3,Edema
train,train/Cardiomegaly/00014571_013.png,1,Cardiomegaly
train,train/Pneumothorax/00007290_000.png,11,Pneumothorax
train,train/Pneumonia/00009903_000.png,10,Pneumonia
train,train/Pneumonia/00019865_013.png,10,Pneumonia
train,train/Edema/00014081_002.png,3,Edema
train,train/Cardiomegaly/00016649_015.png,1,Cardiomegaly
train,train/Atelectasis/00013834_012.png,0,Atelectasis
train,train/Fibrosis/00004409_000.png,6,Fibrosis
train,train/Emphysema/00010800_000.png,5,Emphysema
train,train/Mass/00003086_003.png,8,Mass
train,train/Infiltration/00029326_002.png,7,Infiltration
train,train/Pneumothorax/00017324_020.png,11,Pneumothorax
train,train/Mass/00006116_000.png,8,Mass
train,train/Infiltration/00008036_005.png,7,Infiltration
train,train/Consolidation/00018610_049.png,2,Consolidation
train,train/Pneumonia/00006490_006.png,10,Pneumonia
train,train/Atelectasis/00017233_002.png,0,Atelectasis
train,train/Infiltration/00021931_001.png,7,Infiltration
train,train/Pneumothorax/00002146_001.png,11,Pneumothorax
train,train/Effusion/00002791_000.png,4,Effusion
train,train/Infiltration/00010773_014.png,7,Infiltration
train,train/Infiltration/00022317_000.png,7,Infiltration
train,train/Pneumothorax/00014174_020.png,11,Pneumothorax
train,train/Nodule/00001504_014.png,9,Nodule
train,train/Fibrosis/00010585_007.png,6,Fibrosis
train,train/Infiltration/00021371_002.png,7,Infiltration
train,train/Effusion/00018735_000.png,4,Effusion
train,train/Edema/00030570_004.png,3,Edema
train,train/Pneumonia/00010375_001.png,10,Pneumonia
train,train/Nodule/00014427_007.png,9,Nodule
train,train/Fibrosis/00001326_003.png,6,Fibrosis
train,train/Pneumonia/00019021_001.png,10,Pneumonia
train,train/Mass/00017994_002.png,8,Mass
train,train/Fibrosis/00026197_001.png,6,Fibrosis
train,train/Effusion/00025924_025.png,4,Effusion
train,train/Consolidation/00001255_036.png,2,Consolidation
train,train/Atelectasis/00012353_001.png,0,Atelectasis
train,train/Consolidation/00006763_007.png,2,Consolidation
train,train/Infiltration/00027372_000.png,7,Infiltration
train,train/Effusion/00025220_006.png,4,Effusion
train,train/Pneumothorax/00005852_001.png,11,Pneumothorax
train,train/Infiltration/00022156_001.png,7,Infiltration
train,train/Atelectasis/00014742_000.png,0,Atelectasis
train,train/Nodule/00016369_000.png,9,Nodule
train,train/Cardiomegaly/00012987_003.png,1,Cardiomegaly
train,train/Consolidation/00010261_003.png,2,Consolidation
train,train/Pneumothorax/00020773_005.png,11,Pneumothorax
train,train/Nodule/00013961_000.png,9,Nodule
train,train/Emphysema/00002323_000.png,5,Emphysema
train,train/Cardiomegaly/00027779_000.png,1,Cardiomegaly
train,train/Edema/00000459_042.png,3,Edema
train,train/Pneumothorax/00001561_003.png,11,Pneumothorax
train,train/Nodule/00003522_000.png,9,Nodule
train,train/Pneumonia/00000798_025.png,10,Pneumonia
train,train/Nodule/00030023_004.png,9,Nodule
train,train/Emphysema/00029826_000.png,5,Emphysema
train,train/Emphysema/00002312_001.png,5,Emphysema
train,train/Pneumonia/00018237_028.png,10,Pneumonia
train,train/Pneumonia/00027415_064.png,10,Pneumonia
train,train/Cardiomegaly/00000077_000.png,1,Cardiomegaly
train,train/Infiltration/00013446_002.png,7,Infiltration
train,train/Infiltration/00010389_001.png,7,Infiltration
train,train/Pneumothorax/00008468_024.png,11,Pneumothorax
train,train/Fibrosis/00029785_000.png,6,Fibrosis
train,train/Emphysema/00022734_002.png,5,Emphysema
train,train/Infiltration/00022955_001.png,7,Infiltration
train,train/Effusion/00022566_019.png,4,Effusion
train,train/Consolidation/00021036_001.png,2,Consolidation
train,train/Fibrosis/00002038_000.png,6,Fibrosis
train,train/Edema/00003535_014.png,3,Edema
train,train/Mass/00014018_005.png,8,Mass
train,train/Emphysema/00008468_050.png,5,Emphysema
train,train/Pneumonia/00011553_045.png,10,Pneumonia
train,train/Edema/00010314_019.png,3,Edema
train,train/Infiltration/00019952_007.png,7,Infiltration
train,train/Cardiomegaly/00003209_003.png,1,Cardiomegaly
train,train/Effusion/00022120_001.png,4,Effusion
train,train/Edema/00016376_011.png,3,Edema
train,train/Mass/00018220_000.png,8,Mass
train,train/Atelectasis/00022539_002.png,0,Atelectasis
train,train/Mass/00016778_022.png,8,Mass
train,train/Consolidation/00006832_002.png,2,Consolidation
train,train/Emphysema/00029035_002.png,5,Emphysema
train,train/Cardiomegaly/00013184_001.png,1,Cardiomegaly
train,train/Mass/00017089_000.png,8,Mass
train,train/Atelectasis/00005228_000.png,0,Atelectasis
train,train/Atelectasis/00006973_008.png,0,Atelectasis
train,train/Edema/00019418_005.png,3,Edema
train,train/Fibrosis/00000388_000.png,6,Fibrosis
train,train/Mass/00019871_001.png,8,Mass
train,train/Atelectasis/00019365_003.png,0,Atelectasis
train,train/Effusion/00016211_007.png,4,Effusion
train,train/Edema/00012819_001.png,3,Edema
train,train/Cardiomegaly/00005255_000.png,1,Cardiomegaly
train,train/Atelectasis/00011868_004.png,0,Atelectasis
train,train/Nodule/00020537_006.png,9,Nodule
train,train/Fibrosis/00025518_001.png,6,Fibrosis
train,train/Infiltration/00019176_099.png,7,Infiltration
train,train/Cardiomegaly/00013447_018.png,1,Cardiomegaly
train,train/Pneumonia/00019894_038.png,10,Pneumonia
train,train/Cardiomegaly/00017980_000.png,1,Cardiomegaly
train,train/Pneumothorax/00008376_000.png,11,Pneumothorax
train,train/Mass/00010693_034.png,8,Mass
train,train/Infiltration/00026963_011.png,7,Infiltration
train,train/Atelectasis/00012931_032.png,0,Atelectasis
train,train/Emphysema/00019201_000.png,5,Emphysema
train,train/Cardiomegaly/00013808_003.png,1,Cardiomegaly
train,train/Fibrosis/00005646_020.png,6,Fibrosis
train,train/Fibrosis/00018836_003.png,6,Fibrosis
train,train/Pneumonia/00022436_000.png,10,Pneumonia
train,train/Mass/00004302_000.png,8,Mass
train,train/Emphysema/00021689_000.png,5,Emphysema
train,train/Emphysema/00013334_000.png,5,Emphysema
train,train/Mass/00022198_003.png,8,Mass
train,train/Cardiomegaly/00000176_001.png,1,Cardiomegaly
train,train/Fibrosis/00012536_000.png,6,Fibrosis
train,train/Pneumothorax/00007572_002.png,11,Pneumothorax
train,train/Fibrosis/00000274_000.png,6,Fibrosis
train,train/Fibrosis/00010038_001.png,6,Fibrosis
train,train/Mass/00018808_002.png,8,Mass
train,train/Consolidation/00013833_008.png,2,Consolidation
train,train/Effusion/00025189_016.png,4,Effusion
train,train/Cardiomegaly/00009196_001.png,1,Cardiomegaly
train,train/Consolidation/00007534_032.png,2,Consolidation
train,train/Atelectasis/00012944_000.png,0,Atelectasis
train,train/Mass/00009764_005.png,8,Mass
train,train/Consolidation/00017044_008.png,2,Consolidation
train,train/Mass/00014070_000.png,8,Mass
train,train/Fibrosis/00000524_002.png,6,Fibrosis
train,train/Mass/00021835_007.png,8,Mass
train,train/Edema/00006296_022.png,3,Edema
train,train/Mass/00005014_011.png,8,Mass
train,train/Pneumonia/00001021_000.png,10,Pneumonia
train,train/Fibrosis/00010531_086.png,6,Fibrosis
train,train/Mass/00016808_000.png,8,Mass
train,train/Consolidation/00029839_006.png,2,Consolidation
train,train/Edema/00018724_008.png,3,Edema
train,train/Nodule/00020126_000.png,9,Nodule
train,train/Mass/00028593_002.png,8,Mass
train,train/Cardiomegaly/00007016_001.png,1,Cardiomegaly
train,train/Cardiomegaly/00012276_002.png,1,Cardiomegaly
train,train/Mass/00017170_003.png,8,Mass
train,train/Emphysema/00015629_000.png,5,Emphysema
train,train/Effusion/00018610_015.png,4,Effusion
train,train/Atelectasis/00016231_009.png,0,Atelectasis
train,train/Pneumothorax/00004581_008.png,11,Pneumothorax
train,train/Atelectasis/00010590_005.png,0,Atelectasis
train,train/Mass/00019959_003.png,8,Mass
train,train/Fibrosis/00000269_000.png,6,Fibrosis
train,train/Effusion/00010129_001.png,4,Effusion
train,train/Atelectasis/00021689_001.png,0,Atelectasis
train,train/Edema/00014029_004.png,3,Edema
train,train/Infiltration/00021996_004.png,7,Infiltration
train,train/Consolidation/00014332_010.png,2,Consolidation
train,train/Mass/00018588_004.png,8,Mass
train,train/Cardiomegaly/00017988_002.png,1,Cardiomegaly
train,train/Effusion/00006008_015.png,4,Effusion
train,train/Edema/00029422_005.png,3,Edema
train,train/Pneumothorax/00021759_025.png,11,Pneumothorax
train,train/Mass/00012927_010.png,8,Mass
train,train/Effusion/00007388_001.png,4,Effusion
train,train/Mass/00018899_000.png,8,Mass
train,train/Consolidation/00008883_001.png,2,Consolidation
train,train/Fibrosis/00017946_000.png,6,Fibrosis
train,train/Cardiomegaly/00016034_001.png,1,Cardiomegaly
train,train/Fibrosis/00003348_006.png,6,Fibrosis
train,train/Emphysema/00004440_001.png,5,Emphysema
train,train/Consolidation/00007780_008.png,2,Consolidation
train,train/Effusion/00006741_012.png,4,Effusion
train,train/Infiltration/00009727_047.png,7,Infiltration
train,train/Fibrosis/00000359_007.png,6,Fibrosis
train,train/Mass/00018607_002.png,8,Mass
train,train/Effusion/00025839_022.png,4,Effusion
train,train/Mass/00020477_002.png,8,Mass
train,train/Pneumonia/00014393_007.png,10,Pneumonia
train,train/Infiltration/00008058_000.png,7,Infiltration
train,train/Pneumothorax/00023073_008.png,11,Pneumothorax
train,train/Infiltration/00018027_013.png,7,Infiltration
train,train/Consolidation/00000112_002.png,2,Consolidation
train,train/Edema/00021779_003.png,3,Edema
train,train/Fibrosis/00008500_001.png,6,Fibrosis
train,train/Nodule/00010695_000.png,9,Nodule
train,train/Pneumothorax/00003423_011.png,11,Pneumothorax
train,train/Infiltration/00013572_007.png,7,Infiltration
train,train/Effusion/00009365_024.png,4,Effusion
train,train/Nodule/00014178_009.png,9,Nodule
train,train/Consolidation/00014178_006.png,2,Consolidation
train,train/Pneumonia/00027784_007.png,10,Pneumonia
train,train/Cardiomegaly/00029246_000.png,1,Cardiomegaly
train,train/Pneumonia/00021399_000.png,10,Pneumonia
train,train/Pneumonia/00014405_001.png,10,Pneumonia
train,train/Edema/00002412_000.png,3,Edema
train,train/Infiltration/00028869_000.png,7,Infiltration
train,train/Pneumonia/00003510_010.png,10,Pneumonia
train,train/Mass/00018331_000.png,8,Mass
train,train/Consolidation/00010142_010.png,2,Consolidation
train,train/Infiltration/00027107_003.png,7,Infiltration
train,train/Pneumothorax/00011805_005.png,11,Pneumothorax
train,train/Fibrosis/00009637_001.png,6,Fibrosis
train,train/Consolidation/00002947_000.png,2,Consolidation
train,train/Atelectasis/00000047_004.png,0,Atelectasis
train,train/Cardiomegaly/00014637_010.png,1,Cardiomegaly
train,train/Infiltration/00017216_000.png,7,Infiltration
train,train/Cardiomegaly/00011235_002.png,1,Cardiomegaly
train,train/Atelectasis/00003573_002.png,0,Atelectasis
train,train/Atelectasis/00018379_009.png,0,Atelectasis
train,train/Pneumothorax/00002766_001.png,11,Pneumothorax
train,train/Edema/00004608_004.png,3,Edema
train,train/Pneumothorax/00022651_019.png,11,Pneumothorax
train,train/Emphysema/00026615_000.png,5,Emphysema
train,train/Atelectasis/00015160_013.png,0,Atelectasis
train,train/Mass/00018004_003.png,8,Mass
train,train/Cardiomegaly/00021686_000.png,1,Cardiomegaly
val,train/Nodule/00008504_002.png,9,Nodule
val,train/Edema/00023048_000.png,3,Edema
val,train/Mass/00009183_001.png,8,Mass
val,train/Cardiomegaly/00006875_008.png,1,Cardiomegaly
val,train/Edema/00018027_009.png,3,Edema
val,train/Effusion/00012874_009.png,4,Effusion
val,train/Effusion/00004600_001.png,4,Effusion
val,train/Effusion/00022544_000.png,4,Effusion
val,train/Consolidation/00015045_019.png,2,Consolidation
val,train/Cardiomegaly/00023066_001.png,1,Cardiomegaly
val,train/Pneumonia/00011553_006.png,10,Pneumonia
val,train/Pneumonia/00005069_001.png,10,Pneumonia
val,train/Mass/00016211_001.png,8,Mass
val,train/Atelectasis/00029435_000.png,0,Atelectasis
val,train/Edema/00015581_007.png,3,Edema
val,train/Emphysema/00003523_031.png,5,Emphysema
val,train/Cardiomegaly/00011169_000.png,1,Cardiomegaly
val,train/Effusion/00007002_000.png,4,Effusion
val,train/Nodule/00019647_007.png,9,Nodule
val,train/Cardiomegaly/00013557_016.png,1,Cardiomegaly
val,train/Pneumothorax/00021611_002.png,11,Pneumothorax
val,train/Nodule/00028359_003.png,9,Nodule
val,train/Consolidation/00001814_004.png,2,Consolidation
val,train/Edema/00004857_047.png,3,Edema
val,train/Fibrosis/00018015_016.png,6,Fibrosis
val,train/Nodule/00006699_016.png,9,Nodule
val,train/Atelectasis/00030672_002.png,0,Atelectasis
val,train/Infiltration/00029142_008.png,7,Infiltration
val,train/Fibrosis/00020842_000.png,6,Fibrosis
val,train/Infiltration/00018639_000.png,7,Infiltration
val,train/Cardiomegaly/00018251_008.png,1,Cardiomegaly
val,train/Atelectasis/00008865_002.png,0,Atelectasis
val,train/Mass/00003490_002.png,8,Mass
val,train/Infiltration/00010308_013.png,7,Infiltration
val,train/Mass/00021383_002.png,8,Mass
val,train/Pneumothorax/00011845_001.png,11,Pneumothorax
val,train/Pneumothorax/00002666_008.png,11,Pneumothorax
val,train/Nodule/00015136_010.png,9,Nodule
val,train/Consolidation/00019756_004.png,2,Consolidation
val,train/Effusion/00005504_013.png,4,Effusion
val,train/Fibrosis/00001989_004.png,6,Fibrosis
val,train/Fibrosis/00000901_004.png,6,Fibrosis
val,train/Consolidation/00009083_003.png,2,Consolidation
val,train/Infiltration/00029670_012.png,7,Infiltration
val,train/Consolidation/00005626_007.png,2,Consolidation
val,train/Edema/00003534_037.png,3,Edema
val,train/Consolidation/00002000_000.png,2,Consolidation
val,train/Edema/00012993_017.png,3,Edema
val,train/Pneumonia/00019169_001.png,10,Pneumonia
val,train/Pneumothorax/00005520_008.png,11,Pneumothorax
val,train/Atelectasis/00023136_001.png,0,Atelectasis
val,train/Mass/00015793_001.png,8,Mass
val,train/Cardiomegaly/00005610_000.png,1,Cardiomegaly
val,train/Atelectasis/00027492_003.png,0,Atelectasis
val,train/Pneumonia/00016425_000.png,10,Pneumonia
val,train/Effusion/00011282_009.png,4,Effusion
val,train/Effusion/00006381_004.png,4,Effusion
val,train/Mass/00029155_003.png,8,Mass
val,train/Effusion/00010790_019.png,4,Effusion
val,train/Effusion/00000071_002.png,4,Effusion
val,train/Emphysema/00005167_000.png,5,Emphysema
val,train/Atelectasis/00015818_000.png,0,Atelectasis
val,train/Cardiomegaly/00013262_002.png,1,Cardiomegaly
val,train/Mass/00017170_000.png,8,Mass
val,train/Pneumonia/00028764_002.png,10,Pneumonia
val,train/Nodule/00000499_010.png,9,Nodule
val,train/Nodule/00018542_000.png,9,Nodule
val,train/Mass/00025181_015.png,8,Mass
val,train/Pneumothorax/00002787_001.png,11,Pneumothorax
val,train/Emphysema/00008594_006.png,5,Emphysema
val,train/Fibrosis/00008981_002.png,6,Fibrosis
val,train/Emphysema/00017046_005.png,5,Emphysema
val,train/Consolidation/00001805_004.png,2,Consolidation
val,train/Atelectasis/00017643_003.png,0,Atelectasis
val,train/Infiltration/00029007_001.png,7,Infiltration
val,train/Emphysema/00003053_005.png,5,Emphysema
val,train/Pneumonia/00019770_000.png,10,Pneumonia
val,train/Infiltration/00020450_012.png,7,Infiltration
val,train/Edema/00010773_027.png,3,Edema
val,train/Mass/00011943_002.png,8,Mass
val,train/Effusion/00016785_004.png,4,Effusion
val,train/Mass/00019375_000.png,8,Mass
val,train/Pneumothorax/00007076_014.png,11,Pneumothorax
val,train/Fibrosis/00000316_000.png,6,Fibrosis
val,train/Edema/00011987_006.png,3,Edema
val,train/Nodule/00022119_000.png,9,Nodule
val,train/Infiltration/00023684_000.png,7,Infiltration
val,train/Edema/00007256_016.png,3,Edema
val,train/Infiltration/00012659_031.png,7,Infiltration
val,train/Cardiomegaly/00009609_004.png,1,Cardiomegaly
val,train/Edema/00016399_019.png,3,Edema
val,train/Infiltration/00022604_027.png,7,Infiltration
val,train/Infiltration/00027043_002.png,7,Infiltration
val,train/Pneumonia/00005673_003.png,10,Pneumonia
val,train/Atelectasis/00010222_009.png,0,Atelectasis
val,train/Mass/00025505_001.png,8,Mass
val,train/Pneumothorax/00005365_006.png,11,Pneumothorax
val,train/Atelectasis/00018557_013.png,0,Atelectasis
val,train/Nodule/00002720_020.png,9,Nodule
val,train/Cardiomegaly/00022945_000.png,1,Cardiomegaly
val,train/Emphysema/00005666_006.png,5,Emphysema
val,train/Mass/00008549_000.png,8,Mass
val,train/Fibrosis/00013185_001.png,6,Fibrosis
val,train/Effusion/00010850_001.png,4,Effusion
val,train/Cardiomegaly/00018656_000.png,1,Cardiomegaly
val,train/Effusion/00001108_003.png,4,Effusion
val,train/Effusion/00019348_011.png,4,Effusion
val,train/Cardiomegaly/00000038_003.png,1,Cardiomegaly
val,train/Nodule/00012930_000.png,9,Nodule
val,train/Edema/00003534_031.png,3,Edema
val,train/Pneumonia/00013641_048.png,10,Pneumonia
val,train/Infiltration/00014472_009.png,7,Infiltration
val,train/Infiltration/00020697_001.png,7,Infiltration
val,train/Infiltration/00016043_004.png,7,Infiltration
val,train/Nodule/00008342_029.png,9,Nodule
val,train/Mass/00018792_002.png,8,Mass
val,train/Cardiomegaly/00004452_000.png,1,Cardiomegaly
val,train/Consolidation/00011140_016.png,2,Consolidation
val,train/Cardiomegaly/00011760_001.png,1,Cardiomegaly
val,train/Effusion/00004837_003.png,4,Effusion
val,train/Infiltration/00005682_012.png,7,Infiltration
val,train/Effusion/00004605_019.png,4,Effusion
val,train/Nodule/00026814_002.png,9,Nodule
val,train/Mass/00019805_003.png,8,Mass
val,train/Consolidation/00002720_006.png,2,Consolidation
val,train/Edema/00016715_010.png,3,Edema
val,train/Consolidation/00015845_006.png,2,Consolidation
val,train/Nodule/00000992_000.png,9,Nodule
val,train/Cardiomegaly/00010095_000.png,1,Cardiomegaly
val,train/Mass/00006827_003.png,8,Mass
val,train/Nodule/00002364_001.png,9,Nodule
val,train/Mass/00013446_000.png,8,Mass
val,train/Mass/00016238_000.png,8,Mass
val,train/Cardiomegaly/00003552_000.png,1,Cardiomegaly
val,train/Cardiomegaly/00008309_008.png,1,Cardiomegaly
val,train/Cardiomegaly/00028871_002.png,1,Cardiomegaly
val,train/Pneumonia/00021584_001.png,10,Pneumonia
val,train/Fibrosis/00018260_004.png,6,Fibrosis
val,train/Mass/00025630_001.png,8,Mass
val,train/Pneumothorax/00000416_003.png,11,Pneumothorax
val,train/Pneumonia/00015809_015.png,10,Pneumonia
val,train/Effusion/00012276_019.png,4,Effusion
val,train/Effusion/00020922_003.png,4,Effusion
val,train/Pneumonia/00025383_001.png,10,Pneumonia
val,train/Atelectasis/00012266_006.png,0,Atelectasis
val,train/Emphysema/00002108_003.png,5,Emphysema
val,train/Pneumothorax/00003527_010.png,11,Pneumothorax
val,train/Edema/00010801_005.png,3,Edema
val,train/Emphysema/00025849_043.png,5,Emphysema
val,train/Effusion/00006783_002.png,4,Effusion
val,train/Fibrosis/00017372_002.png,6,Fibrosis
val,train/Edema/00000678_000.png,3,Edema
val,train/Atelectasis/00020785_001.png,0,Atelectasis
val,train/Nodule/00003896_001.png,9,Nodule
val,train/Emphysema/00002524_032.png,5,Emphysema
val,train/Pneumonia/00021572_017.png,10,Pneumonia
val,train/Infiltration/00012914_000.png,7,Infiltration
val,train/Infiltration/00027672_008.png,7,Infiltration
val,train/Cardiomegaly/00012985_000.png,1,Cardiomegaly
val,train/Pneumothorax/00002817_007.png,11,Pneumothorax
val,train/Pneumonia/00020505_022.png,10,Pneumonia
val,train/Fibrosis/00007309_000.png,6,Fibrosis
val,train/Nodule/00003523_002.png,9,Nodule
val,train/Infiltration/00005593_009.png,7,Infiltration
val,train/Emphysema/00003611_003.png,5,Emphysema
val,train/Consolidation/00021808_003.png,2,Consolidation
val,train/Cardiomegaly/00012646_012.png,1,Cardiomegaly
val,train/Effusion/00018829_002.png,4,Effusion
val,train/Fibrosis/00008223_000.png,6,Fibrosis
val,train/Cardiomegaly/00024460_000.png,1,Cardiomegaly
val,train/Infiltration/00014732_001.png,7,Infiltration
val,train/Infiltration/00018753_000.png,7,Infiltration
val,train/Atelectasis/00011489_000.png,0,Atelectasis
val,train/Pneumothorax/00002454_000.png,11,Pneumothorax
val,train/Pneumothorax/00003101_005.png,11,Pneumothorax
val,train/Cardiomegaly/00026634_000.png,1,Cardiomegaly
val,train/Nodule/00008230_026.png,9,Nodule
val,train/Effusion/00017830_002.png,4,Effusion
val,train/Cardiomegaly/00014861_000.png,1,Cardiomegaly
val,train/Edema/00009894_003.png,3,Edema
val,train/Consolidation/00011845_015.png,2,Consolidation
val,train/Emphysema/00012648_002.png,5,Emphysema
val,train/Emphysema/00016883_001.png,5,Emphysema
val,train/Nodule/00026658_001.png,9,Nodule
val,train/Emphysema/00010932_003.png,5,Emphysema
val,train/Effusion/00021041_005.png,4,Effusion
val,train/Pneumonia/00000499_008.png,10,Pneumonia
val,train/Pneumothorax/00021817_002.png,11,Pneumothorax
val,train/Effusion/00015647_005.png,4,Effusion
val,train/Effusion/00014930_010.png,4,Effusion
val,train/Pneumothorax/00029650_005.png,11,Pneumothorax
val,train/Pneumothorax/00021651_001.png,11,Pneumothorax
val,train/Pneumonia/00000165_001.png,10,Pneumonia
val,train/Edema/00012585_006.png,3,Edema
val,train/Infiltration/00012114_010.png,7,Infiltration
val,train/Emphysema/00008468_014.png,5,Emphysema
val,train/Edema/00021841_004.png,3,Edema
val,train/Pneumothorax/00009866_001.png,11,Pneumothorax
val,train/Infiltration/00007191_018.png,7,Infiltration
val,train/Fibrosis/00013015_000.png,6,Fibrosis
val,train/Cardiomegaly/00019940_002.png,1,Cardiomegaly
val,train/Infiltration/00001606_000.png,7,Infiltration
val,train/Effusion/00020294_003.png,4,Effusion
val,train/Consolidation/00007953_002.png,2,Consolidation
val,train/Cardiomegaly/00010970_000.png,1,Cardiomegaly
val,train/Pneumonia/00008401_006.png,10,Pneumonia
val,train/Pneumothorax/00008230_003.png,11,Pneumothorax
val,train/Nodule/00020046_009.png,9,Nodule
val,train/Pneumonia/00027648_005.png,10,Pneumonia
val,train/Edema/00014187_000.png,3,Edema
val,train/Pneumothorax/00000417_005.png,11,Pneumothorax
val,train/Consolidation/00006832_003.png,2,Consolidation
val,train/Effusion/00022267_005.png,4,Effusion
val,train/Fibrosis/00010756_004.png,6,Fibrosis
val,train/Atelectasis/00006490_007.png,0,Atelectasis
val,train/Edema/00027623_003.png,3,Edema
val,train/Nodule/00026004_005.png,9,Nodule
val,train/Consolidation/00016672_005.png,2,Consolidation
val,train/Pneumothorax/00003468_007.png,11,Pneumothorax
val,train/Nodule/00005970_006.png,9,Nodule
val,train/Pneumonia/00010693_012.png,10,Pneumonia
val,train/Atelectasis/00018044_025.png,0,Atelectasis
val,train/Pneumothorax/00009571_003.png,11,Pneumothorax
val,train/Mass/00007793_002.png,8,Mass
val,train/Fibrosis/00004833_010.png,6,Fibrosis
val,train/Mass/00011074_001.png,8,Mass
val,train/Nodule/00006258_001.png,9,Nodule
val,train/Consolidation/00011529_000.png,2,Consolidation
val,train/Nodule/00023211_014.png,9,Nodule
val,train/Consolidation/00026908_004.png,2,Consolidation
val,train/Nodule/00002345_002.png,9,Nodule
val,train/Consolidation/00006008_001.png,2,Consolidation
val,train/Consolidation/00001190_002.png,2,Consolidation
val,train/Fibrosis/00000359_008.png,6,Fibrosis
val,train/Pneumothorax/00010316_002.png,11,Pneumothorax
val,train/Edema/00004079_002.png,3,Edema
val,train/Atelectasis/00012144_022.png,0,Atelectasis
val,train/Effusion/00004623_003.png,4,Effusion
val,train/Fibrosis/00008462_006.png,6,Fibrosis
val,train/Infiltration/00010090_000.png,7,Infiltration
val,train/Atelectasis/00017275_013.png,0,Atelectasis
val,train/Nodule/00022417_001.png,9,Nodule
val,train/Fibrosis/00000676_000.png,6,Fibrosis
val,train/Nodule/00012486_001.png,9,Nodule
val,train/Mass/00015495_008.png,8,Mass
val,train/Consolidation/00025841_001.png,2,Consolidation
val,train/Cardiomegaly/00017047_000.png,1,Cardiomegaly
val,train/Atelectasis/00017388_000.png,0,Atelectasis
val,train/Consolidation/00012315_012.png,2,Consolidation
val,train/Nodule/00003704_000.png,9,Nodule
val,train/Atelectasis/00019367_001.png,0,Atelectasis
val,train/Fibrosis/00016413_000.png,6,Fibrosis
val,train/Fibrosis/00012643_004.png,6,Fibrosis
val,train/Emphysema/00014543_001.png,5,Emphysema
val,train/Pneumonia/00005892_001.png,10,Pneumonia
val,train/Mass/00008012_000.png,8,Mass
val,train/Mass/00006953_001.png,8,Mass
val,train/Mass/00001951_019.png,8,Mass
val,train/Cardiomegaly/00018450_000.png,1,Cardiomegaly
val,train/Pneumothorax/00002212_006.png,11,Pneumothorax
val,train/Pneumonia/00000963_007.png,10,Pneumonia
val,train/Pneumothorax/00017227_008.png,11,Pneumothorax
val,train/Edema/00015205_001.png,3,Edema
val,train/Fibrosis/00007507_000.png,6,Fibrosis
val,train/Pneumonia/00015806_003.png,10,Pneumonia
val,train/Infiltration/00011614_000.png,7,Infiltration
val,train/Mass/00010604_000.png,8,Mass
val,train/Pneumonia/00013930_001.png,10,Pneumonia
val,train/Emphysema/00005113_002.png,5,Emphysema
val,train/Edema/00028987_002.png,3,Edema
val,train/Nodule/00012337_000.png,9,Nodule
val,train/Cardiomegaly/00008073_000.png,1,Cardiomegaly
val,train/Mass/00014758_001.png,8,Mass
val,train/Infiltration/00015999_003.png,7,Infiltration
val,train/Nodule/00025695_007.png,9,Nodule
val,train/Edema/00027045_002.png,3,Edema
val,train/Consolidation/00021213_001.png,2,Consolidation
val,train/Effusion/00019087_005.png,4,Effusion
val,train/Fibrosis/00021738_000.png,6,Fibrosis
val,train/Effusion/00012939_002.png,4,Effusion
val,train/Effusion/00020911_005.png,4,Effusion
val,train/Atelectasis/00001206_003.png,0,Atelectasis
val,train/Nodule/00004436_003.png,9,Nodule
val,train/Emphysema/00020085_010.png,5,Emphysema
val,train/Cardiomegaly/00010994_000.png,1,Cardiomegaly
val,train/Fibrosis/00003246_000.png,6,Fibrosis
val,train/Edema/00018373_004.png,3,Edema
val,train/Effusion/00003186_003.png,4,Effusion
val,train/Pneumonia/00012158_021.png,10,Pneumonia
val,train/Edema/00016410_009.png,3,Edema
val,train/Emphysema/00014546_002.png,5,Emphysema
val,train/Pneumonia/00001317_002.png,10,Pneumonia
val,train/Edema/00010887_027.png,3,Edema
val,train/Consolidation/00002251_002.png,2,Consolidation
val,train/Consolidation/00025426_001.png,2,Consolidation
val,train/Consolidation/00006469_009.png,2,Consolidation
val,train/Nodule/00014397_010.png,9,Nodule
val,train/Atelectasis/00019993_003.png,0,Atelectasis
val,train/Fibrosis/00000403_000.png,6,Fibrosis
val,train/Edema/00000459_044.png,3,Edema
val,train/Atelectasis/00001199_004.png,0,Atelectasis
val,train/Fibrosis/00012232_000.png,6,Fibrosis
val,train/Effusion/00005037_000.png,4,Effusion
val,train/Cardiomegaly/00028124_000.png,1,Cardiomegaly
val,train/Pneumothorax/00029146_001.png,11,Pneumothorax
val,train/Edema/00022677_004.png,3,Edema
val,train/Mass/00017731_002.png,8,Mass
val,train/Edema/00003798_000.png,3,Edema
val,train/Effusion/00003083_002.png,4,Effusion
val,train/Edema/00013641_020.png,3,Edema
val,train/Emphysema/00005922_000.png,5,Emphysema
val,train/Cardiomegaly/00023704_000.png,1,Cardiomegaly
val,train/Atelectasis/00006941_001.png,0,Atelectasis
val,train/Pneumothorax/00010695_014.png,11,Pneumothorax
val,train/Effusion/00010841_005.png,4,Effusion
val,train/Pneumonia/00016362_000.png,10,Pneumonia
val,train/Mass/00011654_008.png,8,Mass
val,train/Edema/00001880_003.png,3,Edema
val,train/Emphysema/00000248_002.png,5,Emphysema
val,train/Pneumonia/00003510_009.png,10,Pneumonia
val,train/Infiltration/00006952_010.png,7,Infiltration
val,train/Fibrosis/00012638_000.png,6,Fibrosis
val,train/Emphysema/00020123_000.png,5,Emphysema
val,train/Nodule/00025447_000.png,9,Nodule
val,train/Atelectasis/00025303_006.png,0,Atelectasis
val,train/Effusion/00011606_004.png,4,Effusion
val,train/Pneumonia/00003523_011.png,10,Pneumonia
val,train/Emphysema/00008473_002.png,5,Emphysema
val,train/Consolidation/00005400_004.png,2,Consolidation
val,train/Atelectasis/00017444_000.png,0,Atelectasis
val,train/Edema/00026421_002.png,3,Edema
val,train/Consolidation/00006517_004.png,2,Consolidation
val,train/Fibrosis/00016265_002.png,6,Fibrosis
val,train/Atelectasis/00000877_036.png,0,Atelectasis
val,train/Mass/00017297_001.png,8,Mass
val,train/Nodule/00002194_000.png,9,Nodule
val,train/Edema/00016991_012.png,3,Edema
val,train/Infiltration/00010544_030.png,7,Infiltration
val,train/Pneumothorax/00005240_002.png,11,Pneumothorax
val,train/Pneumothorax/00002146_002.png,11,Pneumothorax
val,train/Fibrosis/00015557_004.png,6,Fibrosis
val,train/Pneumothorax/00007572_001.png,11,Pneumothorax
val,train/Infiltration/00015162_003.png,7,Infiltration
val,train/Cardiomegaly/00017490_000.png,1,Cardiomegaly
val,train/Edema/00003940_002.png,3,Edema
val,train/Edema/00016991_010.png,3,Edema
val,train/Consolidation/00019176_054.png,2,Consolidation
val,train/Infiltration/00028527_000.png,7,Infiltration
val,train/Emphysema/00000360_004.png,5,Emphysema
val,train/Mass/00026388_000.png,8,Mass
val,train/Edema/00001971_002.png,3,Edema
val,train/Atelectasis/00002701_004.png,0,Atelectasis
val,train/Pneumonia/00005638_000.png,10,Pneumonia
val,train/Pneumonia/00015977_002.png,10,Pneumonia
val,train/Effusion/00009535_002.png,4,Effusion
val,train/Pneumothorax/00019899_023.png,11,Pneumothorax
val,train/Pneumonia/00022201_000.png,10,Pneumonia
val,train/Pneumothorax/00009325_004.png,11,Pneumothorax
val,train/Emphysema/00002464_000.png,5,Emphysema
val,train/Cardiomegaly/00009257_000.png,1,Cardiomegaly
val,train/Emphysema/00017369_003.png,5,Emphysema
val,train/Atelectasis/00019390_004.png,0,Atelectasis
val,train/Mass/00002361_003.png,8,Mass
val,train/Fibrosis/00021048_000.png,6,Fibrosis
val,train/Emphysema/00008468_047.png,5,Emphysema
val,train/Mass/00015793_000.png,8,Mass
val,train/Edema/00011632_004.png,3,Edema
val,train/Edema/00001101_005.png,3,Edema
val,train/Effusion/00000591_017.png,4,Effusion
val,train/Effusion/00021118_006.png,4,Effusion
val,train/Pneumonia/00014603_006.png,10,Pneumonia
val,train/Atelectasis/00005538_000.png,0,Atelectasis
val,train/Fibrosis/00003647_006.png,6,Fibrosis
val,train/Edema/00015809_016.png,3,Edema
val,train/Pneumonia/00001749_003.png,10,Pneumonia
val,train/Pneumonia/00002360_002.png,10,Pneumonia
val,train/Pneumonia/00017005_000.png,10,Pneumonia
val,train/Fibrosis/00017450_001.png,6,Fibrosis
val,train/Fibrosis/00005064_011.png,6,Fibrosis
val,train/Consolidation/00005224_002.png,2,Consolidation
val,train/Fibrosis/00018711_000.png,6,Fibrosis
val,train/Emphysema/00002614_003.png,5,Emphysema
val,train/Mass/00004436_010.png,8,Mass
val,train/Emphysema/00006818_006.png,5,Emphysema
val,train/Infiltration/00000459_003.png,7,Infiltration
val,train/Fibrosis/00008367_000.png,6,Fibrosis
val,train/Consolidation/00021835_025.png,2,Consolidation
val,train/Edema/00015376_031.png,3,Edema
val,train/Pneumonia/00010761_002.png,10,Pneumonia
val,train/Atelectasis/00005815_001.png,0,Atelectasis
val,train/Edema/00005195_002.png,3,Edema
val,train/Atelectasis/00004959_009.png,0,Atelectasis
val,train/Nodule/00009461_001.png,9,Nodule
val,train/Cardiomegaly/00011496_000.png,1,Cardiomegaly
val,train/Effusion/00013613_019.png,4,Effusion
val,train/Atelectasis/00009768_001.png,0,Atelectasis
val,train/Infiltration/00022443_000.png,7,Infiltration
val,train/Consolidation/00003546_009.png,2,Consolidation
val,train/Pneumonia/00001992_002.png,10,Pneumonia
val,train/Atelectasis/00027168_000.png,0,Atelectasis
val,train/Fibrosis/00001901_002.png,6,Fibrosis
val,train/Edema/00003610_014.png,3,Edema
val,train/Emphysema/00001019_002.png,5,Emphysema
val,train/Cardiomegaly/00019486_000.png,1,Cardiomegaly
val,train/Cardiomegaly/00016730_000.png,1,Cardiomegaly
val,train/Atelectasis/00013914_000.png,0,Atelectasis
val,train/Infiltration/00013799_007.png,7,Infiltration
val,train/Atelectasis/00020255_000.png,0,Atelectasis
val,train/Fibrosis/00012472_000.png,6,Fibrosis
val,train/Pneumonia/00027320_010.png,10,Pneumonia
val,train/Pneumothorax/00017645_020.png,11,Pneumothorax
val,train/Nodule/00007394_000.png,9,Nodule
val,train/Emphysema/00006542_001.png,5,Emphysema
val,train/Pneumothorax/00007459_000.png,11,Pneumothorax
val,train/Pneumonia/00011386_000.png,10,Pneumonia
val,train/Consolidation/00026666_000.png,2,Consolidation
val,train/Emphysema/00002673_009.png,5,Emphysema
val,train/Pneumonia/00016011_011.png,10,Pneumonia
val,train/Mass/00008636_000.png,8,Mass
val,train/Cardiomegaly/00017362_004.png,1,Cardiomegaly
val,train/Cardiomegaly/00000825_003.png,1,Cardiomegaly
val,train/Atelectasis/00000109_000.png,0,Atelectasis
val,train/Nodule/00014033_003.png,9,Nodule
val,train/Atelectasis/00010814_000.png,0,Atelectasis
val,train/Effusion/00007909_003.png,4,Effusion
val,train/Pneumothorax/00003659_013.png,11,Pneumothorax
val,train/Effusion/00003361_002.png,4,Effusion
val,train/Cardiomegaly/00025684_000.png,1,Cardiomegaly
val,train/Infiltration/00009153_000.png,7,Infiltration
val,train/Pneumothorax/00007745_003.png,11,Pneumothorax
val,train/Pneumonia/00020928_000.png,10,Pneumonia
val,train/Pneumonia/00010531_073.png,10,Pneumonia
val,train/Cardiomegaly/00018275_000.png,1,Cardiomegaly
val,train/Pneumothorax/00003722_011.png,11,Pneumothorax
val,train/Pneumothorax/00015523_004.png,11,Pneumothorax
val,train/Edema/00016315_001.png,3,Edema
val,train/Fibrosis/00002630_000.png,6,Fibrosis
val,train/Pneumothorax/00020652_017.png,11,Pneumothorax
val,train/Pneumonia/00011188_002.png,10,Pneumonia
val,train/Cardiomegaly/00021105_000.png,1,Cardiomegaly
val,train/Cardiomegaly/00006531_001.png,1,Cardiomegaly
val,train/Cardiomegaly/00009932_002.png,1,Cardiomegaly
val,train/Consolidation/00005218_003.png,2,Consolidation
val,train/Emphysema/00012620_000.png,5,Emphysema
val,train/Cardiomegaly/00003875_008.png,1,Cardiomegaly
val,train/Consolidation/00017705_001.png,2,Consolidation
val,train/Infiltration/00020666_001.png,7,Infiltration
val,train/Nodule/00007506_003.png,9,Nodule
val,train/Effusion/00019677_002.png,4,Effusion
val,train/Edema/00003693_001.png,3,Edema
val,train/Consolidation/00001652_001.png,2,Consolidation
val,train/Consolidation/00010698_002.png,2,Consolidation
val,train/Fibrosis/00013582_000.png,6,Fibrosis
val,train/Atelectasis/00002156_002.png,0,Atelectasis
val,train/Nodule/00021212_002.png,9,Nodule
val,train/Edema/00015606_033.png,3,Edema
val,train/Mass/00022427_000.png,8,Mass
val,train/Fibrosis/00013037_000.png,6,Fibrosis
val,train/Infiltration/00009321_018.png,7,Infiltration
val,train/Emphysema/00012018_000.png,5,Emphysema
val,train/Infiltration/00014243_000.png,7,Infiltration
val,train/Emphysema/00026546_011.png,5,Emphysema
val,train/Nodule/00011230_002.png,9,Nodule
val,train/Infiltration/00018494_012.png,7,Infiltration
val,train/Nodule/00016946_000.png,9,Nodule
val,train/Consolidation/00017973_002.png,2,Consolidation
val,train/Fibrosis/00003016_000.png,6,Fibrosis
val,train/Atelectasis/00012993_020.png,0,Atelectasis
val,train/Mass/00017788_000.png,8,Mass
val,train/Edema/00004925_008.png,3,Edema
val,train/Pneumothorax/00021976_012.png,11,Pneumothorax
val,train/Mass/00008100_000.png,8,Mass
val,train/Mass/00018524_004.png,8,Mass
val,train/Pneumothorax/00027066_007.png,11,Pneumothorax
val,train/Emphysema/00017136_011.png,5,Emphysema
val,train/Fibrosis/00004641_001.png,6,Fibrosis
val,train/Mass/00019927_000.png,8,Mass
val,train/Emphysema/00000040_001.png,5,Emphysema
val,train/Consolidation/00009365_007.png,2,Consolidation
val,train/Atelectasis/00001819_001.png,0,Atelectasis
val,train/Atelectasis/00001309_001.png,0,Atelectasis
val,train/Mass/00028550_004.png,8,Mass
val,train/Mass/00006116_002.png,8,Mass
val,train/Pneumonia/00021016_000.png,10,Pneumonia
val,train/Emphysema/00014436_013.png,5,Emphysema
val,train/Cardiomegaly/00030708_000.png,1,Cardiomegaly
val,train/Atelectasis/00018944_012.png,0,Atelectasis
val,train/Effusion/00008962_002.png,4,Effusion
val,train/Cardiomegaly/00028412_000.png,1,Cardiomegaly
val,train/Fibrosis/00000199_001.png,6,Fibrosis
val,train/Pneumonia/00006296_032.png,10,Pneumonia
val,train/Fibrosis/00028414_001.png,6,Fibrosis
val,train/Consolidation/00010456_007.png,2,Consolidation
val,train/Emphysema/00014849_007.png,5,Emphysema
val,train/Effusion/00008567_004.png,4,Effusion
val,train/Consolidation/00030733_002.png,2,Consolidation
val,train/Nodule/00016615_004.png,9,Nodule
val,train/Fibrosis/00012265_000.png,6,Fibrosis
val,train/Cardiomegaly/00013257_002.png,1,Cardiomegaly
val,train/Fibrosis/00015434_000.png,6,Fibrosis
val,train/Consolidation/00001301_017.png,2,Consolidation
val,train/Mass/00017662_002.png,8,Mass
val,train/Emphysema/00008468_019.png,5,Emphysema
val,train/Infiltration/00019664_005.png,7,Infiltration
val,train/Pneumonia/00006260_001.png,10,Pneumonia
val,train/Consolidation/00011598_036.png,2,Consolidation
val,train/Effusion/00013259_004.png,4,Effusion
val,train/Mass/00016358_000.png,8,Mass
val,train/Fibrosis/00011567_001.png,6,Fibrosis
val,train/Edema/00011122_005.png,3,Edema
val,train/Pneumothorax/00004800_002.png,11,Pneumothorax
val,train/Pneumothorax/00011618_004.png,11,Pneumothorax
val,train/Infiltration/00019785_006.png,7,Infiltration
val,train/Emphysema/00029821_011.png,5,Emphysema
val,train/Pneumothorax/00021036_002.png,11,Pneumothorax
val,train/Fibrosis/00003637_007.png,6,Fibrosis
val,train/Pneumothorax/00000631_004.png,11,Pneumothorax
val,train/Nodule/00017698_001.png,9,Nodule
val,train/Consolidation/00011062_005.png,2,Consolidation
val,train/Pneumonia/00005963_025.png,10,Pneumonia
val,train/Effusion/00006382_007.png,4,Effusion
val,train/Infiltration/00011537_000.png,7,Infiltration
val,train/Effusion/00003741_001.png,4,Effusion
val,train/Consolidation/00000238_002.png,2,Consolidation
val,train/Emphysema/00000086_001.png,5,Emphysema
val,train/Pneumothorax/00012687_002.png,11,Pneumothorax
val,train/Mass/00016251_000.png,8,Mass
val,train/Infiltration/00026223_003.png,7,Infiltration
val,train/Consolidation/00006517_003.png,2,Consolidation
val,train/Infiltration/00016918_014.png,7,Infiltration
val,train/Consolidation/00017536_000.png,2,Consolidation
val,train/Atelectasis/00028996_005.png,0,Atelectasis
val,train/Emphysema/00009079_000.png,5,Emphysema
val,train/Effusion/00022481_008.png,4,Effusion
val,train/Infiltration/00019979_000.png,7,Infiltration
val,train/Infiltration/00003053_006.png,7,Infiltration
val,train/Mass/00003556_000.png,8,Mass
val,train/Atelectasis/00020699_008.png,0,Atelectasis
val,train/Emphysema/00010841_000.png,5,Emphysema
val,train/Nodule/00018857_000.png,9,Nodule
val,train/Infiltration/00002225_005.png,7,Infiltration
val,train/Pneumothorax/00025082_005.png,11,Pneumothorax
val,train/Pneumothorax/00005600_006.png,11,Pneumothorax
val,train/Emphysema/00007962_002.png,5,Emphysema
val,train/Emphysema/00029692_000.png,5,Emphysema
val,train/Nodule/00000820_009.png,9,Nodule
val,train/Fibrosis/00013267_000.png,6,Fibrosis
val,train/Atelectasis/00000368_011.png,0,Atelectasis
val,train/Pneumonia/00015273_000.png,10,Pneumonia
val,train/Emphysema/00008594_002.png,5,Emphysema
val,train/Atelectasis/00009012_005.png,0,Atelectasis
val,train/Consolidation/00000877_031.png,2,Consolidation
val,train/Atelectasis/00016618_008.png,0,Atelectasis
val,train/Nodule/00000101_000.png,9,Nodule
val,train/Atelectasis/00016677_002.png,0,Atelectasis
val,train/Mass/00000624_001.png,8,Mass
val,train/Mass/00013608_005.png,8,Mass
val,train/Pneumothorax/00021610_008.png,11,Pneumothorax
val,train/Emphysema/00019935_004.png,5,Emphysema
val,train/Infiltration/00003546_005.png,7,Infiltration
val,train/Nodule/00016404_008.png,9,Nodule
val,train/Nodule/00020967_020.png,9,Nodule
val,train/Cardiomegaly/00004554_001.png,1,Cardiomegaly
val,train/Infiltration/00022697_000.png,7,Infiltration
test,test/Pneumothorax/00013391_001.png,11,Pneumothorax
test,test/Mass/00014664_005.png,8,Mass
test,test/Atelectasis/00019637_002.png,0,Atelectasis
test,test/Nodule/00013256_015.png,9,Nodule
test,test/Mass/00014839_001.png,8,Mass
test,test/Cardiomegaly/00018233_060.png,1,Cardiomegaly
test,test/Infiltration/00028774_013.png,7,Infiltration
test,test/Nodule/00023162_003.png,9,Nodule
test,test/Atelectasis/00023116_004.png,0,Atelectasis
test,test/Mass/00013659_016.png,8,Mass
test,test/Infiltration/00007569_017.png,7,Infiltration
test,test/Pneumothorax/00026886_008.png,11,Pneumothorax
test,test/Infiltration/00019637_000.png,7,Infiltration
test,test/Mass/00028861_000.png,8,Mass
test,test/Nodule/00026125_001.png,9,Nodule
test,test/Effusion/00027726_048.png,4,Effusion
test,test/Atelectasis/00014253_012.png,0,Atelectasis
test,test/Cardiomegaly/00001373_022.png,1,Cardiomegaly
test,test/Cardiomegaly/00001373_021.png,1,Cardiomegaly
test,test/Pneumothorax/00017747_008.png,11,Pneumothorax
test,test/Infiltration/00004808_092.png,7,Infiltration
test,test/Infiltration/00001946_025.png,7,Infiltration
test,test/Infiltration/00013750_002.png,7,Infiltration
test,test/Infiltration/00022993_002.png,7,Infiltration
test,test/Consolidation/00019646_001.png,2,Consolidation
test,test/Edema/00018091_015.png,3,Edema
test,test/Pneumothorax/00015646_046.png,11,Pneumothorax
test,test/Mass/00014116_001.png,8,Mass
test,test/Mass/00014664_003.png,8,Mass
test,test/Infiltration/00013615_066.png,7,Infiltration
test,test/Consolidation/00012576_014.png,2,Consolidation
test,test/Nodule/00001093_013.png,9,Nodule
test,test/Effusion/00018253_060.png,4,Effusion
test,test/Pneumonia/00015605_051.png,10,Pneumonia
test,test/Atelectasis/00006134_001.png,0,Atelectasis
test,test/Nodule/00016607_023.png,9,Nodule
test,test/Fibrosis/00016933_000.png,6,Fibrosis
test,test/Edema/00012878_001.png,3,Edema
test,test/Mass/00017747_051.png,8,Mass
test,test/Atelectasis/00026399_007.png,0,Atelectasis
test,test/Infiltration/00013685_047.png,7,Infiltration
test,test/Emphysema/00018999_002.png,5,Emphysema
test,test/Fibrosis/00012291_015.png,6,Fibrosis
test,test/Effusion/00022416_059.png,4,Effusion
test,test/Edema/00019508_008.png,3,Edema
test,test/Pneumothorax/00020318_022.png,11,Pneumothorax
test,test/Nodule/00027726_033.png,9,Nodule
test,test/Nodule/00012156_002.png,9,Nodule
test,test/Mass/00013051_001.png,8,Mass
test,test/Pneumothorax/00011460_022.png,11,Pneumothorax
test,test/Effusion/00007034_064.png,4,Effusion
test,test/Emphysema/00010120_022.png,5,Emphysema
test,test/Effusion/00025936_006.png,4,Effusion
test,test/Fibrosis/00000324_003.png,6,Fibrosis
test,test/Edema/00008291_010.png,3,Edema
test,test/Emphysema/00029596_024.png,5,Emphysema
test,test/Fibrosis/00010120_027.png,6,Fibrosis
test,test/Nodule/00019124_022.png,9,Nodule
test,test/Cardiomegaly/00015054_001.png,1,Cardiomegaly
test,test/Pneumothorax/00021748_000.png,11,Pneumothorax
test,test/Pneumothorax/00023065_018.png,11,Pneumothorax
test,test/Effusion/00009218_038.png,4,Effusion
test,test/Nodule/00016837_000.png,9,Nodule
test,test/Emphysema/00010936_025.png,5,Emphysema
test,test/Pneumonia/00001582_019.png,10,Pneumonia
test,test/Emphysema/00017504_039.png,5,Emphysema
test,test/Emphysema/00006673_000.png,5,Emphysema
test,test/Mass/00023026_006.png,8,Mass
test,test/Effusion/00010007_126.png,4,Effusion
test,test/Atelectasis/00006851_034.png,0,Atelectasis
test,test/Nodule/00011832_000.png,9,Nodule
test,test/Nodule/00012376_017.png,9,Nodule
test,test/Pneumonia/00000218_001.png,10,Pneumonia
test,test/Edema/00013807_005.png,3,Edema
test,test/Cardiomegaly/00008404_000.png,1,Cardiomegaly
test,test/Atelectasis/00000149_002.png,0,Atelectasis
test,test/Infiltration/00011925_029.png,7,Infiltration
test,test/Fibrosis/00015056_001.png,6,Fibrosis
test,test/Consolidation/00022883_000.png,2,Consolidation
test,test/Effusion/00015605_025.png,4,Effusion
test,test/Mass/00013659_001.png,8,Mass
test,test/Edema/00027726_011.png,3,Edema
test,test/Infiltration/00001836_118.png,7,Infiltration
test,test/Fibrosis/00002350_013.png,6,Fibrosis
test,test/Edema/00019938_004.png,3,Edema
test,test/Infiltration/00014125_053.png,7,Infiltration
test,test/Edema/00013128_010.png,3,Edema
test,test/Nodule/00013283_003.png,9,Nodule
test,test/Fibrosis/00022415_004.png,6,Fibrosis
test,test/Effusion/00021222_016.png,4,Effusion
test,test/Nodule/00028317_001.png,9,Nodule
test,test/Infiltration/00017138_110.png,7,Infiltration
test,test/Effusion/00011237_109.png,4,Effusion
test,test/Nodule/00029247_003.png,9,Nodule
test,test/Pneumothorax/00002316_006.png,11,Pneumothorax
test,test/Pneumothorax/00015530_146.png,11,Pneumothorax
test,test/Edema/00013377_018.png,3,Edema
test,test/Fibrosis/00018721_000.png,6,Fibrosis
test,test/Pneumothorax/00016587_004.png,11,Pneumothorax
test,test/Cardiomegaly/00018233_009.png,1,Cardiomegaly
test,test/Edema/00014839_026.png,3,Edema
test,test/Effusion/00022416_047.png,4,Effusion
test,test/Mass/00006585_002.png,8,Mass
test,test/Infiltration/00015646_015.png,7,Infiltration
test,test/Emphysema/00019919_011.png,5,Emphysema
test,test/Cardiomegaly/00013249_050.png,1,Cardiomegaly
test,test/Fibrosis/00018921_032.png,6,Fibrosis
test,test/Mass/00022572_027.png,8,Mass
test,test/Atelectasis/00018657_017.png,0,Atelectasis
test,test/Pneumothorax/00030606_005.png,11,Pneumothorax
test,test/Pneumonia/00001437_019.png,10,Pneumonia
test,test/Infiltration/00030079_024.png,7,Infiltration
test,test/Infiltration/00023068_028.png,7,Infiltration
test,test/Cardiomegaly/00007735_025.png,1,Cardiomegaly
test,test/Atelectasis/00018840_006.png,0,Atelectasis
test,test/Cardiomegaly/00013249_010.png,1,Cardiomegaly
test,test/Atelectasis/00004822_023.png,0,Atelectasis
test,test/Cardiomegaly/00007735_031.png,1,Cardiomegaly
test,test/Pneumothorax/00009863_055.png,11,Pneumothorax
test,test/Nodule/00019124_018.png,9,Nodule
test,test/Fibrosis/00003460_002.png,6,Fibrosis
test,test/Nodule/00015792_007.png,9,Nodule
test,test/Emphysema/00027592_019.png,5,Emphysema
test,test/Effusion/00022977_008.png,4,Effusion
test,test/Edema/00016291_053.png,3,Edema
test,test/Atelectasis/00018721_002.png,0,Atelectasis
test,test/Effusion/00011136_014.png,4,Effusion
test,test/Infiltration/00000032_017.png,7,Infiltration
test,test/Effusion/00012834_122.png,4,Effusion
test,test/Mass/00027464_000.png,8,Mass
test,test/Fibrosis/00014058_013.png,6,Fibrosis
test,test/Pneumonia/00012834_085.png,10,Pneumonia
test,test/Pneumothorax/00011460_038.png,11,Pneumothorax
test,test/Effusion/00018860_024.png,4,Effusion
test,test/Edema/00015605_040.png,3,Edema
test,test/Fibrosis/00003996_011.png,6,Fibrosis
test,test/Effusion/00017137_002.png,4,Effusion
test,test/Pneumothorax/00028876_042.png,11,Pneumothorax
test,test/Pneumonia/00015442_000.png,10,Pneumonia
test,test/Fibrosis/00000733_002.png,6,Fibrosis
test,test/Mass/00028844_018.png,8,Mass
test,test/Nodule/00015649_001.png,9,Nodule
test,test/Atelectasis/00009218_028.png,0,Atelectasis
test,test/Atelectasis/00026399_012.png,0,Atelectasis
test,test/Fibrosis/00003529_000.png,6,Fibrosis
test,test/Pneumonia/00011702_043.png,10,Pneumonia
test,test/Emphysema/00020318_028.png,5,Emphysema
test,test/Edema/00007018_058.png,3,Edema
test,test/Fibrosis/00016719_011.png,6,Fibrosis
test,test/Fibrosis/00002101_003.png,6,Fibrosis
test,test/Consolidation/00029943_031.png,2,Consolidation
test,test/Emphysema/00019919_012.png,5,Emphysema
test,test/Pneumothorax/00026412_043.png,11,Pneumothorax
test,test/Fibrosis/00013272_004.png,6,Fibrosis
test,test/Fibrosis/00000181_052.png,6,Fibrosis
test,test/Consolidation/00015770_035.png,2,Consolidation
test,test/Mass/00014358_004.png,8,Mass
test,test/Cardiomegaly/00014706_018.png,1,Cardiomegaly
test,test/Consolidation/00028774_032.png,2,Consolidation
test,test/Atelectasis/00000583_010.png,0,Atelectasis
test,test/Infiltration/00027093_007.png,7,Infiltration
test,test/Nodule/00021609_009.png,9,Nodule
test,test/Effusion/00012141_000.png,4,Effusion
test,test/Consolidation/00004526_010.png,2,Consolidation
test,test/Atelectasis/00016403_003.png,0,Atelectasis
test,test/Atelectasis/00000181_040.png,0,Atelectasis
test,test/Edema/00023310_007.png,3,Edema
test,test/Atelectasis/00019271_030.png,0,Atelectasis
test,test/Fibrosis/00003460_003.png,6,Fibrosis
test,test/Effusion/00010172_003.png,4,Effusion
test,test/Consolidation/00001170_053.png,2,Consolidation
test,test/Atelectasis/00009218_021.png,0,Atelectasis
test,test/Pneumonia/00010805_042.png,10,Pneumonia
test,test/Pneumothorax/00017448_004.png,11,Pneumothorax
test,test/Emphysema/00020405_005.png,5,Emphysema
test,test/Fibrosis/00000324_007.png,6,Fibrosis
test,test/Atelectasis/00030375_003.png,0,Atelectasis
test,test/Fibrosis/00014492_002.png,6,Fibrosis
test,test/Fibrosis/00023228_001.png,6,Fibrosis
test,test/Edema/00007018_048.png,3,Edema
test,test/Cardiomegaly/00021860_005.png,1,Cardiomegaly
test,test/Cardiomegaly/00023093_011.png,1,Cardiomegaly
test,test/Consolidation/00026451_043.png,2,Consolidation
test,test/Effusion/00013993_060.png,4,Effusion
test,test/Cardiomegaly/00007551_021.png,1,Cardiomegaly
test,test/Pneumonia/00022192_038.png,10,Pneumonia
test,test/Nodule/00012879_000.png,9,Nodule
test,test/Atelectasis/00017524_004.png,0,Atelectasis
test,test/Atelectasis/00009237_014.png,0,Atelectasis
test,test/Fibrosis/00014969_003.png,6,Fibrosis
test,test/Consolidation/00013993_092.png,2,Consolidation
test,test/Infiltration/00009349_013.png,7,Infiltration
test,test/Consolidation/00016522_017.png,2,Consolidation
test,test/Mass/00011831_000.png,8,Mass
test,test/Emphysema/00030046_005.png,5,Emphysema
test,test/Cardiomegaly/00007651_000.png,1,Cardiomegaly
test,test/Pneumonia/00029481_004.png,10,Pneumonia
test,test/Nodule/00009431_000.png,9,Nodule
test,test/Emphysema/00018865_015.png,5,Emphysema
test,test/Pneumonia/00013625_069.png,10,Pneumonia
test,test/Emphysema/00005681_010.png,5,Emphysema
test,test/Emphysema/00008911_032.png,5,Emphysema
test,test/Edema/00019208_006.png,3,Edema
test,test/Nodule/00009551_018.png,9,Nodule
test,test/Infiltration/00013670_160.png,7,Infiltration
test,test/Nodule/00026287_008.png,9,Nodule
test,test/Pneumothorax/00001170_036.png,11,Pneumothorax
test,test/Pneumothorax/00014525_013.png,11,Pneumothorax
test,test/Pneumonia/00016972_028.png,10,Pneumonia
test,test/Cardiomegaly/00004893_075.png,1,Cardiomegaly
test,test/Fibrosis/00019606_002.png,6,Fibrosis
test,test/Mass/00022899_023.png,8,Mass
test,test/Consolidation/00008522_042.png,2,Consolidation
test,test/Mass/00026263_004.png,8,Mass
test,test/Atelectasis/00019271_063.png,0,Atelectasis
test,test/Pneumonia/00012094_009.png,10,Pneumonia
test,test/Pneumonia/00016972_005.png,10,Pneumonia
test,test/Fibrosis/00014870_002.png,6,Fibrosis
test,test/Pneumothorax/00016587_005.png,11,Pneumothorax
test,test/Effusion/00014626_034.png,4,Effusion
test,test/Cardiomegaly/00014706_019.png,1,Cardiomegaly
test,test/Mass/00009237_006.png,8,Mass
test,test/Edema/00012263_008.png,3,Edema
test,test/Nodule/00010575_001.png,9,Nodule
test,test/Nodule/00019124_049.png,9,Nodule
test,test/Emphysema/00014083_018.png,5,Emphysema
test,test/Nodule/00023033_003.png,9,Nodule
test,test/Effusion/00017137_012.png,4,Effusion
test,test/Consolidation/00013670_022.png,2,Consolidation
test,test/Atelectasis/00015843_010.png,0,Atelectasis
test,test/Infiltration/00013659_026.png,7,Infiltration
test,test/Atelectasis/00018412_001.png,0,Atelectasis
test,test/Effusion/00018366_039.png,4,Effusion
test,test/Atelectasis/00020857_002.png,0,Atelectasis
test,test/Effusion/00015014_001.png,4,Effusion
test,test/Pneumothorax/00029807_007.png,11,Pneumothorax
test,test/Edema/00015264_003.png,3,Edema
test,test/Infiltration/00001373_017.png,7,Infiltration
test,test/Effusion/00020671_000.png,4,Effusion
test,test/Emphysema/00017448_003.png,5,Emphysema
test,test/Pneumonia/00028924_005.png,10,Pneumonia
test,test/Mass/00027833_017.png,8,Mass
test,test/Atelectasis/00016184_020.png,0,Atelectasis
test,test/Atelectasis/00013615_019.png,0,Atelectasis
test,test/Consolidation/00010709_003.png,2,Consolidation
test,test/Effusion/00014387_011.png,4,Effusion
test,test/Pneumonia/00003064_026.png,10,Pneumonia
test,test/Atelectasis/00006425_013.png,0,Atelectasis
test,test/Pneumothorax/00028861_009.png,11,Pneumothorax
test,test/Nodule/00001517_006.png,9,Nodule
test,test/Pneumothorax/00013209_008.png,11,Pneumothorax
test,test/Pneumonia/00016291_015.png,10,Pneumonia
test,test/Fibrosis/00002650_000.png,6,Fibrosis
test,test/Mass/00016009_009.png,8,Mass
test,test/Pneumonia/00013615_024.png,10,Pneumonia
test,test/Edema/00021420_022.png,3,Edema
test,test/Edema/00012747_003.png,3,Edema
test,test/Consolidation/00030079_065.png,2,Consolidation
test,test/Consolidation/00023178_001.png,2,Consolidation
test,test/Pneumothorax/00023116_018.png,11,Pneumothorax
test,test/Consolidation/00015058_018.png,2,Consolidation
test,test/Edema/00017701_003.png,3,Edema
test,test/Infiltration/00030323_027.png,7,Infiltration
test,test/Infiltration/00017318_012.png,7,Infiltration
test,test/Atelectasis/00019924_044.png,0,Atelectasis
test,test/Edema/00026125_002.png,3,Edema
test,test/Infiltration/00006271_048.png,7,Infiltration
test,test/Pneumothorax/00002106_001.png,11,Pneumothorax
test,test/Infiltration/00012834_041.png,7,Infiltration
test,test/Mass/00027833_006.png,8,Mass
test,test/Consolidation/00013615_042.png,2,Consolidation
test,test/Atelectasis/00011814_019.png,0,Atelectasis
test,test/Pneumonia/00008397_016.png,10,Pneumonia
test,test/Pneumonia/00007444_003.png,10,Pneumonia
test,test/Nodule/00023026_004.png,9,Nodule
test,test/Edema/00006271_012.png,3,Edema
test,test/Emphysema/00026412_056.png,5,Emphysema
test,test/Consolidation/00008522_041.png,2,Consolidation
test,test/Emphysema/00009574_014.png,5,Emphysema
test,test/Fibrosis/00004822_033.png,6,Fibrosis
test,test/Edema/00012386_005.png,3,Edema
test,test/Emphysema/00008911_026.png,5,Emphysema
test,test/Fibrosis/00004991_004.png,6,Fibrosis
test,test/Cardiomegaly/00011322_007.png,1,Cardiomegaly
test,test/Pneumonia/00000193_019.png,10,Pneumonia
test,test/Consolidation/00018253_078.png,2,Consolidation
test,test/Consolidation/00013310_011.png,2,Consolidation
test,test/Nodule/00016705_008.png,9,Nodule
test,test/Pneumonia/00022192_032.png,10,Pneumonia
test,test/Pneumonia/00006717_007.png,10,Pneumonia
test,test/Mass/00014203_066.png,8,Mass
test,test/Mass/00014719_001.png,8,Mass
test,test/Atelectasis/00026451_053.png,0,Atelectasis
test,test/Edema/00015561_010.png,3,Edema
test,test/Pneumonia/00003528_043.png,10,Pneumonia
test,test/Pneumonia/00028873_017.png,10,Pneumonia
test,test/Atelectasis/00019265_010.png,0,Atelectasis
test,test/Cardiomegaly/00013520_022.png,1,Cardiomegaly
test,test/Effusion/00027446_001.png,4,Effusion
test,test/Nodule/00020393_006.png,9,Nodule
test,test/Cardiomegaly/00007551_020.png,1,Cardiomegaly
test,test/Edema/00014149_032.png,3,Edema
test,test/Nodule/00001248_005.png,9,Nodule
test,test/Consolidation/00013751_001.png,2,Consolidation
test,test/Effusion/00026818_029.png,4,Effusion
test,test/Effusion/00012045_007.png,4,Effusion
test,test/Pneumonia/00014294_011.png,10,Pneumonia
test,test/Mass/00022707_009.png,8,Mass
test,test/Infiltration/00028509_033.png,7,Infiltration
test,test/Mass/00009953_038.png,8,Mass
test,test/Consolidation/00020213_024.png,2,Consolidation
test,test/Fibrosis/00006329_006.png,6,Fibrosis
test,test/Effusion/00010071_011.png,4,Effusion
test,test/Nodule/00015649_004.png,9,Nodule
test,test/Edema/00012156_003.png,3,Edema
test,test/Edema/00019508_006.png,3,Edema
test,test/Emphysema/00019631_000.png,5,Emphysema
test,test/Cardiomegaly/00004533_011.png,1,Cardiomegaly
test,test/Nodule/00017138_054.png,9,Nodule
test,test/Pneumothorax/00029808_001.png,11,Pneumothorax
test,test/Consolidation/00026538_018.png,2,Consolidation
test,test/Edema/00028526_008.png,3,Edema
test,test/Fibrosis/00015387_001.png,6,Fibrosis
test,test/Fibrosis/00014022_017.png,6,Fibrosis
test,test/Nodule/00002509_015.png,9,Nodule
test,test/Emphysema/00009735_001.png,5,Emphysema
test,test/Cardiomegaly/00018921_056.png,1,Cardiomegaly
test,test/Infiltration/00027464_023.png,7,Infiltration
test,test/Edema/00013670_060.png,3,Edema
test,test/Cardiomegaly/00015563_011.png,1,Cardiomegaly
test,test/Emphysema/00007586_000.png,5,Emphysema
test,test/Atelectasis/00018249_001.png,0,Atelectasis
test,test/Fibrosis/00014022_050.png,6,Fibrosis
test,test/Consolidation/00000032_016.png,2,Consolidation
test,test/Consolidation/00016490_027.png,2,Consolidation
test,test/Nodule/00029820_004.png,9,Nodule
test,test/Edema/00019157_005.png,3,Edema
test,test/Infiltration/00011814_007.png,7,Infiltration
test,test/Emphysema/00014083_013.png,5,Emphysema
test,test/Edema/00014785_005.png,3,Edema
test,test/Fibrosis/00009239_001.png,6,Fibrosis
test,test/Fibrosis/00019489_000.png,6,Fibrosis
test,test/Mass/00012413_007.png,8,Mass
test,test/Mass/00004858_083.png,8,Mass
test,test/Consolidation/00003149_008.png,2,Consolidation
test,test/Nodule/00006819_003.png,9,Nodule
test,test/Cardiomegaly/00004526_012.png,1,Cardiomegaly
test,test/Atelectasis/00020482_028.png,0,Atelectasis
test,test/Effusion/00028509_014.png,4,Effusion
test,test/Edema/00023309_027.png,3,Edema
test,test/Pneumothorax/00013209_000.png,11,Pneumothorax
test,test/Edema/00011985_005.png,3,Edema
test,test/Consolidation/00013256_014.png,2,Consolidation
test,test/Consolidation/00029088_009.png,2,Consolidation
test,test/Cardiomegaly/00006991_007.png,1,Cardiomegaly
test,test/Nodule/00025707_000.png,9,Nodule
test,test/Effusion/00011702_060.png,4,Effusion
test,test/Effusion/00010775_016.png,4,Effusion
test,test/Mass/00002046_005.png,8,Mass
test,test/Mass/00015605_057.png,8,Mass
test,test/Fibrosis/00000997_001.png,6,Fibrosis
test,test/Pneumonia/00011514_015.png,10,Pneumonia
test,test/Edema/00012021_059.png,3,Edema
test,test/Fibrosis/00010652_005.png,6,Fibrosis
test,test/Infiltration/00003064_031.png,7,Infiltration
test,test/Cardiomegaly/00000013_045.png,1,Cardiomegaly
test,test/Infiltration/00020213_047.png,7,Infiltration
test,test/Pneumonia/00015442_001.png,10,Pneumonia
test,test/Pneumonia/00022815_066.png,10,Pneumonia
test,test/Nodule/00018366_007.png,9,Nodule
test,test/Pneumonia/00019275_001.png,10,Pneumonia
test,test/Fibrosis/00006416_007.png,6,Fibrosis
test,test/Infiltration/00012021_028.png,7,Infiltration
test,test/Emphysema/00016587_078.png,5,Emphysema
test,test/Pneumonia/00004344_002.png,10,Pneumonia
test,test/Effusion/00011814_004.png,4,Effusion
test,test/Fibrosis/00011460_074.png,6,Fibrosis
test,test/Infiltration/00016705_001.png,7,Infiltration
test,test/Fibrosis/00016094_001.png,6,Fibrosis
test,test/Consolidation/00013471_003.png,2,Consolidation
test,test/Fibrosis/00014022_070.png,6,Fibrosis
test,test/Atelectasis/00007046_004.png,0,Atelectasis
test,test/Mass/00014358_008.png,8,Mass
test,test/Pneumonia/00014492_005.png,10,Pneumonia
test,test/Edema/00012455_003.png,3,Edema
test,test/Pneumonia/00019750_031.png,10,Pneumonia
test,test/Nodule/00023168_001.png,9,Nodule
test,test/Consolidation/00028974_023.png,2,Consolidation
test,test/Emphysema/00009845_018.png,5,Emphysema
test,test/Edema/00006160_001.png,3,Edema
test,test/Consolidation/00020438_010.png,2,Consolidation
test,test/Fibrosis/00020065_013.png,6,Fibrosis
test,test/Nodule/00010775_000.png,9,Nodule
test,test/Pneumonia/00021710_002.png,10,Pneumonia
test,test/Cardiomegaly/00000211_001.png,1,Cardiomegaly
test,test/Consolidation/00019363_017.png,2,Consolidation
test,test/Effusion/00002395_030.png,4,Effusion
test,test/Mass/00014663_028.png,8,Mass
test,test/Infiltration/00013531_034.png,7,Infiltration
test,test/Cardiomegaly/00005066_063.png,1,Cardiomegaly
test,test/Pneumonia/00026753_004.png,10,Pneumonia
test,test/Consolidation/00012045_003.png,2,Consolidation
test,test/Emphysema/00014083_024.png,5,Emphysema
test,test/Emphysema/00012975_007.png,5,Emphysema
test,test/Emphysema/00007046_003.png,5,Emphysema
test,test/Emphysema/00013310_048.png,5,Emphysema
test,test/Mass/00009889_024.png,8,Mass
test,test/Fibrosis/00004893_029.png,6,Fibrosis
test,test/Pneumothorax/00013031_013.png,11,Pneumothorax
test,test/Infiltration/00021277_019.png,7,Infiltration
test,test/Effusion/00029943_018.png,4,Effusion
test,test/Emphysema/00013031_015.png,5,Emphysema
test,test/Pneumothorax/00027833_015.png,11,Pneumothorax
test,test/Cardiomegaly/00013249_001.png,1,Cardiomegaly
test,test/Consolidation/00005681_023.png,2,Consolidation
test,test/Pneumothorax/00020772_011.png,11,Pneumothorax
test,test/Pneumothorax/00010767_010.png,11,Pneumothorax
test,test/Infiltration/00021024_023.png,7,Infiltration
test,test/Effusion/00025252_068.png,4,Effusion
test,test/Consolidation/00010007_169.png,2,Consolidation
test,test/Edema/00017236_089.png,3,Edema
test,test/Pneumothorax/00003062_004.png,11,Pneumothorax
test,test/Pneumonia/00016184_037.png,10,Pneumonia
test,test/Effusion/00000116_003.png,4,Effusion
test,test/Atelectasis/00010535_005.png,0,Atelectasis
test,test/Nodule/00003973_000.png,9,Nodule
test,test/Pneumothorax/00009845_012.png,11,Pneumothorax
test,test/Cardiomegaly/00006481_015.png,1,Cardiomegaly
test,test/Edema/00011391_038.png,3,Edema
test,test/Infiltration/00025221_000.png,7,Infiltration
test,test/Nodule/00003029_002.png,9,Nodule
test,test/Pneumonia/00001946_007.png,10,Pneumonia
test,test/Emphysema/00008291_018.png,5,Emphysema
test,test/Edema/00013176_003.png,3,Edema
test,test/Atelectasis/00000583_035.png,0,Atelectasis
test,test/Atelectasis/00029817_003.png,0,Atelectasis
test,test/Pneumothorax/00018898_002.png,11,Pneumothorax
test,test/Nodule/00008295_008.png,9,Nodule
test,test/Nodule/00002509_000.png,9,Nodule
test,test/Mass/00016719_027.png,8,Mass
test,test/Pneumonia/00020405_030.png,10,Pneumonia
test,test/Atelectasis/00019637_010.png,0,Atelectasis
test,test/Cardiomegaly/00004822_007.png,1,Cardiomegaly
test,test/Pneumonia/00016705_002.png,10,Pneumonia
test,test/Effusion/00017036_022.png,4,Effusion
test,test/Effusion/00028509_022.png,4,Effusion
test,test/Mass/00018091_009.png,8,Mass
test,test/Pneumonia/00012094_011.png,10,Pneumonia
test,test/Atelectasis/00026125_003.png,0,Atelectasis
test,test/Fibrosis/00002395_036.png,6,Fibrosis
test,test/Emphysema/00012094_052.png,5,Emphysema
test,test/Emphysema/00007471_001.png,5,Emphysema
test,test/Cardiomegaly/00004822_010.png,1,Cardiomegaly
test,test/Mass/00027833_010.png,8,Mass
test,test/Emphysema/00018284_009.png,5,Emphysema
test,test/Pneumonia/00020482_029.png,10,Pneumonia
test,test/Emphysema/00003945_003.png,5,Emphysema
test,test/Cardiomegaly/00006808_035.png,1,Cardiomegaly
test,test/Edema/00018187_028.png,3,Edema
test,test/Emphysema/00004858_087.png,5,Emphysema
test,test/Atelectasis/00018419_000.png,0,Atelectasis
test,test/Effusion/00011702_074.png,4,Effusion
test,test/Emphysema/00012622_023.png,5,Emphysema
test,test/Edema/00015264_005.png,3,Edema
test,test/Pneumothorax/00009166_003.png,11,Pneumothorax
test,test/Nodule/00023075_048.png,9,Nodule
test,test/Edema/00009892_007.png,3,Edema
test,test/Consolidation/00006271_055.png,2,Consolidation
test,test/Effusion/00005962_027.png,4,Effusion
test,test/Consolidation/00001247_010.png,2,Consolidation
test,test/Edema/00014149_034.png,3,Edema
test,test/Pneumonia/00022877_014.png,10,Pneumonia
test,test/Nodule/00023033_011.png,9,Nodule
test,test/Pneumonia/00005567_017.png,10,Pneumonia
test,test/Cardiomegaly/00013685_006.png,1,Cardiomegaly
test,test/Mass/00023162_001.png,8,Mass
test,test/Mass/00028572_000.png,8,Mass
test,test/Mass/00014398_014.png,8,Mass
test,test/Nodule/00006304_032.png,9,Nodule
test,test/Consolidation/00030079_034.png,2,Consolidation
test,test/Emphysema/00015530_064.png,5,Emphysema
test,test/Cardiomegaly/00016414_002.png,1,Cardiomegaly
test,test/Emphysema/00022192_008.png,5,Emphysema
test,test/Pneumonia/00013993_046.png,10,Pneumonia
test,test/Atelectasis/00023178_007.png,0,Atelectasis
test,test/Consolidation/00000181_047.png,2,Consolidation
test,test/Mass/00013670_105.png,8,Mass
test,test/Consolidation/00029943_035.png,2,Consolidation
test,test/Fibrosis/00000181_001.png,6,Fibrosis
test,test/Mass/00014663_040.png,8,Mass
test,test/Fibrosis/00012306_000.png,6,Fibrosis
test,test/Emphysema/00026412_055.png,5,Emphysema
test,test/Effusion/00020213_008.png,4,Effusion
test,test/Mass/00018101_006.png,8,Mass
test,test/Consolidation/00014688_003.png,2,Consolidation
test,test/Mass/00011804_019.png,8,Mass
test,test/Mass/00027937_007.png,8,Mass
test,test/Nodule/00014203_033.png,9,Nodule
test,test/Nodule/00020716_001.png,9,Nodule
test,test/Pneumothorax/00016719_010.png,11,Pneumothorax
test,test/Infiltration/00019767_004.png,7,Infiltration
test,test/Emphysema/00018249_012.png,5,Emphysema
test,test/Pneumothorax/00029950_020.png,11,Pneumothorax
test,test/Cardiomegaly/00007735_016.png,1,Cardiomegaly
test,test/Infiltration/00021274_013.png,7,Infiltration
test,test/Fibrosis/00000092_002.png,6,Fibrosis
test,test/Pneumonia/00011391_006.png,10,Pneumonia
test,test/Mass/00019924_000.png,8,Mass
test,test/Pneumothorax/00011355_022.png,11,Pneumothorax
test,test/Mass/00023309_010.png,8,Mass
test,test/Infiltration/00014346_041.png,7,Infiltration
test,test/Edema/00023271_014.png,3,Edema
test,test/Consolidation/00014798_016.png,2,Consolidation
test,test/Pneumothorax/00027213_044.png,11,Pneumothorax
test,test/Consolidation/00023138_011.png,2,Consolidation
test,test/Pneumothorax/00025252_058.png,11,Pneumothorax
test,test/Infiltration/00014387_007.png,7,Infiltration
test,test/Effusion/00028924_006.png,4,Effusion
test,test/Consolidation/00003803_013.png,2,Consolidation
test,test/Effusion/00027697_013.png,4,Effusion
test,test/Nodule/00008626_024.png,9,Nodule
test,test/Effusion/00011269_011.png,4,Effusion
test,test/Nodule/00023162_023.png,9,Nodule
test,test/Mass/00009889_039.png,8,Mass
test,test/Consolidation/00030323_042.png,2,Consolidation
test,test/Edema/00015605_035.png,3,Edema
test,test/Edema/00026818_007.png,3,Edema
test,test/Cardiomegaly/00004533_018.png,1,Cardiomegaly
test,test/Nodule/00025368_023.png,9,Nodule
test,test/Emphysema/00002868_010.png,5,Emphysema
test,test/Pneumonia/00017138_068.png,10,Pneumonia
test,test/Mass/00018203_002.png,8,Mass
test,test/Cardiomegaly/00004526_008.png,1,Cardiomegaly
test,test/Effusion/00001330_004.png,4,Effusion
test,test/Effusion/00023325_005.png,4,Effusion
test,test/Pneumonia/00017236_034.png,10,Pneumonia
test,test/Pneumothorax/00023075_003.png,11,Pneumothorax
test,test/Effusion/00018360_003.png,4,Effusion
test,test/Mass/00023091_006.png,8,Mass
test,test/Mass/00011291_004.png,8,Mass
test,test/Cardiomegaly/00003973_002.png,1,Cardiomegaly
test,test/Effusion/00012021_058.png,4,Effusion
test,test/Atelectasis/00019766_031.png,0,Atelectasis
test,test/Cardiomegaly/00016414_000.png,1,Cardiomegaly
test,test/Consolidation/00017606_026.png,2,Consolidation
test,test/Emphysema/00007750_013.png,5,Emphysema
test,test/Pneumonia/00020845_002.png,10,Pneumonia
test,test/Mass/00017036_015.png,8,Mass
test,test/Effusion/00026562_021.png,4,Effusion
test,test/Pneumothorax/00011460_033.png,11,Pneumothorax
test,test/Consolidation/00026753_005.png,2,Consolidation
test,test/Nodule/00011237_003.png,9,Nodule
test,test/Nodule/00006586_000.png,9,Nodule
test,test/Cardiomegaly/00025416_001.png,1,Cardiomegaly
test,test/Mass/00011355_001.png,8,Mass
test,test/Atelectasis/00007120_010.png,0,Atelectasis
test,test/Cardiomegaly/00010007_066.png,1,Cardiomegaly
test,test/Pneumothorax/00025252_080.png,11,Pneumothorax
test,test/Pneumothorax/00030606_001.png,11,Pneumothorax
test,test/Infiltration/00013310_044.png,7,Infiltration
test,test/Infiltration/00009889_040.png,7,Infiltration
test,test/Pneumonia/00000583_045.png,10,Pneumonia
test,test/Atelectasis/00015255_012.png,0,Atelectasis
test,test/Consolidation/00018360_056.png,2,Consolidation
test,test/Fibrosis/00000468_037.png,6,Fibrosis
test,test/Mass/00006948_020.png,8,Mass
test,test/Infiltration/00020673_046.png,7,Infiltration
test,test/Fibrosis/00025679_000.png,6,Fibrosis
test,test/Atelectasis/00015843_009.png,0,Atelectasis
test,test/Cardiomegaly/00023093_009.png,1,Cardiomegaly
test,test/Cardiomegaly/00005532_031.png,1,Cardiomegaly
test,test/Infiltration/00026338_001.png,7,Infiltration
test,test/Atelectasis/00019495_006.png,0,Atelectasis
test,test/Emphysema/00014358_011.png,5,Emphysema
test,test/Cardiomegaly/00028873_007.png,1,Cardiomegaly
test,test/Effusion/00017606_022.png,4,Effusion
test,test/Infiltration/00014294_012.png,7,Infiltration
test,test/Pneumonia/00019275_002.png,10,Pneumonia
test,test/Consolidation/00019265_005.png,2,Consolidation
test,test/Mass/00001900_015.png,8,Mass
test,test/Edema/00002437_027.png,3,Edema
test,test/Mass/00027556_006.png,8,Mass
test,test/Pneumonia/00020945_020.png,10,Pneumonia
test,test/Cardiomegaly/00006808_008.png,1,Cardiomegaly
test,test/Emphysema/00018055_041.png,5,Emphysema
test,test/Mass/00019124_074.png,8,Mass
test,test/Fibrosis/00007099_000.png,6,Fibrosis
test,test/Consolidation/00015676_009.png,2,Consolidation
test,test/Fibrosis/00009166_013.png,6,Fibrosis
test,test/Fibrosis/00021352_000.png,6,Fibrosis
test,test/Consolidation/00020673_017.png,2,Consolidation
test,test/Atelectasis/00001836_056.png,0,Atelectasis
test,test/Emphysema/00000041_001.png,5,Emphysema
test,test/Infiltration/00014525_018.png,7,Infiltration
test,test/Atelectasis/00012175_007.png,0,Atelectasis
test,test/Emphysema/00005681_015.png,5,Emphysema
test,test/Mass/00010198_015.png,8,Mass
test,test/Pneumonia/00001946_024.png,10,Pneumonia
test,test/Emphysema/00018249_011.png,5,Emphysema
test,test/Nodule/00016587_059.png,9,Nodule
test,test/Cardiomegaly/00011263_004.png,1,Cardiomegaly
test,test/Mass/00016487_001.png,8,Mass
test,test/Nodule/00001673_001.png,9,Nodule
test,test/Effusion/00017036_014.png,4,Effusion
test,test/Emphysema/00017747_024.png,5,Emphysema
test,test/Nodule/00015070_005.png,9,Nodule
test,test/Infiltration/00004808_099.png,7,Infiltration
test,test/Mass/00010447_000.png,8,Mass
test,test/Emphysema/00015530_074.png,5,Emphysema
test,test/Consolidation/00029809_014.png,2,Consolidation
test,test/Nodule/00028285_000.png,9,Nodule
test,test/Emphysema/00026412_047.png,5,Emphysema
test,test/Atelectasis/00006736_007.png,0,Atelectasis
test,test/Atelectasis/00027028_006.png,0,Atelectasis
test,test/Edema/00002533_003.png,3,Edema
test,test/Pneumothorax/00027213_049.png,11,Pneumothorax
test,test/Infiltration/00017236_011.png,7,Infiltration
test,test/Emphysema/00015530_089.png,5,Emphysema
test,test/Consolidation/00019750_018.png,2,Consolidation
test,test/Cardiomegaly/00004344_046.png,1,Cardiomegaly
test,test/Infiltration/00023283_001.png,7,Infiltration
test,test/Pneumonia/00013272_005.png,10,Pneumonia
test,test/Fibrosis/00003064_053.png,6,Fibrosis
test,test/Cardiomegaly/00018233_006.png,1,Cardiomegaly
test,test/Pneumonia/00001582_021.png,10,Pneumonia
test,test/Consolidation/00016719_022.png,2,Consolidation
test,test/Cardiomegaly/00004381_016.png,1,Cardiomegaly
test,test/Atelectasis/00010120_001.png,0,Atelectasis
test,test/Effusion/00022883_006.png,4,Effusion
test,test/Pneumothorax/00028208_026.png,11,Pneumothorax
test,test/Fibrosis/00013648_024.png,6,Fibrosis
test,test/Emphysema/00006713_004.png,5,Emphysema
test,test/Atelectasis/00026451_040.png,0,Atelectasis
test,test/Infiltration/00003789_002.png,7,Infiltration
test,test/Pneumothorax/00025085_013.png,11,Pneumothorax
test,test/Effusion/00020213_087.png,4,Effusion
test,test/Atelectasis/00001836_113.png,0,Atelectasis
test,test/Consolidation/00003528_027.png,2,Consolidation
test,test/Pneumonia/00009229_003.png,10,Pneumonia
test,test/Edema/00009574_026.png,3,Edema
test,test/Cardiomegaly/00007735_038.png,1,Cardiomegaly
test,test/Pneumothorax/00015502_006.png,11,Pneumothorax
test,test/Atelectasis/00019766_010.png,0,Atelectasis
test,test/Cardiomegaly/00002435_010.png,1,Cardiomegaly
test,test/Effusion/00025664_041.png,4,Effusion
test,test/Consolidation/00026412_003.png,2,Consolidation
test,test/Fibrosis/00005567_007.png,6,Fibrosis
test,test/Pneumothorax/00028861_008.png,11,Pneumothorax
test,test/Nodule/00028689_000.png,9,Nodule
test,test/Infiltration/00013922_022.png,7,Infiltration
test,test/Pneumonia/00005567_025.png,10,Pneumonia
test,test/Cardiomegaly/00007043_000.png,1,Cardiomegaly
test,test/Effusion/00002509_011.png,4,Effusion
test,test/Effusion/00016964_012.png,4,Effusion
test,test/Nodule/00014822_029.png,9,Nodule
test,test/Edema/00019208_004.png,3,Edema
test,test/Pneumothorax/00002868_004.png,11,Pneumothorax
test,test/Pneumothorax/00026451_045.png,11,Pneumothorax
test,test/Pneumonia/00009863_059.png,10,Pneumonia
test,test/Infiltration/00022572_024.png,7,Infiltration
test,test/Emphysema/00015530_056.png,5,Emphysema
test,test/Atelectasis/00025664_009.png,0,Atelectasis
test,test/Fibrosis/00002395_023.png,6,Fibrosis
test,test/Consolidation/00016258_008.png,2,Consolidation
test,test/Mass/00013977_004.png,8,Mass
test,test/Atelectasis/00010535_006.png,0,Atelectasis
test,test/Pneumothorax/00011460_045.png,11,Pneumothorax
test,test/Nodule/00023033_000.png,9,Nodule
test,test/Emphysema/00014839_012.png,5,Emphysema
test,test/Edema/00027637_004.png,3,Edema
test,test/Edema/00012386_004.png,3,Edema
test,test/Mass/00011804_008.png,8,Mass
test,test/Edema/00018840_017.png,3,Edema
test,test/Cardiomegaly/00010007_080.png,1,Cardiomegaly
test,test/Infiltration/00008522_037.png,7,Infiltration
test,test/Edema/00007018_038.png,3,Edema
test,test/Edema/00011391_023.png,3,Edema
test,test/Consolidation/00004858_013.png,2,Consolidation
test,test/Cardiomegaly/00000032_000.png,1,Cardiomegaly
test,test/Emphysema/00001555_005.png,5,Emphysema
test,test/Mass/00019651_000.png,8,Mass
test,test/Edema/00021420_015.png,3,Edema
test,test/Cardiomegaly/00004533_021.png,1,Cardiomegaly
test,test/Pneumonia/00004893_070.png,10,Pneumonia
test,test/Pneumonia/00021860_003.png,10,Pneumonia
test,test/Infiltration/00013625_049.png,7,Infiltration
test,test/Nodule/00006425_001.png,9,Nodule
test,test/Atelectasis/00017877_001.png,0,Atelectasis
test,test/Mass/00021420_020.png,8,Mass
test,test/Fibrosis/00008295_041.png,6,Fibrosis
test,test/Consolidation/00013111_028.png,2,Consolidation
test,test/Mass/00011831_001.png,8,Mass
test,test/Infiltration/00021818_008.png,7,Infiltration
test,test/Edema/00012878_002.png,3,Edema
test,test/Edema/00014058_002.png,3,Edema
test,test/Pneumothorax/00025787_057.png,11,Pneumothorax
test,test/Effusion/00000116_022.png,4,Effusion
test,test/Pneumonia/00017236_075.png,10,Pneumonia
test,test/Effusion/00020113_010.png,4,Effusion
test,test/Atelectasis/00015018_012.png,0,Atelectasis
test,test/Edema/00011391_027.png,3,Edema
test,test/Fibrosis/00000533_004.png,6,Fibrosis
test,test/Edema/00021277_035.png,3,Edema
test,test/Pneumothorax/00021381_039.png,11,Pneumothorax
test,test/Pneumonia/00008727_009.png,10,Pneumonia
test,test/Atelectasis/00027726_042.png,0,Atelectasis
test,test/Emphysema/00026412_064.png,5,Emphysema
test,test/Consolidation/00028774_034.png,2,Consolidation
test,test/Fibrosis/00006889_002.png,6,Fibrosis
test,test/Pneumonia/00007735_018.png,10,Pneumonia
test,test/Effusion/00015530_101.png,4,Effusion
test,test/Emphysema/00027368_010.png,5,Emphysema
test,test/Fibrosis/00007034_023.png,6,Fibrosis
test,test/Consolidation/00011237_039.png,2,Consolidation
test,test/Consolidation/00019919_019.png,2,Consolidation
test,test/Mass/00008924_001.png,8,Mass
test,test/Pneumonia/00003973_007.png,10,Pneumonia
test,test/Pneumothorax/00018921_003.png,11,Pneumothorax
test,test/Pneumothorax/00011460_004.png,11,Pneumothorax
test,test/Infiltration/00020213_118.png,7,Infiltration
test,test/Pneumothorax/00001170_028.png,11,Pneumothorax
test,test/Fibrosis/00018898_006.png,6,Fibrosis
test,test/Mass/00014719_003.png,8,Mass
test,test/Atelectasis/00012592_004.png,0,Atelectasis
test,test/Emphysema/00010120_023.png,5,Emphysema
test,test/Emphysema/00017504_056.png,5,Emphysema
test,test/Mass/00001787_008.png,8,Mass
test,test/Nodule/00026769_000.png,9,Nodule
test,test/Consolidation/00013670_135.png,2,Consolidation
test,test/Mass/00028265_007.png,8,Mass
test,test/Effusion/00010007_110.png,4,Effusion
test,test/Pneumothorax/00016587_023.png,11,Pneumothorax
test,test/Fibrosis/00013648_015.png,6,Fibrosis
test,test/Fibrosis/00011214_001.png,6,Fibrosis
test,test/Fibrosis/00014022_031.png,6,Fibrosis
test,test/Effusion/00013285_040.png,4,Effusion
test,test/Nodule/00027652_008.png,9,Nodule
test,test/Edema/00018187_068.png,3,Edema
test,test/Mass/00007322_000.png,8,Mass
test,test/Consolidation/00013625_044.png,2,Consolidation
test,test/Consolidation/00020482_038.png,2,Consolidation
test,test/Pneumothorax/00001006_019.png,11,Pneumothorax
test,test/Fibrosis/00023925_000.png,6,Fibrosis
test,test/Fibrosis/00014022_016.png,6,Fibrosis
test,test/Nodule/00028628_000.png,9,Nodule
test,test/Pneumonia/00014022_102.png,10,Pneumonia
test,test/Effusion/00005089_035.png,4,Effusion
test,test/Consolidation/00027213_026.png,2,Consolidation
test,test/Pneumothorax/00007676_014.png,11,Pneumothorax
test,test/Consolidation/00017710_007.png,2,Consolidation
test,test/Nodule/00027957_004.png,9,Nodule
test,test/Infiltration/00009237_021.png,7,Infiltration
test,test/Atelectasis/00009342_004.png,0,Atelectasis
test,test/Edema/00008269_006.png,3,Edema
test,test/Infiltration/00027213_084.png,7,Infiltration
test,test/Cardiomegaly/00004526_007.png,1,Cardiomegaly
test,test/Pneumothorax/00017138_089.png,11,Pneumothorax
test,test/Cardiomegaly/00027782_006.png,1,Cardiomegaly
test,test/Mass/00008295_019.png,8,Mass
test,test/Mass/00016971_002.png,8,Mass
test,test/Emphysema/00029631_005.png,5,Emphysema
test,test/Emphysema/00014752_001.png,5,Emphysema
test,test/Mass/00001075_024.png,8,Mass
test,test/Cardiomegaly/00023325_032.png,1,Cardiomegaly
test,test/Effusion/00002856_024.png,4,Effusion
test,test/Nodule/00025707_017.png,9,Nodule
test,test/Cardiomegaly/00013249_009.png,1,Cardiomegaly
test,test/Atelectasis/00011579_034.png,0,Atelectasis
test,test/Atelectasis/00027474_004.png,0,Atelectasis
test,test/Pneumothorax/00011460_028.png,11,Pneumothorax
test,test/Pneumothorax/00018366_045.png,11,Pneumothorax
test,test/Atelectasis/00020819_009.png,0,Atelectasis
test,test/Cardiomegaly/00000948_000.png,1,Cardiomegaly
test,test/Effusion/00014675_039.png,4,Effusion
test,test/Emphysema/00017504_055.png,5,Emphysema
test,test/Infiltration/00017504_015.png,7,Infiltration
test,test/Cardiomegaly/00018233_058.png,1,Cardiomegaly
test,test/Pneumothorax/00000643_007.png,11,Pneumothorax
test,test/Atelectasis/00026399_008.png,0,Atelectasis
test,test/Atelectasis/00010936_007.png,0,Atelectasis
test,test/Pneumothorax/00005681_030.png,11,Pneumothorax
test,test/Pneumonia/00018319_001.png,10,Pneumonia
test,test/Fibrosis/00006416_006.png,6,Fibrosis
test,test/Nodule/00014895_005.png,9,Nodule
test,test/Fibrosis/00007318_000.png,6,Fibrosis
test,test/Cardiomegaly/00000032_029.png,1,Cardiomegaly
test,test/Pneumothorax/00018921_053.png,11,Pneumothorax
test,test/Edema/00029460_002.png,3,Edema
test,test/Infiltration/00012364_038.png,7,Infiltration
test,test/Pneumothorax/00029909_000.png,11,Pneumothorax
test,test/Pneumonia/00017641_003.png,10,Pneumonia
test,test/Infiltration/00030079_026.png,7,Infiltration
test,test/Mass/00008841_047.png,8,Mass
test,test/Pneumothorax/00029880_008.png,11,Pneumothorax
test,test/Effusion/00016987_005.png,4,Effusion
test,test/Atelectasis/00000583_051.png,0,Atelectasis
test,test/Effusion/00016987_014.png,4,Effusion
test,test/Pneumonia/00004893_027.png,10,Pneumonia
test,test/Cardiomegaly/00013062_003.png,1,Cardiomegaly
test,test/Effusion/00013285_015.png,4,Effusion
test,test/Consolidation/00012021_055.png,2,Consolidation
test,test/Atelectasis/00004188_009.png,0,Atelectasis
test,test/Consolidation/00027213_022.png,2,Consolidation
test,test/Cardiomegaly/00005066_048.png,1,Cardiomegaly
test,test/Pneumothorax/00029532_007.png,11,Pneumothorax
test,test/Pneumonia/00011973_015.png,10,Pneumonia
test,test/Consolidation/00017641_012.png,2,Consolidation
test,test/Effusion/00028844_003.png,4,Effusion
test,test/Emphysema/00010512_005.png,5,Emphysema
test,test/Infiltration/00025787_005.png,7,Infiltration
test,test/Atelectasis/00012622_025.png,0,Atelectasis
test,test/Pneumothorax/00025252_055.png,11,Pneumothorax
test,test/Consolidation/00018187_015.png,2,Consolidation
test,test/Emphysema/00021377_001.png,5,Emphysema
test,test/Edema/00019508_005.png,3,Edema
test,test/Nodule/00016568_000.png,9,Nodule
test,test/Edema/00013531_028.png,3,Edema
test,test/Infiltration/00020791_000.png,7,Infiltration
test,test/Effusion/00014895_004.png,4,Effusion
test,test/Emphysema/00012747_000.png,5,Emphysema
test,test/Pneumothorax/00015530_114.png,11,Pneumothorax
test,test/Infiltration/00016587_033.png,7,Infiltration
test,test/Fibrosis/00002101_002.png,6,Fibrosis
test,test/Emphysema/00016270_007.png,5,Emphysema
test,test/Emphysema/00015072_003.png,5,Emphysema
test,test/Mass/00013461_002.png,8,Mass
test,test/Fibrosis/00012350_000.png,6,Fibrosis
test,test/Effusion/00022416_067.png,4,Effusion
test,test/Mass/00026261_002.png,8,Mass
test,test/Pneumonia/00001247_011.png,10,Pneumonia
test,test/Pneumonia/00017405_013.png,10,Pneumonia
test,test/Cardiomegaly/00004381_041.png,1,Cardiomegaly
test,test/Cardiomegaly/00004630_001.png,1,Cardiomegaly
test,test/Cardiomegaly/00004893_025.png,1,Cardiomegaly
test,test/Infiltration/00006271_016.png,7,Infiltration
test,test/Infiltration/00020184_011.png,7,Infiltration
test,test/Edema/00013377_019.png,3,Edema
test,test/Mass/00011157_000.png,8,Mass
test,test/Atelectasis/00019742_008.png,0,Atelectasis
test,test/Emphysema/00017504_068.png,5,Emphysema
test,test/Effusion/00013993_070.png,4,Effusion
test,test/Nodule/00017611_001.png,9,Nodule
test,test/Fibrosis/00010103_009.png,6,Fibrosis
test,test/Pneumonia/00026389_002.png,10,Pneumonia
test,test/Atelectasis/00012829_005.png,0,Atelectasis
test,test/Atelectasis/00012094_067.png,0,Atelectasis
test,test/Nodule/00016291_011.png,9,Nodule
test,test/Nodule/00029617_001.png,9,Nodule
test,test/Infiltration/00010535_011.png,7,Infiltration
test,test/Fibrosis/00017167_006.png,6,Fibrosis
test,test/Pneumonia/00016705_003.png,10,Pneumonia
test,test/Nodule/00004911_028.png,9,Nodule
test,test/Consolidation/00020405_038.png,2,Consolidation
test,test/Edema/00018091_014.png,3,Edema
test,test/Edema/00016184_042.png,3,Edema
test,test/Consolidation/00020772_000.png,2,Consolidation
test,test/Cardiomegaly/00011827_013.png,1,Cardiomegaly
test,test/Cardiomegaly/00011322_004.png,1,Cardiomegaly
test,test/Pneumothorax/00021381_002.png,11,Pneumothorax
test,test/Consolidation/00000468_034.png,2,Consolidation
test,test/Cardiomegaly/00023325_026.png,1,Cardiomegaly
test,test/Consolidation/00011579_010.png,2,Consolidation
test,test/Atelectasis/00023696_004.png,0,Atelectasis
test,test/Atelectasis/00014058_007.png,0,Atelectasis
test,test/Infiltration/00004533_006.png,7,Infiltration
test,test/Cardiomegaly/00012288_000.png,1,Cardiomegaly
test,test/Mass/00014956_012.png,8,Mass
test,test/Edema/00007018_053.png,3,Edema
test,test/Emphysema/00016587_036.png,5,Emphysema
test,test/Consolidation/00012021_018.png,2,Consolidation
test,test/Mass/00023075_013.png,8,Mass
test,test/Pneumonia/00009863_058.png,10,Pneumonia
test,test/Pneumothorax/00026078_005.png,11,Pneumothorax
test,test/Infiltration/00014626_032.png,7,Infiltration
test,test/Effusion/00014675_033.png,4,Effusion
test,test/Edema/00013377_017.png,3,Edema
test,test/Mass/00009683_000.png,8,Mass
test,test/Atelectasis/00028924_004.png,0,Atelectasis
test,test/Infiltration/00012021_044.png,7,Infiltration
test,test/Edema/00006674_005.png,3,Edema
test,test/Atelectasis/00002350_000.png,0,Atelectasis
test,test/Effusion/00029551_005.png,4,Effusion
test,test/Fibrosis/00000218_005.png,6,Fibrosis
test,test/Effusion/00013993_078.png,4,Effusion
test,test/Atelectasis/00025662_002.png,0,Atelectasis
test,test/Effusion/00021796_012.png,4,Effusion
test,test/Consolidation/00011702_056.png,2,Consolidation
test,test/Nodule/00029159_008.png,9,Nodule
test,test/Consolidation/00023085_004.png,2,Consolidation
test,test/Mass/00014663_042.png,8,Mass
test,test/Infiltration/00017318_006.png,7,Infiltration
test,test/Infiltration/00003973_011.png,7,Infiltration
test,test/Nodule/00014626_039.png,9,Nodule
test,test/Atelectasis/00018253_044.png,0,Atelectasis
test,test/Nodule/00017346_000.png,9,Nodule
test,test/Consolidation/00003028_021.png,2,Consolidation
test,test/Cardiomegaly/00004534_004.png,1,Cardiomegaly
test,test/Emphysema/00025612_004.png,5,Emphysema
test,test/Cardiomegaly/00011263_000.png,1,Cardiomegaly
test,test/Fibrosis/00002877_002.png,6,Fibrosis
test,test/Emphysema/00012091_000.png,5,Emphysema
test,test/Cardiomegaly/00028549_005.png,1,Cardiomegaly
test,test/Emphysema/00014822_033.png,5,Emphysema
test,test/Nodule/00016587_060.png,9,Nodule
test,test/Pneumonia/00028457_010.png,10,Pneumonia
test,test/Emphysema/00017504_054.png,5,Emphysema
test,test/Emphysema/00014083_016.png,5,Emphysema
test,test/Fibrosis/00005532_035.png,6,Fibrosis
test,test/Pneumonia/00013615_004.png,10,Pneumonia
test,test/Nodule/00000370_008.png,9,Nodule
test,test/Infiltration/00006271_072.png,7,Infiltration
test,test/Cardiomegaly/00004381_047.png,1,Cardiomegaly
test,test/Pneumothorax/00025085_009.png,11,Pneumothorax
test,test/Edema/00010007_003.png,3,Edema
test,test/Infiltration/00001900_031.png,7,Infiltration
test,test/Infiltration/00022961_005.png,7,Infiltration
test,test/Atelectasis/00002856_018.png,0,Atelectasis
test,test/Mass/00013648_023.png,8,Mass
test,test/Atelectasis/00005567_023.png,0,Atelectasis
test,test/Pneumothorax/00002290_003.png,11,Pneumothorax
test,test/Cardiomegaly/00004893_082.png,1,Cardiomegaly
test,test/Infiltration/00026810_026.png,7,Infiltration
test,test/Atelectasis/00016490_019.png,0,Atelectasis
test,test/Edema/00006991_013.png,3,Edema
test,test/Pneumothorax/00028861_011.png,11,Pneumothorax
test,test/Emphysema/00010512_003.png,5,Emphysema
test,test/Pneumonia/00021201_036.png,10,Pneumonia
test,test/Atelectasis/00002350_009.png,0,Atelectasis
test,test/Pneumonia/00013615_053.png,10,Pneumonia
test,test/Mass/00014398_012.png,8,Mass
test,test/Infiltration/00005712_010.png,7,Infiltration
test,test/Mass/00014398_005.png,8,Mass
test,test/Effusion/00026346_016.png,4,Effusion
test,test/Fibrosis/00001170_049.png,6,Fibrosis
test,test/Effusion/00015732_027.png,4,Effusion
test,test/Fibrosis/00014969_001.png,6,Fibrosis
test,test/Fibrosis/00012413_008.png,6,Fibrosis
test,test/Fibrosis/00021024_001.png,6,Fibrosis
test,test/Emphysema/00001555_000.png,5,Emphysema
test,test/Mass/00016971_032.png,8,Mass
test,test/Mass/00016064_000.png,8,Mass
test,test/Nodule/00014663_049.png,9,Nodule
test,test/Fibrosis/00000733_003.png,6,Fibrosis
test,test/Pneumothorax/00027697_006.png,11,Pneumothorax
test,test/Nodule/00013670_046.png,9,Nodule
test,test/Pneumothorax/00010071_007.png,11,Pneumothorax
test,test/Cardiomegaly/00007735_040.png,1,Cardiomegaly
test,test/Pneumonia/00018319_000.png,10,Pneumonia
test,test/Pneumonia/00013992_005.png,10,Pneumonia
test,test/Cardiomegaly/00011136_012.png,1,Cardiomegaly
test,test/Pneumothorax/00010012_040.png,11,Pneumothorax
test,test/Pneumonia/00016705_004.png,10,Pneumonia
test,test/Infiltration/00003528_050.png,7,Infiltration
test,test/Nodule/00012045_047.png,9,Nodule
test,test/Consolidation/00014663_043.png,2,Consolidation
test,test/Mass/00029943_013.png,8,Mass
test,test/Pneumonia/00020945_021.png,10,Pneumonia
test,test/Fibrosis/00013111_081.png,6,Fibrosis
test,test/Emphysema/00008866_001.png,5,Emphysema
test,test/Consolidation/00011237_103.png,2,Consolidation
test,test/Effusion/00013993_047.png,4,Effusion
test,test/Mass/00009349_039.png,8,Mass
test,test/Cardiomegaly/00028873_008.png,1,Cardiomegaly
test,test/Edema/00014675_005.png,3,Edema
test,test/Pneumothorax/00029813_010.png,11,Pneumothorax
test,test/Effusion/00026098_014.png,4,Effusion
test,test/Emphysema/00016270_013.png,5,Emphysema
test,test/Effusion/00015530_103.png,4,Effusion
test,test/Infiltration/00002763_024.png,7,Infiltration
test,test/Infiltration/00020184_020.png,7,Infiltration
test,test/Pneumonia/00015018_003.png,10,Pneumonia
test,test/Fibrosis/00004822_018.png,6,Fibrosis
test,test/Nodule/00027478_005.png,9,Nodule
test,test/Atelectasis/00014253_032.png,0,Atelectasis
test,test/Edema/00008291_007.png,3,Edema
test,test/Pneumonia/00021201_037.png,10,Pneumonia
test,test/Effusion/00010338_013.png,4,Effusion
test,test/Effusion/00006836_007.png,4,Effusion
test,test/Effusion/00016009_041.png,4,Effusion
test,test/Pneumothorax/00022155_011.png,11,Pneumothorax
test,test/Atelectasis/00011391_014.png,0,Atelectasis
test,test/Nodule/00019124_087.png,9,Nodule
test,test/Cardiomegaly/00014706_006.png,1,Cardiomegaly
test,test/Emphysema/00013031_020.png,5,Emphysema
test,test/Nodule/00019124_048.png,9,Nodule
test,test/Edema/00016291_028.png,3,Edema
test,test/Infiltration/00013249_040.png,7,Infiltration
test,test/Fibrosis/00014022_097.png,6,Fibrosis
test,test/Emphysema/00015530_045.png,5,Emphysema
test,test/Edema/00013968_003.png,3,Edema
test,test/Pneumothorax/00018366_002.png,11,Pneumothorax
test,test/Consolidation/00017710_006.png,2,Consolidation
test,test/Cardiomegaly/00006912_007.png,1,Cardiomegaly
test,test/Nodule/00018705_003.png,9,Nodule
test,test/Cardiomegaly/00020986_001.png,1,Cardiomegaly
test,test/Mass/00004547_002.png,8,Mass
test,test/Emphysema/00005609_023.png,5,Emphysema
test,test/Fibrosis/00002236_004.png,6,Fibrosis
test,test/Edema/00014125_056.png,3,Edema
test,test/Fibrosis/00005609_025.png,6,Fibrosis
test,test/Edema/00011322_008.png,3,Edema
test,test/Cardiomegaly/00006808_009.png,1,Cardiomegaly
test,test/Effusion/00011579_047.png,4,Effusion
test,test/Atelectasis/00023075_034.png,0,Atelectasis
test,test/Edema/00027726_008.png,3,Edema
test,test/Infiltration/00003028_059.png,7,Infiltration
test,test/Nodule/00014116_008.png,9,Nodule
test,test/Pneumothorax/00021748_001.png,11,Pneumothorax
test,test/Nodule/00028876_018.png,9,Nodule
test,test/Nodule/00002417_000.png,9,Nodule
test,test/Effusion/00028974_020.png,4,Effusion
test,test/Consolidation/00020213_117.png,2,Consolidation
test,test/Consolidation/00000583_012.png,2,Consolidation
test,test/Emphysema/00010815_015.png,5,Emphysema
test,test/Infiltration/00023081_009.png,7,Infiltration
test,test/Effusion/00006713_006.png,4,Effusion
test,test/Cardiomegaly/00005266_001.png,1,Cardiomegaly
test,test/Pneumothorax/00026451_014.png,11,Pneumothorax
test,test/Edema/00015799_007.png,3,Edema
test,test/Pneumonia/00030079_018.png,10,Pneumonia
test,test/Fibrosis/00007498_000.png,6,Fibrosis
test,test/Pneumonia/00028173_010.png,10,Pneumonia
test,test/Pneumonia/00022815_043.png,10,Pneumonia
test,test/Atelectasis/00019271_036.png,0,Atelectasis
test,test/Fibrosis/00021277_038.png,6,Fibrosis
test,test/Fibrosis/00013283_001.png,6,Fibrosis
test,test/Emphysema/00000041_005.png,5,Emphysema
test,test/Consolidation/00017606_015.png,2,Consolidation
test,test/Infiltration/00005532_044.png,7,Infiltration
test,test/Infiltration/00029469_004.png,7,Infiltration
test,test/Fibrosis/00016699_000.png,6,Fibrosis
test,test/Cardiomegaly/00029404_000.png,1,Cardiomegaly
test,test/Consolidation/00012413_004.png,2,Consolidation
test,test/Edema/00018867_028.png,3,Edema
test,test/Pneumothorax/00014358_016.png,11,Pneumothorax
test,test/Edema/00012747_005.png,3,Edema
test,test/Cardiomegaly/00004893_073.png,1,Cardiomegaly
test,test/Nodule/00020405_007.png,9,Nodule
test,test/Cardiomegaly/00016732_000.png,1,Cardiomegaly
test,test/Atelectasis/00019124_124.png,0,Atelectasis
test,test/Emphysema/00016258_011.png,5,Emphysema
test,test/Pneumonia/00006997_000.png,10,Pneumonia
test,test/Edema/00013993_064.png,3,Edema
test,test/Pneumothorax/00001170_037.png,11,Pneumothorax
test,test/Emphysema/00008866_002.png,5,Emphysema
test,test/Emphysema/00018249_016.png,5,Emphysema
test,test/Pneumothorax/00008566_007.png,11,Pneumothorax
test,test/Consolidation/00016972_013.png,2,Consolidation
test,test/Edema/00006472_001.png,3,Edema
test,test/Edema/00015953_004.png,3,Edema
test,test/Pneumonia/00017714_019.png,10,Pneumonia
test,test/Effusion/00013993_062.png,4,Effusion
test,test/Pneumothorax/00022155_010.png,11,Pneumothorax
test,test/Infiltration/00015255_015.png,7,Infiltration
test,test/Edema/00014792_009.png,3,Edema
test,test/Infiltration/00010610_004.png,7,Infiltration
