split,relative_path,label,class_name
train,train/Mass/00015793_000.png,8,Mass
train,train/Infiltration/00017356_004.png,7,Infiltration
train,train/Mass/00014636_000.png,8,Mass
train,train/Nodule/00007321_000.png,9,Nodule
train,train/Nodule/00019299_002.png,9,Nodule
train,train/Pneumonia/00012297_004.png,10,Pneumonia
train,train/Edema/00015034_004.png,3,Edema
train,train/Emphysema/00003776_000.png,5,Emphysema
train,train/Fibrosis/00019169_020.png,6,Fibrosis
train,train/Pneumothorax/00000491_011.png,11,Pneumothorax
train,train/Consolidation/00008451_007.png,2,Consolidation
train,train/Emphysema/00010341_001.png,5,Emphysema
train,train/Pneumothorax/00000832_005.png,11,Pneumothorax
train,train/Emphysema/00006024_010.png,5,Emphysema
train,train/Pneumothorax/00014143_000.png,11,Pneumothorax
train,train/Mass/00015660_000.png,8,Mass
train,train/Nodule/00013559_000.png,9,Nodule
train,train/Consolidation/00011303_003.png,2,Consolidation
train,train/Pneumothorax/00021976_013.png,11,Pneumothorax
train,train/Effusion/00013243_004.png,4,Effusion
train,train/Consolidation/00008509_005.png,2,Consolidation
train,train/Cardiomegaly/00024107_000.png,1,Cardiomegaly
train,train/Fibrosis/00001029_015.png,6,Fibrosis
train,train/Nodule/00006710_003.png,9,Nodule
train,train/Cardiomegaly/00027706_033.png,1,Cardiomegaly
train,train/Mass/00016106_003.png,8,Mass
train,train/Edema/00011711_007.png,3,Edema
train,train/Nodule/00010759_000.png,9,Nodule
train,train/Atelectasis/00019694_001.png,0,Atelectasis
train,train/Pneumonia/00003092_000.png,10,Pneumonia
train,train/Cardiomegaly/00010994_003.png,1,Cardiomegaly
train,train/Emphysema/00009485_000.png,5,Emphysema
train,train/Infiltration/00011553_020.png,7,Infiltration
train,train/Mass/00025924_028.png,8,Mass
train,train/Pneumothorax/00001724_009.png,11,Pneumothorax
train,train/Fibrosis/00014176_008.png,6,Fibrosis
train,train/Emphysema/00002378_003.png,5,Emphysema
train,train/Effusion/00022032_004.png,4,Effusion
train,train/Atelectasis/00021001_000.png,0,Atelectasis
train,train/Atelectasis/00020811_003.png,0,Atelectasis
train,train/Pneumothorax/00030561_007.png,11,Pneumothorax
train,train/Emphysema/00012648_005.png,5,Emphysema
train,train/Nodule/00015851_000.png,9,Nodule
train,train/Atelectasis/00021565_010.png,0,Atelectasis
train,train/Atelectasis/00008897_001.png,0,Atelectasis
train,train/Infiltration/00008081_015.png,7,Infiltration
train,train/Edema/00019865_004.png,3,Edema
train,train/Edema/00019407_002.png,3,Edema
train,train/Infiltration/00022156_009.png,7,Infiltration
train,train/Cardiomegaly/00009912_002.png,1,Cardiomegaly
train,train/Emphysema/00007962_002.png,5,Emphysema
train,train/Nodule/00009553_001.png,9,Nodule
train,train/Pneumonia/00009323_005.png,10,Pneumonia
train,train/Pneumonia/00026580_000.png,10,Pneumonia
train,train/Mass/00012804_002.png,8,Mass
train,train/Effusion/00004613_004.png,4,Effusion
train,train/Fibrosis/00008981_003.png,6,Fibrosis
train,train/Effusion/00001483_008.png,4,Effusion
train,train/Atelectasis/00012880_003.png,0,Atelectasis
train,train/Cardiomegaly/00007798_001.png,1,Cardiomegaly
train,train/Edema/00005288_004.png,3,Edema
train,train/Mass/00004665_001.png,8,Mass
train,train/Nodule/00022263_002.png,9,Nodule
train,train/Pneumothorax/00010350_035.png,11,Pneumothorax
train,train/Pneumonia/00013818_000.png,10,Pneumonia
train,train/Effusion/00025227_004.png,4,Effusion
train,train/Cardiomegaly/00004452_000.png,1,Cardiomegaly
train,train/Atelectasis/00017367_000.png,0,Atelectasis
train,train/Pneumonia/00001906_004.png,10,Pneumonia
train,train/Mass/00003187_001.png,8,Mass
train,train/Edema/00013534_001.png,3,Edema
train,train/Effusion/00001385_005.png,4,Effusion
train,train/Consolidation/00000627_030.png,2,Consolidation
train,train/Pneumothorax/00025695_016.png,11,Pneumothorax
train,train/Fibrosis/00012853_002.png,6,Fibrosis
train,train/Consolidation/00014472_014.png,2,Consolidation
train,train/Nodule/00000499_011.png,9,Nodule
train,train/Nodule/00029722_000.png,9,Nodule
train,train/Fibrosis/00002540_002.png,6,Fibrosis
train,train/Atelectasis/00009857_000.png,0,Atelectasis
train,train/Emphysema/00008271_000.png,5,Emphysema
train,train/Pneumonia/00002109_000.png,10,Pneumonia
train,train/Cardiomegaly/00015494_004.png,1,Cardiomegaly
train,train/Cardiomegaly/00027261_000.png,1,Cardiomegaly
train,train/Emphysema/00019354_002.png,5,Emphysema
train,train/Infiltration/00023260_000.png,7,Infiltration
train,train/Edema/00018164_002.png,3,Edema
train,train/Pneumothorax/00021611_003.png,11,Pneumothorax
train,train/Mass/00000250_004.png,8,Mass
train,train/Pneumonia/00007787_001.png,10,Pneumonia
train,train/Cardiomegaly/00008916_000.png,1,Cardiomegaly
train,train/Infiltration/00029484_000.png,7,Infiltration
train,train/Atelectasis/00006754_010.png,0,Atelectasis
train,train/Fibrosis/00003632_000.png,6,Fibrosis
train,train/Atelectasis/00006462_005.png,0,Atelectasis
train,train/Effusion/00003546_003.png,4,Effusion
train,train/Mass/00017227_001.png,8,Mass
train,train/Cardiomegaly/00006483_000.png,1,Cardiomegaly
train,train/Emphysema/00010841_000.png,5,Emphysema
train,train/Emphysema/00003406_006.png,5,Emphysema
train,train/Infiltration/00012616_003.png,7,Infiltration
train,train/Nodule/00009309_001.png,9,Nodule
train,train/Atelectasis/00023254_004.png,0,Atelectasis
train,train/Mass/00006072_003.png,8,Mass
train,train/Fibrosis/00005277_002.png,6,Fibrosis
train,train/Edema/00015075_002.png,3,Edema
train,train/Emphysema/00001547_003.png,5,Emphysema
train,train/Cardiomegaly/00000075_000.png,1,Cardiomegaly
train,train/Infiltration/00019472_000.png,7,Infiltration
train,train/Cardiomegaly/00011507_000.png,1,Cardiomegaly
train,train/Edema/00004090_002.png,3,Edema
train,train/Edema/00015193_006.png,3,Edema
train,train/Infiltration/00005976_002.png,7,Infiltration
train,train/Consolidation/00018574_021.png,2,Consolidation
train,train/Pneumothorax/00008062_004.png,11,Pneumothorax
train,train/Effusion/00028934_001.png,4,Effusion
train,train/Nodule/00004377_000.png,9,Nodule
train,train/Pneumothorax/00017325_005.png,11,Pneumothorax
train,train/Cardiomegaly/00006906_002.png,1,Cardiomegaly
train,train/Atelectasis/00009301_001.png,0,Atelectasis
train,train/Cardiomegaly/00012985_000.png,1,Cardiomegaly
train,train/Pneumothorax/00003423_019.png,11,Pneumothorax
train,train/Cardiomegaly/00005249_000.png,1,Cardiomegaly
train,train/Fibrosis/00013787_000.png,6,Fibrosis
train,train/Infiltration/00013793_000.png,7,Infiltration
train,train/Pneumonia/00001749_002.png,10,Pneumonia
train,train/Pneumothorax/00017324_032.png,11,Pneumothorax
train,train/Fibrosis/00000775_000.png,6,Fibrosis
train,train/Infiltration/00016934_043.png,7,Infiltration
train,train/Pneumonia/00005032_000.png,10,Pneumonia
train,train/Pneumonia/00011553_045.png,10,Pneumonia
train,train/Edema/00012620_005.png,3,Edema
train,train/Emphysema/00007093_019.png,5,Emphysema
train,train/Cardiomegaly/00006469_006.png,1,Cardiomegaly
train,train/Fibrosis/00010825_000.png,6,Fibrosis
train,train/Atelectasis/00007497_000.png,0,Atelectasis
train,train/Cardiomegaly/00012207_000.png,1,Cardiomegaly
train,train/Mass/00011096_000.png,8,Mass
train,train/Consolidation/00025514_007.png,2,Consolidation
train,train/Nodule/00005799_000.png,9,Nodule
train,train/Infiltration/00002003_008.png,7,Infiltration
train,train/Mass/00018065_009.png,8,Mass
train,train/Edema/00012236_005.png,3,Edema
train,train/Nodule/00007780_001.png,9,Nodule
train,train/Infiltration/00001409_010.png,7,Infiltration
train,train/Infiltration/00006296_015.png,7,Infiltration
train,train/Edema/00014187_000.png,3,Edema
train,train/Cardiomegaly/00015286_001.png,1,Cardiomegaly
train,train/Effusion/00014006_015.png,4,Effusion
train,train/Nodule/00013078_007.png,9,Nodule
train,train/Nodule/00003523_007.png,9,Nodule
train,train/Atelectasis/00025895_001.png,0,Atelectasis
train,train/Pneumothorax/00004656_001.png,11,Pneumothorax
train,train/Pneumothorax/00000372_002.png,11,Pneumothorax
train,train/Pneumonia/00014072_002.png,10,Pneumonia
train,train/Nodule/00003805_001.png,9,Nodule
train,train/Mass/00002510_005.png,8,Mass
train,train/Edema/00018027_009.png,3,Edema
train,train/Pneumonia/00001749_003.png,10,Pneumonia
train,train/Effusion/00003957_003.png,4,Effusion
train,train/Pneumonia/00016205_000.png,10,Pneumonia
train,train/Emphysema/00008468_034.png,5,Emphysema
train,train/Effusion/00016975_014.png,4,Effusion
train,train/Fibrosis/00002438_000.png,6,Fibrosis
train,train/Consolidation/00003981_004.png,2,Consolidation
train,train/Nodule/00003393_006.png,9,Nodule
train,train/Edema/00004646_007.png,3,Edema
train,train/Pneumonia/00011386_000.png,10,Pneumonia
train,train/Infiltration/00012320_004.png,7,Infiltration
train,train/Cardiomegaly/00002968_000.png,1,Cardiomegaly
train,train/Edema/00017424_037.png,3,Edema
train,train/Pneumonia/00021706_004.png,10,Pneumonia
train,train/Nodule/00013422_000.png,9,Nodule
train,train/Nodule/00002028_000.png,9,Nodule
train,train/Effusion/00005940_003.png,4,Effusion
train,train/Effusion/00002359_019.png,4,Effusion
train,train/Pneumothorax/00004727_001.png,11,Pneumothorax
train,train/Infiltration/00002708_000.png,7,Infiltration
train,train/Infiltration/00025255_000.png,7,Infiltration
train,train/Mass/00015173_001.png,8,Mass
train,train/Infiltration/00019910_002.png,7,Infiltration
train,train/Infiltration/00029883_007.png,7,Infiltration
train,train/Nodule/00015643_002.png,9,Nodule
train,train/Edema/00011885_005.png,3,Edema
train,train/Nodule/00025513_000.png,9,Nodule
train,train/Nodule/00030183_002.png,9,Nodule
train,train/Emphysema/00005460_004.png,5,Emphysema
train,train/Cardiomegaly/00012276_002.png,1,Cardiomegaly
train,train/Edema/00017356_008.png,3,Edema
train,train/Pneumonia/00026112_001.png,10,Pneumonia
train,train/Consolidation/00002119_000.png,2,Consolidation
train,train/Mass/00020867_000.png,8,Mass
train,train/Effusion/00007138_010.png,4,Effusion
train,train/Emphysema/00005566_003.png,5,Emphysema
train,train/Effusion/00010294_010.png,4,Effusion
train,train/Fibrosis/00000545_004.png,6,Fibrosis
train,train/Pneumothorax/00014174_020.png,11,Pneumothorax
train,train/Pneumothorax/00020809_005.png,11,Pneumothorax
train,train/Consolidation/00002072_007.png,2,Consolidation
train,train/Infiltration/00005365_024.png,7,Infiltration
train,train/Pneumothorax/00001724_001.png,11,Pneumothorax
train,train/Atelectasis/00028302_000.png,0,Atelectasis
train,train/Infiltration/00021317_000.png,7,Infiltration
train,train/Effusion/00029142_007.png,4,Effusion
train,train/Nodule/00027507_000.png,9,Nodule
train,train/Fibrosis/00005260_000.png,6,Fibrosis
train,train/Emphysema/00022559_007.png,5,Emphysema
train,train/Cardiomegaly/00020181_000.png,1,Cardiomegaly
train,train/Pneumothorax/00013519_001.png,11,Pneumothorax
train,train/Edema/00015376_024.png,3,Edema
train,train/Infiltration/00014647_007.png,7,Infiltration
train,train/Fibrosis/00022598_000.png,6,Fibrosis
train,train/Infiltration/00010475_030.png,7,Infiltration
train,train/Infiltration/00002353_006.png,7,Infiltration
train,train/Nodule/00011632_031.png,9,Nodule
train,train/Nodule/00030695_000.png,9,Nodule
train,train/Consolidation/00030497_005.png,2,Consolidation
train,train/Nodule/00003408_001.png,9,Nodule
train,train/Atelectasis/00016238_006.png,0,Atelectasis
train,train/Edema/00011587_006.png,3,Edema
train,train/Pneumothorax/00003760_000.png,11,Pneumothorax
train,train/Atelectasis/00002484_001.png,0,Atelectasis
train,train/Edema/00015581_007.png,3,Edema
train,train/Mass/00015495_005.png,8,Mass
train,train/Cardiomegaly/00021958_000.png,1,Cardiomegaly
train,train/Nodule/00007065_002.png,9,Nodule
train,train/Effusion/00001473_003.png,4,Effusion
train,train/Mass/00020703_016.png,8,Mass
train,train/Edema/00004992_015.png,3,Edema
train,train/Infiltration/00021187_000.png,7,Infiltration
train,train/Pneumonia/00010375_001.png,10,Pneumonia
train,train/Emphysema/00007038_001.png,5,Emphysema
train,train/Mass/00012184_007.png,8,Mass
train,train/Consolidation/00016785_003.png,2,Consolidation
train,train/Effusion/00020086_000.png,4,Effusion
train,train/Emphysema/00002718_001.png,5,Emphysema
train,train/Mass/00017645_010.png,8,Mass
train,train/Fibrosis/00000280_002.png,6,Fibrosis
train,train/Cardiomegaly/00015166_000.png,1,Cardiomegaly
train,train/Mass/00001410_003.png,8,Mass
train,train/Consolidation/00014705_001.png,2,Consolidation
train,train/Edema/00027355_005.png,3,Edema
train,train/Fibrosis/00001316_000.png,6,Fibrosis
train,train/Nodule/00009077_000.png,9,Nodule
train,train/Cardiomegaly/00000077_000.png,1,Cardiomegaly
train,train/Infiltration/00020670_000.png,7,Infiltration
train,train/Mass/00003129_002.png,8,Mass
train,train/Pneumothorax/00028256_001.png,11,Pneumothorax
train,train/Fibrosis/00001429_010.png,6,Fibrosis
train,train/Consolidation/00026963_025.png,2,Consolidation
train,train/Edema/00025181_010.png,3,Edema
train,train/Pneumonia/00003535_025.png,10,Pneumonia
train,train/Mass/00015214_003.png,8,Mass
train,train/Infiltration/00001748_008.png,7,Infiltration
train,train/Emphysema/00025800_001.png,5,Emphysema
train,train/Effusion/00014355_008.png,4,Effusion
train,train/Effusion/00028523_029.png,4,Effusion
train,train/Emphysema/00002843_008.png,5,Emphysema
train,train/Emphysema/00012624_000.png,5,Emphysema
train,train/Edema/00025189_011.png,3,Edema
train,train/Mass/00028963_000.png,8,Mass
train,train/Consolidation/00021213_001.png,2,Consolidation
train,train/Cardiomegaly/00010897_016.png,1,Cardiomegaly
train,train/Fibrosis/00001974_015.png,6,Fibrosis
train,train/Infiltration/00024577_000.png,7,Infiltration
train,train/Mass/00015754_015.png,8,Mass
train,train/Pneumothorax/00029235_007.png,11,Pneumothorax
train,train/Emphysema/00013005_000.png,5,Emphysema
train,train/Effusion/00029326_004.png,4,Effusion
train,train/Infiltration/00018058_004.png,7,Infiltration
train,train/Atelectasis/00016079_015.png,0,Atelectasis
train,train/Fibrosis/00010841_008.png,6,Fibrosis
train,train/Consolidation/00001788_001.png,2,Consolidation
train,train/Pneumothorax/00000827_017.png,11,Pneumothorax
train,train/Pneumothorax/00003527_006.png,11,Pneumothorax
train,train/Mass/00012604_001.png,8,Mass
train,train/Pneumonia/00015734_000.png,10,Pneumonia
train,train/Fibrosis/00001315_000.png,6,Fibrosis
train,train/Pneumothorax/00005365_006.png,11,Pneumothorax
train,train/Consolidation/00003873_000.png,2,Consolidation
train,train/Emphysema/00010942_000.png,5,Emphysema
train,train/Pneumonia/00015968_000.png,10,Pneumonia
train,train/Consolidation/00021182_003.png,2,Consolidation
train,train/Mass/00016516_000.png,8,Mass
train,train/Pneumothorax/00021582_006.png,11,Pneumothorax
train,train/Effusion/00009595_013.png,4,Effusion
train,train/Pneumothorax/00014299_004.png,11,Pneumothorax
train,train/Pneumothorax/00008230_015.png,11,Pneumothorax
train,train/Infiltration/00022106_008.png,7,Infiltration
train,train/Emphysema/00029826_000.png,5,Emphysema
train,train/Atelectasis/00000251_003.png,0,Atelectasis
train,train/Nodule/00001728_000.png,9,Nodule
train,train/Nodule/00004806_000.png,9,Nodule
train,train/Mass/00010938_001.png,8,Mass
train,train/Pneumonia/00017005_000.png,10,Pneumonia
train,train/Edema/00018251_007.png,3,Edema
train,train/Mass/00022948_000.png,8,Mass
train,train/Mass/00015196_003.png,8,Mass
train,train/Emphysema/00001019_002.png,5,Emphysema
train,train/Nodule/00006116_006.png,9,Nodule
train,train/Effusion/00017651_007.png,4,Effusion
train,train/Mass/00008188_002.png,8,Mass
train,train/Effusion/00012628_050.png,4,Effusion
train,train/Pneumothorax/00023258_000.png,11,Pneumothorax
train,train/Pneumonia/00016896_012.png,10,Pneumonia
train,train/Atelectasis/00010258_000.png,0,Atelectasis
train,train/Pneumonia/00010334_010.png,10,Pneumonia
train,train/Consolidation/00012315_012.png,2,Consolidation
train,train/Consolidation/00000112_002.png,2,Consolidation
train,train/Effusion/00019348_006.png,4,Effusion
train,train/Cardiomegaly/00029572_002.png,1,Cardiomegaly
train,train/Infiltration/00022776_008.png,7,Infiltration
train,train/Cardiomegaly/00010095_000.png,1,Cardiomegaly
train,train/Mass/00005335_000.png,8,Mass
train,train/Pneumonia/00005274_011.png,10,Pneumonia
train,train/Fibrosis/00016265_002.png,6,Fibrosis
train,train/Effusion/00014397_004.png,4,Effusion
train,train/Pneumothorax/00021651_013.png,11,Pneumothorax
train,train/Mass/00017994_000.png,8,Mass
train,train/Edema/00028020_007.png,3,Edema
train,train/Nodule/00005935_006.png,9,Nodule
train,train/Pneumonia/00010761_002.png,10,Pneumonia
train,train/Pneumothorax/00004094_005.png,11,Pneumothorax
train,train/Fibrosis/00011971_001.png,6,Fibrosis
train,train/Mass/00017429_005.png,8,Mass
train,train/Mass/00017429_006.png,8,Mass
train,train/Nodule/00026545_000.png,9,Nodule
train,train/Pneumothorax/00017110_003.png,11,Pneumothorax
train,train/Emphysema/00030459_003.png,5,Emphysema
train,train/Atelectasis/00008856_001.png,0,Atelectasis
train,train/Pneumothorax/00003527_010.png,11,Pneumothorax
train,train/Fibrosis/00018015_016.png,6,Fibrosis
train,train/Infiltration/00001502_000.png,7,Infiltration
train,train/Mass/00016122_000.png,8,Mass
train,train/Consolidation/00005626_009.png,2,Consolidation
train,train/Consolidation/00030152_006.png,2,Consolidation
train,train/Pneumothorax/00014393_005.png,11,Pneumothorax
train,train/Fibrosis/00030662_000.png,6,Fibrosis
train,train/Atelectasis/00013229_005.png,0,Atelectasis
train,train/Effusion/00001992_006.png,4,Effusion
train,train/Cardiomegaly/00016802_000.png,1,Cardiomegaly
train,train/Cardiomegaly/00013077_005.png,1,Cardiomegaly
train,train/Infiltration/00025192_003.png,7,Infiltration
train,train/Pneumonia/00005138_009.png,10,Pneumonia
train,train/Nodule/00008362_008.png,9,Nodule
train,train/Nodule/00003737_002.png,9,Nodule
train,train/Nodule/00019739_000.png,9,Nodule
train,train/Atelectasis/00016332_000.png,0,Atelectasis
train,train/Infiltration/00026317_000.png,7,Infiltration
train,train/Nodule/00025119_008.png,9,Nodule
train,train/Edema/00000459_042.png,3,Edema
train,train/Consolidation/00016934_008.png,2,Consolidation
train,train/Infiltration/00000709_001.png,7,Infiltration
train,train/Edema/00008561_013.png,3,Edema
train,train/Pneumonia/00006966_004.png,10,Pneumonia
train,train/Pneumonia/00028076_000.png,10,Pneumonia
train,train/Infiltration/00007576_040.png,7,Infiltration
train,train/Infiltration/00010224_000.png,7,Infiltration
train,train/Fibrosis/00018052_000.png,6,Fibrosis
train,train/Nodule/00021150_000.png,9,Nodule
train,train/Pneumonia/00027784_007.png,10,Pneumonia
train,train/Fibrosis/00006832_011.png,6,Fibrosis
train,train/Consolidation/00004669_001.png,2,Consolidation
train,train/Pneumonia/00000061_015.png,10,Pneumonia
train,train/Mass/00016988_001.png,8,Mass
train,train/Effusion/00026597_012.png,4,Effusion
train,train/Nodule/00029310_000.png,9,Nodule
train,train/Mass/00008943_001.png,8,Mass
train,train/Edema/00018027_011.png,3,Edema
train,train/Nodule/00026814_002.png,9,Nodule
train,train/Pneumothorax/00000368_003.png,11,Pneumothorax
train,train/Nodule/00002058_033.png,9,Nodule
train,train/Pneumothorax/00010841_003.png,11,Pneumothorax
train,train/Emphysema/00027359_008.png,5,Emphysema
train,train/Mass/00006856_006.png,8,Mass
train,train/Infiltration/00015398_000.png,7,Infiltration
train,train/Pneumonia/00001317_002.png,10,Pneumonia
train,train/Pneumonia/00013779_000.png,10,Pneumonia
train,train/Atelectasis/00012954_000.png,0,Atelectasis
train,train/Pneumothorax/00010384_013.png,11,Pneumothorax
train,train/Effusion/00018739_010.png,4,Effusion
train,train/Edema/00013003_020.png,3,Edema
train,train/Atelectasis/00023631_000.png,0,Atelectasis
train,train/Consolidation/00028618_001.png,2,Consolidation
train,train/Edema/00006381_025.png,3,Edema
train,train/Infiltration/00013567_001.png,7,Infiltration
train,train/Effusion/00003426_039.png,4,Effusion
train,train/Nodule/00003393_005.png,9,Nodule
train,train/Emphysema/00022431_008.png,5,Emphysema
train,train/Consolidation/00025426_001.png,2,Consolidation
train,train/Emphysema/00014829_000.png,5,Emphysema
train,train/Atelectasis/00015218_003.png,0,Atelectasis
train,train/Pneumonia/00014436_008.png,10,Pneumonia
train,train/Consolidation/00011251_009.png,2,Consolidation
train,train/Pneumothorax/00001583_014.png,11,Pneumothorax
train,train/Effusion/00018175_023.png,4,Effusion
train,train/Mass/00013543_000.png,8,Mass
train,train/Consolidation/00014950_005.png,2,Consolidation
train,train/Nodule/00016789_004.png,9,Nodule
train,train/Effusion/00011963_008.png,4,Effusion
train,train/Consolidation/00010357_003.png,2,Consolidation
train,train/Pneumonia/00019770_000.png,10,Pneumonia
train,train/Nodule/00014567_002.png,9,Nodule
train,train/Mass/00016331_000.png,8,Mass
train,train/Mass/00014265_026.png,8,Mass
train,train/Pneumothorax/00018225_003.png,11,Pneumothorax
train,train/Mass/00010744_003.png,8,Mass
train,train/Nodule/00000200_000.png,9,Nodule
train,train/Effusion/00013849_007.png,4,Effusion
train,train/Emphysema/00009272_002.png,5,Emphysema
train,train/Consolidation/00019027_003.png,2,Consolidation
train,train/Pneumonia/00026908_002.png,10,Pneumonia
train,train/Consolidation/00000798_026.png,2,Consolidation
train,train/Cardiomegaly/00005778_016.png,1,Cardiomegaly
train,train/Effusion/00018610_025.png,4,Effusion
train,train/Mass/00014583_000.png,8,Mass
train,train/Cardiomegaly/00000448_000.png,1,Cardiomegaly
train,train/Emphysema/00005460_003.png,5,Emphysema
train,train/Cardiomegaly/00000442_003.png,1,Cardiomegaly
train,train/Pneumothorax/00009866_001.png,11,Pneumothorax
train,train/Emphysema/00008760_000.png,5,Emphysema
train,train/Atelectasis/00017751_001.png,0,Atelectasis
train,train/Pneumothorax/00017133_006.png,11,Pneumothorax
train,train/Atelectasis/00023128_013.png,0,Atelectasis
train,train/Atelectasis/00013901_000.png,0,Atelectasis
train,train/Consolidation/00014332_014.png,2,Consolidation
train,train/Pneumonia/00020171_000.png,10,Pneumonia
train,train/Fibrosis/00000573_000.png,6,Fibrosis
train,train/Effusion/00010790_019.png,4,Effusion
train,train/Atelectasis/00029883_001.png,0,Atelectasis
train,train/Effusion/00018829_010.png,4,Effusion
train,train/Effusion/00010148_000.png,4,Effusion
train,train/Consolidation/00018683_005.png,2,Consolidation
train,train/Infiltration/00007442_006.png,7,Infiltration
train,train/Infiltration/00007620_029.png,7,Infiltration
train,train/Mass/00021115_001.png,8,Mass
train,train/Fibrosis/00008490_005.png,6,Fibrosis
train,train/Edema/00011711_004.png,3,Edema
train,train/Edema/00010547_005.png,3,Edema
train,train/Infiltration/00026698_003.png,7,Infiltration
train,train/Effusion/00023211_016.png,4,Effusion
train,train/Effusion/00009171_000.png,4,Effusion
train,train/Nodule/00003752_004.png,9,Nodule
train,train/Infiltration/00012089_012.png,7,Infiltration
train,train/Atelectasis/00005386_001.png,0,Atelectasis
train,train/Nodule/00012404_001.png,9,Nodule
train,train/Emphysema/00029898_000.png,5,Emphysema
train,train/Emphysema/00010128_005.png,5,Emphysema
train,train/Emphysema/00005922_000.png,5,Emphysema
train,train/Edema/00001650_004.png,3,Edema
train,train/Edema/00028431_003.png,3,Edema
train,train/Fibrosis/00006505_000.png,6,Fibrosis
train,train/Pneumothorax/00000372_003.png,11,Pneumothorax
train,train/Pneumothorax/00025402_000.png,11,Pneumothorax
train,train/Pneumothorax/00007705_000.png,11,Pneumothorax
train,train/Infiltration/00010367_006.png,7,Infiltration
train,train/Edema/00011959_001.png,3,Edema
train,train/Emphysema/00026546_011.png,5,Emphysema
train,train/Nodule/00000781_002.png,9,Nodule
train,train/Pneumonia/00025607_001.png,10,Pneumonia
train,train/Edema/00010352_063.png,3,Edema
train,train/Pneumonia/00003510_010.png,10,Pneumonia
train,train/Effusion/00030070_000.png,4,Effusion
train,train/Edema/00016715_010.png,3,Edema
train,train/Pneumonia/00025806_005.png,10,Pneumonia
train,train/Mass/00013846_001.png,8,Mass
train,train/Atelectasis/00022247_000.png,0,Atelectasis
train,train/Fibrosis/00004048_012.png,6,Fibrosis
train,train/Edema/00006978_004.png,3,Edema
train,train/Effusion/00010426_002.png,4,Effusion
train,train/Emphysema/00029165_006.png,5,Emphysema
train,train/Effusion/00010410_010.png,4,Effusion
train,train/Infiltration/00026070_000.png,7,Infiltration
train,train/Consolidation/00006653_021.png,2,Consolidation
train,train/Consolidation/00011598_036.png,2,Consolidation
train,train/Atelectasis/00010796_003.png,0,Atelectasis
train,train/Fibrosis/00008806_001.png,6,Fibrosis
train,train/Cardiomegaly/00016034_001.png,1,Cardiomegaly
train,train/Nodule/00020095_001.png,9,Nodule
train,train/Emphysema/00000988_000.png,5,Emphysema
train,train/Atelectasis/00014374_000.png,0,Atelectasis
train,train/Effusion/00007718_000.png,4,Effusion
train,train/Nodule/00012050_004.png,9,Nodule
train,train/Fibrosis/00012728_000.png,6,Fibrosis
train,train/Edema/00001684_004.png,3,Edema
train,train/Cardiomegaly/00001022_001.png,1,Cardiomegaly
train,train/Pneumonia/00002118_009.png,10,Pneumonia
train,train/Pneumonia/00030621_002.png,10,Pneumonia
train,train/Pneumonia/00005638_000.png,10,Pneumonia
train,train/Consolidation/00013417_000.png,2,Consolidation
train,train/Pneumonia/00026629_006.png,10,Pneumonia
train,train/Effusion/00015045_022.png,4,Effusion
train,train/Mass/00005014_012.png,8,Mass
train,train/Pneumonia/00002572_006.png,10,Pneumonia
train,train/Fibrosis/00002038_000.png,6,Fibrosis
train,train/Emphysema/00001929_000.png,5,Emphysema
train,train/Edema/00012681_048.png,3,Edema
train,train/Cardiomegaly/00009841_000.png,1,Cardiomegaly
train,train/Cardiomegaly/00012992_002.png,1,Cardiomegaly
train,train/Consolidation/00003005_020.png,2,Consolidation
train,train/Effusion/00009919_001.png,4,Effusion
train,train/Pneumonia/00003248_007.png,10,Pneumonia
train,train/Fibrosis/00025096_002.png,6,Fibrosis
train,train/Emphysema/00011065_002.png,5,Emphysema
train,train/Fibrosis/00010406_004.png,6,Fibrosis
train,train/Infiltration/00027533_009.png,7,Infiltration
train,train/Mass/00002207_001.png,8,Mass
train,train/Cardiomegaly/00000200_001.png,1,Cardiomegaly
train,train/Pneumonia/00009903_000.png,10,Pneumonia
train,train/Nodule/00009117_007.png,9,Nodule
train,train/Pneumothorax/00003706_001.png,11,Pneumothorax
train,train/Edema/00003610_014.png,3,Edema
train,train/Cardiomegaly/00013682_000.png,1,Cardiomegaly
train,train/Effusion/00007621_004.png,4,Effusion
train,train/Mass/00017136_003.png,8,Mass
train,train/Pneumothorax/00027066_008.png,11,Pneumothorax
train,train/Infiltration/00018504_001.png,7,Infiltration
train,train/Pneumothorax/00021707_001.png,11,Pneumothorax
train,train/Fibrosis/00013870_000.png,6,Fibrosis
train,train/Consolidation/00019847_005.png,2,Consolidation
train,train/Edema/00015414_011.png,3,Edema
train,train/Pneumothorax/00002817_007.png,11,Pneumothorax
train,train/Fibrosis/00001029_016.png,6,Fibrosis
train,train/Cardiomegaly/00016649_015.png,1,Cardiomegaly
train,train/Effusion/00004360_020.png,4,Effusion
train,train/Mass/00013141_000.png,8,Mass
train,train/Cardiomegaly/00011661_000.png,1,Cardiomegaly
train,train/Nodule/00005545_003.png,9,Nodule
train,train/Infiltration/00029110_000.png,7,Infiltration
train,train/Effusion/00005759_010.png,4,Effusion
train,train/Pneumonia/00001529_005.png,10,Pneumonia
train,train/Edema/00017800_007.png,3,Edema
train,train/Atelectasis/00020624_004.png,0,Atelectasis
train,train/Cardiomegaly/00020922_000.png,1,Cardiomegaly
train,train/Consolidation/00026966_002.png,2,Consolidation
train,train/Effusion/00011419_001.png,4,Effusion
train,train/Edema/00017111_004.png,3,Edema
train,train/Mass/00002759_001.png,8,Mass
train,train/Nodule/00002010_001.png,9,Nodule
train,train/Consolidation/00018525_006.png,2,Consolidation
train,train/Pneumothorax/00021006_020.png,11,Pneumothorax
train,train/Consolidation/00009212_002.png,2,Consolidation
train,train/Nodule/00015333_000.png,9,Nodule
train,train/Pneumothorax/00021759_011.png,11,Pneumothorax
train,train/Infiltration/00016838_000.png,7,Infiltration
train,train/Edema/00003693_001.png,3,Edema
train,train/Cardiomegaly/00010177_000.png,1,Cardiomegaly
train,train/Infiltration/00004639_000.png,7,Infiltration
train,train/Fibrosis/00005577_004.png,6,Fibrosis
train,train/Atelectasis/00021750_011.png,0,Atelectasis
train,train/Edema/00005195_001.png,3,Edema
train,train/Edema/00001249_004.png,3,Edema
train,train/Emphysema/00009132_000.png,5,Emphysema
train,train/Cardiomegaly/00021607_000.png,1,Cardiomegaly
train,train/Fibrosis/00008491_000.png,6,Fibrosis
train,train/Mass/00014404_002.png,8,Mass
train,train/Atelectasis/00010914_009.png,0,Atelectasis
train,train/Emphysema/00023316_001.png,5,Emphysema
train,train/Nodule/00008897_002.png,9,Nodule
train,train/Atelectasis/00009083_000.png,0,Atelectasis
train,train/Pneumothorax/00029998_006.png,11,Pneumothorax
train,train/Atelectasis/00005569_000.png,0,Atelectasis
train,train/Atelectasis/00002633_029.png,0,Atelectasis
train,train/Effusion/00010585_029.png,4,Effusion
train,train/Edema/00011619_009.png,3,Edema
train,train/Consolidation/00026050_007.png,2,Consolidation
train,train/Atelectasis/00020721_000.png,0,Atelectasis
train,train/Pneumonia/00014647_009.png,10,Pneumonia
train,train/Nodule/00006881_005.png,9,Nodule
train,train/Pneumothorax/00018117_015.png,11,Pneumothorax
train,train/Fibrosis/00017718_005.png,6,Fibrosis
train,train/Consolidation/00018669_009.png,2,Consolidation
train,train/Fibrosis/00011700_001.png,6,Fibrosis
train,train/Cardiomegaly/00016034_002.png,1,Cardiomegaly
train,train/Effusion/00017618_007.png,4,Effusion
train,train/Emphysema/00004587_000.png,5,Emphysema
train,train/Edema/00012585_006.png,3,Edema
train,train/Cardiomegaly/00028871_003.png,1,Cardiomegaly
train,train/Nodule/00011208_000.png,9,Nodule
train,train/Edema/00027045_002.png,3,Edema
train,train/Consolidation/00007212_020.png,2,Consolidation
train,train/Infiltration/00026893_013.png,7,Infiltration
train,train/Fibrosis/00026498_000.png,6,Fibrosis
train,train/Fibrosis/00025258_001.png,6,Fibrosis
train,train/Pneumonia/00000144_001.png,10,Pneumonia
train,train/Pneumonia/00011966_007.png,10,Pneumonia
train,train/Fibrosis/00005577_001.png,6,Fibrosis
train,train/Mass/00020427_000.png,8,Mass
train,train/Cardiomegaly/00030490_000.png,1,Cardiomegaly
train,train/Atelectasis/00014565_005.png,0,Atelectasis
train,train/Emphysema/00026489_003.png,5,Emphysema
train,train/Effusion/00021164_003.png,4,Effusion
train,train/Infiltration/00014356_001.png,7,Infiltration
train,train/Pneumonia/00025075_006.png,10,Pneumonia
train,train/Edema/00013002_011.png,3,Edema
train,train/Mass/00018819_004.png,8,Mass
train,train/Edema/00005254_003.png,3,Edema
train,train/Pneumonia/00014647_005.png,10,Pneumonia
train,train/Fibrosis/00006342_002.png,6,Fibrosis
train,train/Effusion/00016308_000.png,4,Effusion
train,train/Mass/00019870_002.png,8,Mass
train,train/Nodule/00008230_030.png,9,Nodule
train,train/Infiltration/00014709_004.png,7,Infiltration
train,train/Emphysema/00014436_013.png,5,Emphysema
train,train/Edema/00016399_017.png,3,Edema
train,train/Mass/00007296_000.png,8,Mass
train,train/Emphysema/00009825_000.png,5,Emphysema
train,train/Mass/00016557_004.png,8,Mass
train,train/Mass/00016986_003.png,8,Mass
train,train/Consolidation/00017207_017.png,2,Consolidation
train,train/Mass/00006741_011.png,8,Mass
train,train/Consolidation/00001255_019.png,2,Consolidation
train,train/Mass/00022104_003.png,8,Mass
train,train/Cardiomegaly/00025740_000.png,1,Cardiomegaly
train,train/Infiltration/00013826_007.png,7,Infiltration
train,train/Edema/00000459_034.png,3,Edema
train,train/Consolidation/00013003_021.png,2,Consolidation
train,train/Consolidation/00028583_000.png,2,Consolidation
train,train/Fibrosis/00000552_001.png,6,Fibrosis
train,train/Pneumonia/00010505_018.png,10,Pneumonia
train,train/Atelectasis/00018691_000.png,0,Atelectasis
train,train/Emphysema/00007597_003.png,5,Emphysema
train,train/Cardiomegaly/00006920_004.png,1,Cardiomegaly
train,train/Nodule/00017807_003.png,9,Nodule
train,train/Fibrosis/00010585_007.png,6,Fibrosis
train,train/Emphysema/00008959_000.png,5,Emphysema
train,train/Edema/00011122_006.png,3,Edema
train,train/Emphysema/00004040_003.png,5,Emphysema
train,train/Emphysema/00001952_006.png,5,Emphysema
train,train/Edema/00015190_006.png,3,Edema
train,train/Edema/00007944_003.png,3,Edema
train,train/Infiltration/00014721_015.png,7,Infiltration
train,train/Mass/00015685_000.png,8,Mass
train,train/Cardiomegaly/00029373_000.png,1,Cardiomegaly
train,train/Pneumonia/00026179_003.png,10,Pneumonia
train,train/Emphysema/00008071_000.png,5,Emphysema
train,train/Emphysema/00010932_003.png,5,Emphysema
train,train/Nodule/00025777_000.png,9,Nodule
train,train/Cardiomegaly/00005035_003.png,1,Cardiomegaly
train,train/Mass/00004094_001.png,8,Mass
train,train/Nodule/00018591_000.png,9,Nodule
train,train/Emphysema/00008540_001.png,5,Emphysema
train,train/Mass/00015920_006.png,8,Mass
train,train/Effusion/00006215_007.png,4,Effusion
train,train/Atelectasis/00007773_001.png,0,Atelectasis
train,train/Emphysema/00004571_006.png,5,Emphysema
train,train/Nodule/00023307_000.png,9,Nodule
train,train/Pneumothorax/00022559_001.png,11,Pneumothorax
train,train/Atelectasis/00028999_000.png,0,Atelectasis
train,train/Consolidation/00017110_024.png,2,Consolidation
train,train/Consolidation/00025451_000.png,2,Consolidation
train,train/Pneumonia/00027648_005.png,10,Pneumonia
train,train/Atelectasis/00001734_005.png,0,Atelectasis
train,train/Atelectasis/00019787_001.png,0,Atelectasis
train,train/Cardiomegaly/00003610_013.png,1,Cardiomegaly
train,train/Pneumonia/00009305_002.png,10,Pneumonia
train,train/Atelectasis/00016816_007.png,0,Atelectasis
train,train/Cardiomegaly/00028946_000.png,1,Cardiomegaly
train,train/Consolidation/00010261_003.png,2,Consolidation
train,train/Emphysema/00011420_007.png,5,Emphysema
train,train/Pneumothorax/00029165_011.png,11,Pneumothorax
train,train/Cardiomegaly/00005035_000.png,1,Cardiomegaly
train,train/Pneumothorax/00028211_007.png,11,Pneumothorax
train,train/Mass/00017425_000.png,8,Mass
train,train/Infiltration/00006519_017.png,7,Infiltration
train,train/Pneumonia/00006985_002.png,10,Pneumonia
train,train/Effusion/00010010_009.png,4,Effusion
train,train/Infiltration/00029546_000.png,7,Infiltration
train,train/Pneumothorax/00008009_015.png,11,Pneumothorax
train,train/Pneumonia/00012158_025.png,10,Pneumonia
train,train/Infiltration/00021035_004.png,7,Infiltration
train,train/Pneumonia/00006260_001.png,10,Pneumonia
train,train/Nodule/00011144_013.png,9,Nodule
train,train/Nodule/00014048_000.png,9,Nodule
train,train/Atelectasis/00019906_000.png,0,Atelectasis
train,train/Mass/00029658_001.png,8,Mass
train,train/Emphysema/00008468_014.png,5,Emphysema
train,train/Nodule/00000621_005.png,9,Nodule
train,train/Fibrosis/00010806_000.png,6,Fibrosis
train,train/Mass/00021431_001.png,8,Mass
train,train/Fibrosis/00010278_000.png,6,Fibrosis
train,train/Effusion/00008433_010.png,4,Effusion
train,train/Consolidation/00014178_006.png,2,Consolidation
train,train/Consolidation/00004048_014.png,2,Consolidation
train,train/Cardiomegaly/00012150_000.png,1,Cardiomegaly
train,train/Consolidation/00009727_039.png,2,Consolidation
train,train/Pneumonia/00018960_023.png,10,Pneumonia
train,train/Cardiomegaly/00021572_016.png,1,Cardiomegaly
train,train/Emphysema/00015685_001.png,5,Emphysema
train,train/Emphysema/00018902_000.png,5,Emphysema
train,train/Pneumothorax/00021770_014.png,11,Pneumothorax
train,train/Atelectasis/00016099_005.png,0,Atelectasis
train,train/Atelectasis/00020601_000.png,0,Atelectasis
train,train/Edema/00022677_004.png,3,Edema
train,train/Nodule/00004670_000.png,9,Nodule
train,train/Cardiomegaly/00004291_002.png,1,Cardiomegaly
train,train/Mass/00021455_008.png,8,Mass
train,train/Atelectasis/00009117_000.png,0,Atelectasis
train,train/Nodule/00004714_001.png,9,Nodule
train,train/Fibrosis/00001064_000.png,6,Fibrosis
train,train/Cardiomegaly/00001868_000.png,1,Cardiomegaly
train,train/Mass/00015369_001.png,8,Mass
train,train/Emphysema/00015571_000.png,5,Emphysema
train,train/Pneumonia/00001529_002.png,10,Pneumonia
train,train/Infiltration/00012089_002.png,7,Infiltration
train,train/Emphysema/00008468_018.png,5,Emphysema
train,train/Fibrosis/00011493_004.png,6,Fibrosis
train,train/Cardiomegaly/00004315_000.png,1,Cardiomegaly
train,train/Mass/00001119_000.png,8,Mass
train,train/Emphysema/00000719_000.png,5,Emphysema
train,train/Consolidation/00030760_000.png,2,Consolidation
train,train/Infiltration/00016079_012.png,7,Infiltration
train,train/Nodule/00016896_008.png,9,Nodule
train,train/Mass/00009587_000.png,8,Mass
train,train/Infiltration/00025948_000.png,7,Infiltration
train,train/Edema/00006296_022.png,3,Edema
train,train/Atelectasis/00022276_000.png,0,Atelectasis
train,train/Edema/00013205_005.png,3,Edema
train,train/Effusion/00000814_008.png,4,Effusion
train,train/Cardiomegaly/00012868_000.png,1,Cardiomegaly
train,train/Atelectasis/00007368_002.png,0,Atelectasis
train,train/Emphysema/00008563_001.png,5,Emphysema
train,train/Effusion/00008489_025.png,4,Effusion
train,train/Pneumonia/00001637_001.png,10,Pneumonia
train,train/Infiltration/00007864_014.png,7,Infiltration
train,train/Consolidation/00004833_019.png,2,Consolidation
train,train/Fibrosis/00019594_024.png,6,Fibrosis
train,train/Infiltration/00018806_002.png,7,Infiltration
train,train/Emphysema/00003523_038.png,5,Emphysema
train,train/Effusion/00004673_001.png,4,Effusion
train,train/Nodule/00019564_000.png,9,Nodule
train,train/Infiltration/00003383_002.png,7,Infiltration
train,train/Fibrosis/00002649_019.png,6,Fibrosis
train,train/Cardiomegaly/00003610_015.png,1,Cardiomegaly
train,train/Edema/00025905_003.png,3,Edema
train,train/Cardiomegaly/00011496_000.png,1,Cardiomegaly
train,train/Infiltration/00026047_003.png,7,Infiltration
train,train/Nodule/00000336_000.png,9,Nodule
train,train/Effusion/00003741_009.png,4,Effusion
train,train/Effusion/00017541_015.png,4,Effusion
train,train/Atelectasis/00026122_001.png,0,Atelectasis
train,train/Effusion/00017207_019.png,4,Effusion
train,train/Consolidation/00018884_000.png,2,Consolidation
train,train/Edema/00013641_006.png,3,Edema
train,train/Fibrosis/00001367_003.png,6,Fibrosis
train,train/Emphysema/00003523_033.png,5,Emphysema
train,train/Pneumothorax/00014406_003.png,11,Pneumothorax
train,train/Edema/00022442_002.png,3,Edema
train,train/Cardiomegaly/00022515_001.png,1,Cardiomegaly
train,train/Cardiomegaly/00003087_001.png,1,Cardiomegaly
train,train/Mass/00015200_000.png,8,Mass
train,train/Pneumothorax/00021770_017.png,11,Pneumothorax
train,train/Emphysema/00014393_000.png,5,Emphysema
train,train/Atelectasis/00012937_002.png,0,Atelectasis
train,train/Pneumothorax/00026293_001.png,11,Pneumothorax
train,train/Effusion/00027415_073.png,4,Effusion
train,train/Effusion/00010992_007.png,4,Effusion
train,train/Infiltration/00021021_004.png,7,Infiltration
train,train/Edema/00001880_003.png,3,Edema
train,train/Infiltration/00012047_004.png,7,Infiltration
train,train/Effusion/00012236_010.png,4,Effusion
train,train/Atelectasis/00000143_011.png,0,Atelectasis
train,train/Cardiomegaly/00005900_000.png,1,Cardiomegaly
train,train/Consolidation/00001104_020.png,2,Consolidation
train,train/Pneumothorax/00028961_001.png,11,Pneumothorax
train,train/Mass/00005638_002.png,8,Mass
train,train/Consolidation/00029147_002.png,2,Consolidation
train,train/Mass/00028253_000.png,8,Mass
train,train/Pneumonia/00018996_002.png,10,Pneumonia
train,train/Emphysema/00010896_000.png,5,Emphysema
train,train/Consolidation/00026925_011.png,2,Consolidation
train,train/Effusion/00012020_008.png,4,Effusion
train,train/Consolidation/00015914_009.png,2,Consolidation
train,train/Fibrosis/00012543_004.png,6,Fibrosis
train,train/Emphysema/00025849_044.png,5,Emphysema
train,train/Mass/00003367_005.png,8,Mass
train,train/Pneumothorax/00028256_005.png,11,Pneumothorax
train,train/Effusion/00014930_011.png,4,Effusion
train,train/Atelectasis/00022832_012.png,0,Atelectasis
train,train/Infiltration/00025230_001.png,7,Infiltration
train,train/Nodule/00005061_000.png,9,Nodule
train,train/Fibrosis/00001303_003.png,6,Fibrosis
train,train/Fibrosis/00011543_002.png,6,Fibrosis
train,train/Mass/00017875_001.png,8,Mass
train,train/Pneumothorax/00006368_000.png,11,Pneumothorax
train,train/Nodule/00000093_000.png,9,Nodule
train,train/Pneumothorax/00010304_004.png,11,Pneumothorax
train,train/Cardiomegaly/00003044_001.png,1,Cardiomegaly
train,train/Cardiomegaly/00011010_011.png,1,Cardiomegaly
train,train/Fibrosis/00000710_001.png,6,Fibrosis
train,train/Edema/00029422_005.png,3,Edema
train,train/Fibrosis/00024012_000.png,6,Fibrosis
train,train/Edema/00010294_036.png,3,Edema
train,train/Cardiomegaly/00014772_000.png,1,Cardiomegaly
train,train/Emphysema/00014299_009.png,5,Emphysema
train,train/Effusion/00018006_029.png,4,Effusion
train,train/Edema/00011948_002.png,3,Edema
train,train/Consolidation/00027775_002.png,2,Consolidation
train,train/Consolidation/00001317_003.png,2,Consolidation
train,train/Edema/00025322_006.png,3,Edema
train,train/Infiltration/00020204_016.png,7,Infiltration
train,train/Cardiomegaly/00011516_001.png,1,Cardiomegaly
train,train/Effusion/00025628_013.png,4,Effusion
train,train/Pneumonia/00006832_001.png,10,Pneumonia
train,train/Fibrosis/00022063_000.png,6,Fibrosis
train,train/Emphysema/00000359_002.png,5,Emphysema
train,train/Edema/00007816_012.png,3,Edema
train,train/Fibrosis/00006258_000.png,6,Fibrosis
train,train/Nodule/00013244_015.png,9,Nodule
train,train/Effusion/00026828_025.png,4,Effusion
train,train/Pneumothorax/00010695_015.png,11,Pneumothorax
train,train/Pneumothorax/00002090_004.png,11,Pneumothorax
train,train/Effusion/00020059_004.png,4,Effusion
train,train/Infiltration/00001698_001.png,7,Infiltration
train,train/Pneumonia/00011966_006.png,10,Pneumonia
train,train/Atelectasis/00014073_002.png,0,Atelectasis
train,train/Emphysema/00027700_007.png,5,Emphysema
train,train/Mass/00025082_001.png,8,Mass
train,train/Pneumothorax/00001984_004.png,11,Pneumothorax
train,train/Emphysema/00019230_000.png,5,Emphysema
train,train/Effusion/00014379_000.png,4,Effusion
train,train/Cardiomegaly/00025591_000.png,1,Cardiomegaly
train,train/Cardiomegaly/00016661_000.png,1,Cardiomegaly
train,train/Effusion/00022481_006.png,4,Effusion
train,train/Pneumonia/00007699_003.png,10,Pneumonia
train,train/Emphysema/00000360_004.png,5,Emphysema
train,train/Consolidation/00000499_007.png,2,Consolidation
train,train/Atelectasis/00017061_001.png,0,Atelectasis
train,train/Infiltration/00012640_000.png,7,Infiltration
train,train/Edema/00028846_003.png,3,Edema
train,train/Infiltration/00016410_007.png,7,Infiltration
train,train/Emphysema/00029052_000.png,5,Emphysema
train,train/Cardiomegaly/00027415_032.png,1,Cardiomegaly
train,train/Infiltration/00020339_005.png,7,Infiltration
train,train/Pneumonia/00009081_000.png,10,Pneumonia
train,train/Fibrosis/00008224_000.png,6,Fibrosis
train,train/Nodule/00028541_000.png,9,Nodule
train,train/Mass/00012315_002.png,8,Mass
train,train/Consolidation/00005094_014.png,2,Consolidation
train,train/Fibrosis/00007109_025.png,6,Fibrosis
train,train/Fibrosis/00006377_000.png,6,Fibrosis
train,train/Nodule/00003569_003.png,9,Nodule
train,train/Consolidation/00013539_011.png,2,Consolidation
train,train/Mass/00002466_002.png,8,Mass
train,train/Effusion/00005693_006.png,4,Effusion
train,train/Cardiomegaly/00018278_001.png,1,Cardiomegaly
train,train/Mass/00004156_000.png,8,Mass
train,train/Cardiomegaly/00011235_003.png,1,Cardiomegaly
train,train/Cardiomegaly/00006875_004.png,1,Cardiomegaly
train,train/Pneumothorax/00029903_019.png,11,Pneumothorax
train,train/Pneumothorax/00020186_001.png,11,Pneumothorax
train,train/Cardiomegaly/00010970_000.png,1,Cardiomegaly
train,train/Fibrosis/00009445_000.png,6,Fibrosis
train,train/Nodule/00004519_010.png,9,Nodule
train,train/Cardiomegaly/00003989_025.png,1,Cardiomegaly
train,train/Fibrosis/00017858_000.png,6,Fibrosis
train,train/Pneumothorax/00008304_000.png,11,Pneumothorax
train,train/Nodule/00001182_003.png,9,Nodule
train,train/Cardiomegaly/00014861_000.png,1,Cardiomegaly
train,train/Infiltration/00027736_006.png,7,Infiltration
train,train/Pneumonia/00013070_000.png,10,Pneumonia
train,train/Emphysema/00008168_009.png,5,Emphysema
train,train/Consolidation/00020328_000.png,2,Consolidation
train,train/Infiltration/00005699_007.png,7,Infiltration
train,train/Cardiomegaly/00024116_001.png,1,Cardiomegaly
train,train/Pneumothorax/00022969_001.png,11,Pneumothorax
train,train/Mass/00021581_000.png,8,Mass
train,train/Effusion/00028934_002.png,4,Effusion
train,train/Mass/00019549_002.png,8,Mass
train,train/Consolidation/00022699_002.png,2,Consolidation
train,train/Nodule/00005743_000.png,9,Nodule
train,train/Nodule/00018833_000.png,9,Nodule
train,train/Pneumothorax/00007355_005.png,11,Pneumothorax
train,train/Consolidation/00024197_000.png,2,Consolidation
train,train/Emphysema/00010179_007.png,5,Emphysema
train,train/Edema/00016213_003.png,3,Edema
train,train/Cardiomegaly/00030544_000.png,1,Cardiomegaly
train,train/Consolidation/00004648_000.png,2,Consolidation
train,train/Fibrosis/00006370_001.png,6,Fibrosis
train,train/Consolidation/00017588_000.png,2,Consolidation
train,train/Atelectasis/00027064_000.png,0,Atelectasis
train,train/Nodule/00002345_000.png,9,Nodule
train,train/Infiltration/00028785_003.png,7,Infiltration
train,train/Pneumonia/00015977_002.png,10,Pneumonia
train,train/Pneumothorax/00025551_001.png,11,Pneumothorax
train,train/Emphysema/00025849_031.png,5,Emphysema
train,train/Pneumonia/00000165_001.png,10,Pneumonia
train,train/Effusion/00027602_000.png,4,Effusion
train,train/Emphysema/00025924_011.png,5,Emphysema
train,train/Atelectasis/00022832_013.png,0,Atelectasis
train,train/Infiltration/00019038_002.png,7,Infiltration
train,train/Nodule/00013231_000.png,9,Nodule
train,train/Pneumonia/00027320_010.png,10,Pneumonia
train,train/Mass/00012735_001.png,8,Mass
train,train/Infiltration/00019087_013.png,7,Infiltration
train,train/Nodule/00005722_035.png,9,Nodule
train,train/Pneumothorax/00027818_001.png,11,Pneumothorax
train,train/Emphysema/00022041_000.png,5,Emphysema
train,train/Effusion/00019087_005.png,4,Effusion
train,train/Atelectasis/00018218_000.png,0,Atelectasis
train,train/Emphysema/00012960_003.png,5,Emphysema
train,train/Edema/00021969_000.png,3,Edema
train,train/Emphysema/00000360_003.png,5,Emphysema
train,train/Infiltration/00022985_001.png,7,Infiltration
train,train/Emphysema/00029244_002.png,5,Emphysema
train,train/Pneumonia/00019021_001.png,10,Pneumonia
train,train/Pneumonia/00000499_008.png,10,Pneumonia
train,train/Atelectasis/00005646_021.png,0,Atelectasis
train,train/Nodule/00026954_005.png,9,Nodule
train,train/Consolidation/00011553_041.png,2,Consolidation
train,train/Infiltration/00002238_007.png,7,Infiltration
train,train/Mass/00012660_003.png,8,Mass
train,train/Infiltration/00000256_000.png,7,Infiltration
train,train/Mass/00028235_000.png,8,Mass
train,train/Cardiomegaly/00005566_008.png,1,Cardiomegaly
train,train/Mass/00009485_004.png,8,Mass
train,train/Emphysema/00010371_000.png,5,Emphysema
train,train/Emphysema/00006874_000.png,5,Emphysema
train,train/Pneumothorax/00003602_001.png,11,Pneumothorax
train,train/Pneumothorax/00026597_007.png,11,Pneumothorax
train,train/Effusion/00006744_000.png,4,Effusion
train,train/Edema/00015293_000.png,3,Edema
train,train/Effusion/00007055_000.png,4,Effusion
train,train/Infiltration/00029572_005.png,7,Infiltration
train,train/Mass/00015196_006.png,8,Mass
train,train/Infiltration/00021836_000.png,7,Infiltration
train,train/Fibrosis/00017109_000.png,6,Fibrosis
train,train/Pneumonia/00021584_001.png,10,Pneumonia
train,train/Consolidation/00020966_004.png,2,Consolidation
train,train/Fibrosis/00001395_010.png,6,Fibrosis
train,train/Pneumonia/00018926_001.png,10,Pneumonia
train,train/Effusion/00012511_005.png,4,Effusion
train,train/Emphysema/00002614_003.png,5,Emphysema
train,train/Nodule/00001404_000.png,9,Nodule
train,train/Pneumothorax/00018960_004.png,11,Pneumothorax
train,train/Effusion/00018629_002.png,4,Effusion
train,train/Atelectasis/00018044_030.png,0,Atelectasis
train,train/Infiltration/00001971_001.png,7,Infiltration
train,train/Nodule/00013490_006.png,9,Nodule
train,train/Fibrosis/00003016_000.png,6,Fibrosis
train,train/Mass/00016892_000.png,8,Mass
train,train/Pneumothorax/00005067_000.png,11,Pneumothorax
train,train/Pneumonia/00008745_034.png,10,Pneumonia
train,train/Pneumothorax/00000827_020.png,11,Pneumothorax
train,train/Mass/00006601_000.png,8,Mass
train,train/Emphysema/00008468_021.png,5,Emphysema
train,train/Mass/00016166_004.png,8,Mass
train,train/Effusion/00011380_020.png,4,Effusion
train,train/Infiltration/00019323_000.png,7,Infiltration
train,train/Infiltration/00009070_000.png,7,Infiltration
train,train/Edema/00018251_006.png,3,Edema
train,train/Effusion/00021023_014.png,4,Effusion
train,train/Consolidation/00013282_002.png,2,Consolidation
train,train/Fibrosis/00003045_002.png,6,Fibrosis
train,train/Emphysema/00003860_000.png,5,Emphysema
train,train/Edema/00006679_012.png,3,Edema
train,train/Pneumonia/00021571_000.png,10,Pneumonia
train,train/Pneumothorax/00011649_004.png,11,Pneumothorax
train,train/Infiltration/00008078_001.png,7,Infiltration
train,train/Pneumothorax/00015606_039.png,11,Pneumothorax
train,train/Mass/00021487_000.png,8,Mass
train,train/Edema/00012626_014.png,3,Edema
train,train/Cardiomegaly/00012646_012.png,1,Cardiomegaly
train,train/Fibrosis/00011243_000.png,6,Fibrosis
train,train/Effusion/00001601_009.png,4,Effusion
train,train/Infiltration/00015564_008.png,7,Infiltration
train,train/Edema/00012635_008.png,3,Edema
train,train/Fibrosis/00017166_000.png,6,Fibrosis
train,train/Effusion/00028809_002.png,4,Effusion
train,train/Pneumonia/00016991_002.png,10,Pneumonia
train,train/Pneumothorax/00019823_004.png,11,Pneumothorax
train,train/Pneumonia/00007191_001.png,10,Pneumonia
train,train/Consolidation/00026072_011.png,2,Consolidation
train,train/Nodule/00019882_000.png,9,Nodule
train,train/Effusion/00021086_005.png,4,Effusion
train,train/Pneumothorax/00011423_008.png,11,Pneumothorax
train,train/Effusion/00030214_001.png,4,Effusion
train,train/Pneumonia/00020928_000.png,10,Pneumonia
train,train/Cardiomegaly/00000008_000.png,1,Cardiomegaly
train,train/Cardiomegaly/00004880_000.png,1,Cardiomegaly
train,train/Edema/00015606_006.png,3,Edema
train,train/Effusion/00010863_005.png,4,Effusion
train,train/Pneumothorax/00000758_002.png,11,Pneumothorax
train,train/Emphysema/00005566_001.png,5,Emphysema
train,train/Consolidation/00005773_002.png,2,Consolidation
train,train/Mass/00000103_008.png,8,Mass
train,train/Consolidation/00006703_005.png,2,Consolidation
train,train/Edema/00018126_015.png,3,Edema
train,train/Edema/00000652_007.png,3,Edema
train,train/Fibrosis/00008462_006.png,6,Fibrosis
train,train/Pneumothorax/00022818_002.png,11,Pneumothorax
train,train/Consolidation/00002412_007.png,2,Consolidation
train,train/Edema/00015606_033.png,3,Edema
train,train/Cardiomegaly/00007654_000.png,1,Cardiomegaly
train,train/Cardiomegaly/00021565_023.png,1,Cardiomegaly
train,train/Fibrosis/00012594_002.png,6,Fibrosis
train,train/Fibrosis/00001546_000.png,6,Fibrosis
train,train/Nodule/00005196_000.png,9,Nodule
train,train/Mass/00015793_008.png,8,Mass
train,train/Pneumonia/00028874_003.png,10,Pneumonia
train,train/Emphysema/00015629_000.png,5,Emphysema
train,train/Nodule/00027343_002.png,9,Nodule
train,train/Edema/00001971_002.png,3,Edema
train,train/Effusion/00016772_020.png,4,Effusion
train,train/Atelectasis/00017301_003.png,0,Atelectasis
train,train/Cardiomegaly/00000330_000.png,1,Cardiomegaly
train,train/Infiltration/00029628_002.png,7,Infiltration
train,train/Infiltration/00026732_000.png,7,Infiltration
train,train/Cardiomegaly/00006875_003.png,1,Cardiomegaly
train,train/Emphysema/00015556_005.png,5,Emphysema
train,train/Nodule/00000545_009.png,9,Nodule
train,train/Consolidation/00030488_000.png,2,Consolidation
train,train/Atelectasis/00011816_001.png,0,Atelectasis
train,train/Edema/00020826_006.png,3,Edema
train,train/Emphysema/00008468_042.png,5,Emphysema
train,train/Effusion/00012939_002.png,4,Effusion
train,train/Mass/00013523_000.png,8,Mass
train,train/Infiltration/00000119_000.png,7,Infiltration
train,train/Nodule/00028201_000.png,9,Nodule
train,train/Cardiomegaly/00018802_000.png,1,Cardiomegaly
train,train/Emphysema/00027050_004.png,5,Emphysema
train,train/Fibrosis/00011940_000.png,6,Fibrosis
train,train/Cardiomegaly/00020968_000.png,1,Cardiomegaly
train,train/Nodule/00006926_002.png,9,Nodule
train,train/Mass/00015147_005.png,8,Mass
train,train/Infiltration/00012940_000.png,7,Infiltration
train,train/Emphysema/00008468_009.png,5,Emphysema
train,train/Emphysema/00029155_000.png,5,Emphysema
train,train/Edema/00025645_004.png,3,Edema
train,train/Mass/00006519_024.png,8,Mass
train,train/Infiltration/00016410_006.png,7,Infiltration
train,train/Nodule/00004361_000.png,9,Nodule
train,train/Atelectasis/00002644_001.png,0,Atelectasis
train,train/Atelectasis/00017106_005.png,0,Atelectasis
train,train/Consolidation/00012625_003.png,2,Consolidation
train,train/Pneumonia/00013641_048.png,10,Pneumonia
train,train/Fibrosis/00000571_005.png,6,Fibrosis
train,train/Consolidation/00026050_009.png,2,Consolidation
train,train/Mass/00007691_004.png,8,Mass
train,train/Infiltration/00018653_000.png,7,Infiltration
train,train/Infiltration/00010365_004.png,7,Infiltration
train,train/Effusion/00029267_003.png,4,Effusion
train,train/Cardiomegaly/00011301_000.png,1,Cardiomegaly
train,train/Consolidation/00003726_003.png,2,Consolidation
train,train/Emphysema/00008468_012.png,5,Emphysema
train,train/Pneumonia/00019894_038.png,10,Pneumonia
train,train/Consolidation/00019643_016.png,2,Consolidation
train,train/Atelectasis/00015318_002.png,0,Atelectasis
train,train/Nodule/00008509_004.png,9,Nodule
train,train/Mass/00007193_005.png,8,Mass
train,train/Atelectasis/00004148_002.png,0,Atelectasis
train,train/Cardiomegaly/00003163_001.png,1,Cardiomegaly
train,train/Nodule/00011178_006.png,9,Nodule
train,train/Atelectasis/00005168_000.png,0,Atelectasis
train,train/Consolidation/00001531_000.png,2,Consolidation
train,train/Nodule/00027415_031.png,9,Nodule
train,train/Edema/00014298_002.png,3,Edema
train,train/Pneumonia/00013997_000.png,10,Pneumonia
train,train/Pneumothorax/00029903_022.png,11,Pneumothorax
train,train/Fibrosis/00022310_001.png,6,Fibrosis
train,train/Edema/00013085_000.png,3,Edema
train,train/Emphysema/00002323_000.png,5,Emphysema
train,train/Consolidation/00000832_010.png,2,Consolidation
train,train/Infiltration/00025089_000.png,7,Infiltration
train,train/Cardiomegaly/00002541_000.png,1,Cardiomegaly
train,train/Pneumothorax/00004092_004.png,11,Pneumothorax
train,train/Effusion/00019356_000.png,4,Effusion
train,train/Consolidation/00019643_017.png,2,Consolidation
train,train/Atelectasis/00010940_001.png,0,Atelectasis
train,train/Pneumonia/00012777_005.png,10,Pneumonia
train,train/Cardiomegaly/00012799_001.png,1,Cardiomegaly
train,train/Effusion/00018735_000.png,4,Effusion
train,train/Nodule/00001722_000.png,9,Nodule
train,train/Pneumonia/00026366_001.png,10,Pneumonia
train,train/Mass/00011548_001.png,8,Mass
train,train/Mass/00013931_005.png,8,Mass
train,train/Infiltration/00008362_018.png,7,Infiltration
train,train/Edema/00005218_007.png,3,Edema
train,train/Pneumothorax/00017731_009.png,11,Pneumothorax
train,train/Emphysema/00002158_000.png,5,Emphysema
train,train/Pneumonia/00013930_001.png,10,Pneumonia
train,train/Pneumothorax/00016052_009.png,11,Pneumothorax
train,train/Consolidation/00006906_023.png,2,Consolidation
train,train/Infiltration/00021586_000.png,7,Infiltration
train,train/Nodule/00014933_007.png,9,Nodule
train,train/Mass/00022058_000.png,8,Mass
train,train/Atelectasis/00025650_003.png,0,Atelectasis
train,train/Pneumonia/00010586_000.png,10,Pneumonia
train,train/Pneumothorax/00007700_001.png,11,Pneumothorax
train,train/Pneumothorax/00001484_003.png,11,Pneumothorax
train,train/Nodule/00015115_000.png,9,Nodule
train,train/Emphysema/00020085_010.png,5,Emphysema
train,train/Pneumothorax/00005261_002.png,11,Pneumothorax
train,train/Emphysema/00000758_001.png,5,Emphysema
train,train/Consolidation/00016209_000.png,2,Consolidation
train,train/Emphysema/00027120_002.png,5,Emphysema
train,train/Pneumonia/00014603_006.png,10,Pneumonia
train,train/Infiltration/00027706_029.png,7,Infiltration
train,train/Consolidation/00012628_019.png,2,Consolidation
train,train/Emphysema/00027700_004.png,5,Emphysema
train,train/Nodule/00009049_005.png,9,Nodule
train,train/Pneumothorax/00028544_015.png,11,Pneumothorax
train,train/Pneumothorax/00008468_052.png,11,Pneumothorax
train,train/Emphysema/00019201_003.png,5,Emphysema
train,train/Cardiomegaly/00027389_003.png,1,Cardiomegaly
train,train/Consolidation/00025958_001.png,2,Consolidation
train,train/Edema/00015193_007.png,3,Edema
train,train/Consolidation/00025628_010.png,2,Consolidation
train,train/Nodule/00009967_002.png,9,Nodule
train,train/Effusion/00013613_010.png,4,Effusion
train,train/Cardiomegaly/00005778_026.png,1,Cardiomegaly
train,train/Infiltration/00022355_000.png,7,Infiltration
train,train/Pneumothorax/00021023_020.png,11,Pneumothorax
train,train/Effusion/00002756_005.png,4,Effusion
train,train/Pneumonia/00021127_018.png,10,Pneumonia
train,train/Pneumothorax/00008468_051.png,11,Pneumothorax
train,train/Edema/00014029_004.png,3,Edema
train,train/Fibrosis/00001303_004.png,6,Fibrosis
train,train/Edema/00001101_005.png,3,Edema
train,train/Atelectasis/00019753_002.png,0,Atelectasis
train,train/Pneumonia/00009048_002.png,10,Pneumonia
train,train/Edema/00013714_008.png,3,Edema
train,train/Pneumothorax/00028426_000.png,11,Pneumothorax
train,train/Infiltration/00012628_011.png,7,Infiltration
train,train/Pneumothorax/00005740_003.png,11,Pneumothorax
train,train/Nodule/00012800_000.png,9,Nodule
train,train/Fibrosis/00007552_000.png,6,Fibrosis
train,train/Effusion/00014112_010.png,4,Effusion
train,train/Edema/00018972_027.png,3,Edema
train,train/Fibrosis/00016244_005.png,6,Fibrosis
train,train/Nodule/00007027_000.png,9,Nodule
train,train/Fibrosis/00012853_001.png,6,Fibrosis
train,train/Atelectasis/00007340_010.png,0,Atelectasis
train,train/Cardiomegaly/00013557_016.png,1,Cardiomegaly
train,train/Mass/00028453_004.png,8,Mass
train,train/Consolidation/00003494_004.png,2,Consolidation
train,train/Mass/00026975_000.png,8,Mass
train,train/Fibrosis/00018325_005.png,6,Fibrosis
train,train/Edema/00002655_003.png,3,Edema
train,train/Pneumothorax/00008462_003.png,11,Pneumothorax
train,train/Consolidation/00006055_002.png,2,Consolidation
train,train/Infiltration/00020326_037.png,7,Infiltration
train,train/Infiltration/00021035_005.png,7,Infiltration
train,train/Consolidation/00014616_018.png,2,Consolidation
train,train/Pneumothorax/00008376_000.png,11,Pneumothorax
train,train/Edema/00020326_094.png,3,Edema
train,train/Atelectasis/00003990_018.png,0,Atelectasis
train,train/Cardiomegaly/00019385_000.png,1,Cardiomegaly
train,train/Consolidation/00011140_016.png,2,Consolidation
train,train/Atelectasis/00025768_001.png,0,Atelectasis
train,train/Atelectasis/00020070_000.png,0,Atelectasis
train,train/Emphysema/00005176_019.png,5,Emphysema
train,train/Pneumothorax/00012047_003.png,11,Pneumothorax
train,train/Edema/00008445_005.png,3,Edema
train,train/Atelectasis/00019141_000.png,0,Atelectasis
train,train/Mass/00006252_000.png,8,Mass
train,train/Pneumothorax/00021759_027.png,11,Pneumothorax
train,train/Edema/00019172_002.png,3,Edema
train,train/Pneumothorax/00003709_011.png,11,Pneumothorax
train,train/Pneumonia/00022329_001.png,10,Pneumonia
train,train/Effusion/00014085_006.png,4,Effusion
train,train/Consolidation/00003722_017.png,2,Consolidation
train,train/Fibrosis/00008657_000.png,6,Fibrosis
train,train/Mass/00005935_005.png,8,Mass
train,train/Pneumonia/00008401_006.png,10,Pneumonia
train,train/Infiltration/00017158_030.png,7,Infiltration
train,train/Cardiomegaly/00028624_005.png,1,Cardiomegaly
train,train/Edema/00003490_015.png,3,Edema
train,train/Infiltration/00015376_006.png,7,Infiltration
train,train/Pneumonia/00027415_064.png,10,Pneumonia
train,train/Mass/00011379_001.png,8,Mass
train,train/Emphysema/00011952_000.png,5,Emphysema
train,train/Consolidation/00008068_008.png,2,Consolidation
train,train/Cardiomegaly/00012275_000.png,1,Cardiomegaly
train,train/Nodule/00006410_000.png,9,Nodule
train,train/Infiltration/00021239_011.png,7,Infiltration
train,train/Emphysema/00010369_003.png,5,Emphysema
train,train/Mass/00020040_000.png,8,Mass
train,train/Emphysema/00010932_001.png,5,Emphysema
train,train/Edema/00004925_008.png,3,Edema
train,train/Atelectasis/00022245_003.png,0,Atelectasis
train,train/Emphysema/00000296_001.png,5,Emphysema
train,train/Fibrosis/00001974_008.png,6,Fibrosis
train,train/Infiltration/00022307_000.png,7,Infiltration
train,train/Nodule/00014006_017.png,9,Nodule
train,train/Cardiomegaly/00010699_000.png,1,Cardiomegaly
train,train/Atelectasis/00005602_004.png,0,Atelectasis
train,train/Edema/00004338_002.png,3,Edema
train,train/Effusion/00021023_008.png,4,Effusion
train,train/Edema/00001650_005.png,3,Edema
train,train/Infiltration/00026459_000.png,7,Infiltration
train,train/Cardiomegaly/00014571_013.png,1,Cardiomegaly
train,train/Mass/00000061_001.png,8,Mass
train,train/Consolidation/00005400_003.png,2,Consolidation
train,train/Pneumonia/00005963_025.png,10,Pneumonia
train,train/Mass/00009456_000.png,8,Mass
train,train/Pneumothorax/00021610_025.png,11,Pneumothorax
train,train/Cardiomegaly/00013036_010.png,1,Cardiomegaly
train,train/Pneumonia/00021627_007.png,10,Pneumonia
train,train/Emphysema/00012402_000.png,5,Emphysema
train,train/Infiltration/00022407_000.png,7,Infiltration
train,train/Atelectasis/00012937_007.png,0,Atelectasis
train,train/Pneumonia/00001162_000.png,10,Pneumonia
train,train/Atelectasis/00013113_000.png,0,Atelectasis
train,train/Fibrosis/00003647_006.png,6,Fibrosis
train,train/Edema/00006057_003.png,3,Edema
train,train/Nodule/00011548_004.png,9,Nodule
train,train/Cardiomegaly/00016484_002.png,1,Cardiomegaly
train,train/Atelectasis/00017930_001.png,0,Atelectasis
train,train/Nodule/00020472_001.png,9,Nodule
train,train/Emphysema/00018739_013.png,5,Emphysema
train,train/Fibrosis/00010545_000.png,6,Fibrosis
train,train/Infiltration/00019780_001.png,7,Infiltration
train,train/Atelectasis/00000441_000.png,0,Atelectasis
train,train/Cardiomegaly/00006332_008.png,1,Cardiomegaly
train,train/Effusion/00004299_010.png,4,Effusion
train,train/Consolidation/00000627_029.png,2,Consolidation
train,train/Pneumonia/00008362_013.png,10,Pneumonia
train,train/Cardiomegaly/00015414_003.png,1,Cardiomegaly
train,train/Fibrosis/00004641_001.png,6,Fibrosis
train,train/Effusion/00001301_016.png,4,Effusion
train,train/Emphysema/00011544_004.png,5,Emphysema
train,train/Nodule/00011720_001.png,9,Nodule
train,train/Atelectasis/00004746_025.png,0,Atelectasis
train,train/Pneumonia/00003426_017.png,10,Pneumonia
train,train/Nodule/00006008_009.png,9,Nodule
train,train/Consolidation/00000827_004.png,2,Consolidation
train,train/Pneumothorax/00011350_001.png,11,Pneumothorax
train,train/Fibrosis/00002284_000.png,6,Fibrosis
train,train/Edema/00016410_012.png,3,Edema
train,train/Cardiomegaly/00013457_005.png,1,Cardiomegaly
train,train/Mass/00008277_001.png,8,Mass
train,train/Edema/00013342_006.png,3,Edema
train,train/Pneumonia/00026825_008.png,10,Pneumonia
train,train/Edema/00019605_008.png,3,Edema
train,train/Mass/00009764_003.png,8,Mass
train,train/Emphysema/00010695_010.png,5,Emphysema
train,train/Mass/00007264_000.png,8,Mass
train,train/Mass/00004436_009.png,8,Mass
train,train/Pneumothorax/00025119_000.png,11,Pneumothorax
train,train/Mass/00015848_000.png,8,Mass
train,train/Pneumonia/00021895_001.png,10,Pneumonia
train,train/Infiltration/00021220_000.png,7,Infiltration
train,train/Effusion/00027725_016.png,4,Effusion
train,train/Fibrosis/00018325_001.png,6,Fibrosis
train,train/Emphysema/00004741_001.png,5,Emphysema
train,train/Atelectasis/00017643_003.png,0,Atelectasis
train,train/Emphysema/00011752_021.png,5,Emphysema
train,train/Pneumothorax/00027050_002.png,11,Pneumothorax
train,train/Fibrosis/00008211_001.png,6,Fibrosis
train,train/Pneumothorax/00019093_002.png,11,Pneumothorax
train,train/Mass/00018876_000.png,8,Mass
train,train/Pneumonia/00012667_000.png,10,Pneumonia
train,train/Effusion/00006517_006.png,4,Effusion
train,train/Nodule/00018107_000.png,9,Nodule
train,train/Cardiomegaly/00011169_000.png,1,Cardiomegaly
train,train/Nodule/00017462_001.png,9,Nodule
train,train/Nodule/00025332_000.png,9,Nodule
train,train/Pneumothorax/00029903_009.png,11,Pneumothorax
train,train/Mass/00029796_001.png,8,Mass
train,train/Consolidation/00012426_002.png,2,Consolidation
train,train/Pneumonia/00026883_001.png,10,Pneumonia
train,train/Infiltration/00013834_020.png,7,Infiltration
train,train/Fibrosis/00027358_000.png,6,Fibrosis
train,train/Mass/00028219_002.png,8,Mass
train,train/Consolidation/00022065_022.png,2,Consolidation
train,train/Edema/00014081_002.png,3,Edema
train,train/Effusion/00021431_010.png,4,Effusion
train,train/Pneumonia/00020076_002.png,10,Pneumonia
train,train/Infiltration/00016133_000.png,7,Infiltration
train,train/Emphysema/00012511_002.png,5,Emphysema
train,train/Nodule/00003455_000.png,9,Nodule
train,train/Pneumothorax/00026986_009.png,11,Pneumothorax
train,train/Pneumonia/00012158_021.png,10,Pneumonia
train,train/Nodule/00025447_002.png,9,Nodule
train,train/Cardiomegaly/00007428_004.png,1,Cardiomegaly
train,train/Pneumothorax/00005448_016.png,11,Pneumothorax
train,train/Emphysema/00005839_001.png,5,Emphysema
train,train/Pneumonia/00021399_000.png,10,Pneumonia
train,train/Edema/00021970_003.png,3,Edema
train,train/Effusion/00002353_002.png,4,Effusion
train,train/Cardiomegaly/00002966_000.png,1,Cardiomegaly
train,train/Atelectasis/00012472_003.png,0,Atelectasis
train,train/Nodule/00007565_003.png,9,Nodule
train,train/Pneumonia/00010375_000.png,10,Pneumonia
train,train/Emphysema/00000900_001.png,5,Emphysema
train,train/Atelectasis/00004497_003.png,0,Atelectasis
train,train/Pneumonia/00003211_000.png,10,Pneumonia
train,train/Cardiomegaly/00013064_002.png,1,Cardiomegaly
train,train/Edema/00016074_007.png,3,Edema
train,train/Pneumothorax/00021036_002.png,11,Pneumothorax
train,train/Pneumothorax/00003126_011.png,11,Pneumothorax
train,train/Nodule/00018634_000.png,9,Nodule
train,train/Consolidation/00013241_000.png,2,Consolidation
train,train/Fibrosis/00013172_000.png,6,Fibrosis
train,train/Fibrosis/00007909_000.png,6,Fibrosis
train,train/Pneumonia/00002451_007.png,10,Pneumonia
train,train/Fibrosis/00011285_000.png,6,Fibrosis
train,train/Cardiomegaly/00010808_002.png,1,Cardiomegaly
train,train/Edema/00020928_014.png,3,Edema
train,train/Fibrosis/00006167_000.png,6,Fibrosis
train,train/Infiltration/00002913_001.png,7,Infiltration
train,train/Fibrosis/00006393_005.png,6,Fibrosis
train,train/Pneumothorax/00007121_002.png,11,Pneumothorax
train,train/Fibrosis/00013000_001.png,6,Fibrosis
train,train/Pneumonia/00015826_036.png,10,Pneumonia
train,train/Infiltration/00020826_024.png,7,Infiltration
train,train/Nodule/00007227_000.png,9,Nodule
train,train/Atelectasis/00009170_004.png,0,Atelectasis
train,train/Fibrosis/00000024_000.png,6,Fibrosis
train,train/Atelectasis/00010352_038.png,0,Atelectasis
train,train/Edema/00022767_000.png,3,Edema
train,train/Consolidation/00021341_008.png,2,Consolidation
train,train/Mass/00006116_002.png,8,Mass
train,train/Fibrosis/00008155_000.png,6,Fibrosis
train,train/Consolidation/00005218_004.png,2,Consolidation
train,train/Consolidation/00001814_004.png,2,Consolidation
train,train/Fibrosis/00013286_000.png,6,Fibrosis
train,train/Pneumothorax/00006762_004.png,11,Pneumothorax
train,train/Cardiomegaly/00005641_001.png,1,Cardiomegaly
train,train/Consolidation/00027410_001.png,2,Consolidation
train,train/Nodule/00004396_001.png,9,Nodule
train,train/Mass/00021889_001.png,8,Mass
train,train/Infiltration/00018610_020.png,7,Infiltration
train,train/Pneumonia/00000798_025.png,10,Pneumonia
train,train/Nodule/00018765_003.png,9,Nodule
train,train/Emphysema/00002213_001.png,5,Emphysema
train,train/Fibrosis/00006752_005.png,6,Fibrosis
train,train/Infiltration/00020167_001.png,7,Infiltration
train,train/Edema/00013641_012.png,3,Edema
train,train/Atelectasis/00011383_000.png,0,Atelectasis
train,train/Infiltration/00020904_010.png,7,Infiltration
train,train/Emphysema/00016200_000.png,5,Emphysema
train,train/Atelectasis/00022291_001.png,0,Atelectasis
train,train/Atelectasis/00004833_018.png,0,Atelectasis
train,train/Pneumonia/00027539_001.png,10,Pneumonia
train,train/Pneumonia/00005639_003.png,10,Pneumonia
train,train/Effusion/00021369_000.png,4,Effusion
train,train/Cardiomegaly/00014962_001.png,1,Cardiomegaly
train,train/Consolidation/00016951_003.png,2,Consolidation
train,train/Mass/00013206_007.png,8,Mass
train,train/Pneumonia/00015809_014.png,10,Pneumonia
train,train/Effusion/00018644_005.png,4,Effusion
train,train/Effusion/00020218_000.png,4,Effusion
train,train/Cardiomegaly/00013407_003.png,1,Cardiomegaly
train,train/Consolidation/00020471_002.png,2,Consolidation
train,train/Pneumonia/00016936_000.png,10,Pneumonia
train,train/Mass/00021499_018.png,8,Mass
train,train/Nodule/00012704_008.png,9,Nodule
train,train/Cardiomegaly/00017945_000.png,1,Cardiomegaly
train,train/Edema/00016991_012.png,3,Edema
train,train/Fibrosis/00008567_000.png,6,Fibrosis
train,train/Emphysema/00015606_052.png,5,Emphysema
train,train/Pneumothorax/00025603_008.png,11,Pneumothorax
train,train/Consolidation/00005026_004.png,2,Consolidation
train,train/Infiltration/00020522_000.png,7,Infiltration
train,train/Fibrosis/00003098_012.png,6,Fibrosis
train,train/Pneumothorax/00011688_008.png,11,Pneumothorax
train,train/Pneumonia/00011553_007.png,10,Pneumonia
train,train/Pneumonia/00003510_008.png,10,Pneumonia
train,train/Pneumothorax/00003101_005.png,11,Pneumothorax
train,train/Atelectasis/00010984_002.png,0,Atelectasis
train,train/Edema/00015809_017.png,3,Edema
train,train/Infiltration/00019173_001.png,7,Infiltration
train,train/Consolidation/00004961_007.png,2,Consolidation
train,train/Nodule/00006041_004.png,9,Nodule
train,train/Emphysema/00019248_002.png,5,Emphysema
train,train/Atelectasis/00026363_001.png,0,Atelectasis
train,train/Infiltration/00025974_004.png,7,Infiltration
train,train/Mass/00021626_012.png,8,Mass
train,train/Pneumonia/00006289_005.png,10,Pneumonia
train,train/Fibrosis/00018836_003.png,6,Fibrosis
train,train/Nodule/00019593_004.png,9,Nodule
train,train/Consolidation/00021763_003.png,2,Consolidation
train,train/Cardiomegaly/00021107_002.png,1,Cardiomegaly
train,train/Emphysema/00012761_005.png,5,Emphysema
train,train/Emphysema/00002339_004.png,5,Emphysema
train,train/Cardiomegaly/00021186_001.png,1,Cardiomegaly
train,train/Nodule/00020505_005.png,9,Nodule
train,train/Emphysema/00002339_005.png,5,Emphysema
train,train/Nodule/00014659_000.png,9,Nodule
train,train/Cardiomegaly/00003895_005.png,1,Cardiomegaly
train,train/Edema/00013937_005.png,3,Edema
train,train/Pneumothorax/00013558_000.png,11,Pneumothorax
train,train/Effusion/00015068_016.png,4,Effusion
train,train/Edema/00010142_006.png,3,Edema
train,train/Edema/00011987_006.png,3,Edema
train,train/Cardiomegaly/00015013_002.png,1,Cardiomegaly
train,train/Consolidation/00019643_015.png,2,Consolidation
train,train/Consolidation/00013917_046.png,2,Consolidation
train,train/Edema/00016577_010.png,3,Edema
train,train/Infiltration/00018836_004.png,7,Infiltration
train,train/Pneumothorax/00008013_001.png,11,Pneumothorax
train,train/Emphysema/00015443_016.png,5,Emphysema
train,train/Fibrosis/00012394_000.png,6,Fibrosis
train,train/Nodule/00002345_003.png,9,Nodule
train,train/Edema/00004857_047.png,3,Edema
train,train/Mass/00018117_000.png,8,Mass
train,train/Atelectasis/00026298_001.png,0,Atelectasis
train,train/Atelectasis/00029433_006.png,0,Atelectasis
train,train/Mass/00011478_004.png,8,Mass
train,train/Edema/00012653_003.png,3,Edema
train,train/Pneumonia/00016825_000.png,10,Pneumonia
train,train/Cardiomegaly/00012038_001.png,1,Cardiomegaly
train,train/Nodule/00021171_000.png,9,Nodule
train,train/Cardiomegaly/00016322_000.png,1,Cardiomegaly
train,train/Mass/00017266_000.png,8,Mass
train,train/Mass/00009963_011.png,8,Mass
train,train/Fibrosis/00024226_000.png,6,Fibrosis
train,train/Consolidation/00014958_012.png,2,Consolidation
train,train/Atelectasis/00001104_008.png,0,Atelectasis
train,train/Fibrosis/00022624_000.png,6,Fibrosis
train,train/Atelectasis/00012848_013.png,0,Atelectasis
train,train/Consolidation/00008009_025.png,2,Consolidation
train,train/Emphysema/00002673_009.png,5,Emphysema
train,train/Edema/00011122_003.png,3,Edema
train,train/Atelectasis/00006097_004.png,0,Atelectasis
train,train/Effusion/00008888_051.png,4,Effusion
train,train/Pneumonia/00011147_000.png,10,Pneumonia
train,train/Fibrosis/00007228_000.png,6,Fibrosis
train,train/Consolidation/00011066_003.png,2,Consolidation
train,train/Emphysema/00000937_004.png,5,Emphysema
train,train/Emphysema/00005460_006.png,5,Emphysema
train,train/Mass/00017497_000.png,8,Mass
train,train/Nodule/00008509_006.png,9,Nodule
train,train/Mass/00014265_012.png,8,Mass
train,train/Atelectasis/00016305_004.png,0,Atelectasis
train,train/Fibrosis/00004747_001.png,6,Fibrosis
train,train/Infiltration/00026644_000.png,7,Infiltration
train,train/Emphysema/00005811_001.png,5,Emphysema
train,train/Nodule/00001850_001.png,9,Nodule
train,train/Cardiomegaly/00021032_000.png,1,Cardiomegaly
train,train/Cardiomegaly/00030764_000.png,1,Cardiomegaly
train,train/Cardiomegaly/00000294_000.png,1,Cardiomegaly
train,train/Mass/00025561_006.png,8,Mass
train,train/Mass/00026202_006.png,8,Mass
train,train/Emphysema/00008468_050.png,5,Emphysema
train,train/Pneumonia/00010531_073.png,10,Pneumonia
train,train/Infiltration/00009727_037.png,7,Infiltration
train,train/Pneumothorax/00015803_009.png,11,Pneumothorax
train,train/Infiltration/00015039_010.png,7,Infiltration
train,train/Consolidation/00018724_017.png,2,Consolidation
train,train/Effusion/00011606_006.png,4,Effusion
train,train/Effusion/00010308_003.png,4,Effusion
train,train/Effusion/00022265_000.png,4,Effusion
train,train/Effusion/00000127_007.png,4,Effusion
train,train/Pneumonia/00027775_004.png,10,Pneumonia
train,train/Fibrosis/00010042_007.png,6,Fibrosis
train,train/Effusion/00027894_001.png,4,Effusion
train,train/Nodule/00014844_000.png,9,Nodule
train,train/Atelectasis/00025650_011.png,0,Atelectasis
train,train/Effusion/00001439_000.png,4,Effusion
train,train/Atelectasis/00026099_040.png,0,Atelectasis
train,train/Effusion/00012935_006.png,4,Effusion
train,train/Emphysema/00021036_009.png,5,Emphysema
train,train/Fibrosis/00001531_001.png,6,Fibrosis
train,train/Fibrosis/00011706_000.png,6,Fibrosis
train,train/Edema/00016991_011.png,3,Edema
train,train/Pneumothorax/00008468_024.png,11,Pneumothorax
train,train/Fibrosis/00002739_001.png,6,Fibrosis
train,train/Fibrosis/00003647_007.png,6,Fibrosis
train,train/Pneumothorax/00006431_004.png,11,Pneumothorax
train,train/Effusion/00007857_010.png,4,Effusion
train,train/Pneumonia/00019895_002.png,10,Pneumonia
train,train/Fibrosis/00004185_000.png,6,Fibrosis
train,train/Effusion/00018317_009.png,4,Effusion
train,train/Effusion/00006391_003.png,4,Effusion
train,train/Effusion/00027260_006.png,4,Effusion
train,train/Atelectasis/00020147_005.png,0,Atelectasis
train,train/Effusion/00012018_006.png,4,Effusion
train,train/Fibrosis/00000924_000.png,6,Fibrosis
train,train/Pneumonia/00012761_007.png,10,Pneumonia
train,train/Pneumothorax/00022818_001.png,11,Pneumothorax
train,train/Emphysema/00010251_001.png,5,Emphysema
train,train/Mass/00004094_009.png,8,Mass
train,train/Consolidation/00022528_015.png,2,Consolidation
train,train/Nodule/00013450_001.png,9,Nodule
train,train/Cardiomegaly/00012381_001.png,1,Cardiomegaly
train,train/Edema/00013594_012.png,3,Edema
train,train/Fibrosis/00014320_047.png,6,Fibrosis
train,train/Pneumonia/00016425_000.png,10,Pneumonia
train,train/Pneumothorax/00015556_007.png,11,Pneumothorax
train,train/Mass/00016276_000.png,8,Mass
train,train/Pneumonia/00020505_022.png,10,Pneumonia
train,train/Nodule/00019176_039.png,9,Nodule
train,train/Consolidation/00015038_000.png,2,Consolidation
train,train/Consolidation/00008518_008.png,2,Consolidation
train,train/Atelectasis/00009729_000.png,0,Atelectasis
train,train/Fibrosis/00006868_005.png,6,Fibrosis
train,train/Edema/00028803_002.png,3,Edema
train,train/Cardiomegaly/00015914_008.png,1,Cardiomegaly
train,train/Consolidation/00029872_000.png,2,Consolidation
train,train/Nodule/00010284_000.png,9,Nodule
train,train/Pneumonia/00014393_007.png,10,Pneumonia
train,train/Fibrosis/00011700_003.png,6,Fibrosis
train,train/Infiltration/00028528_000.png,7,Infiltration
train,train/Pneumothorax/00003513_005.png,11,Pneumothorax
train,train/Mass/00019927_006.png,8,Mass
train,train/Atelectasis/00015826_001.png,0,Atelectasis
train,train/Pneumothorax/00021759_030.png,11,Pneumothorax
train,train/Infiltration/00003096_001.png,7,Infiltration
train,train/Nodule/00028975_001.png,9,Nodule
train,train/Atelectasis/00022487_000.png,0,Atelectasis
train,train/Mass/00001637_009.png,8,Mass
train,train/Consolidation/00013894_004.png,2,Consolidation
train,train/Pneumonia/00002052_002.png,10,Pneumonia
train,train/Pneumothorax/00003468_001.png,11,Pneumothorax
train,train/Cardiomegaly/00003283_000.png,1,Cardiomegaly
train,train/Effusion/00010821_000.png,4,Effusion
train,train/Nodule/00027108_013.png,9,Nodule
train,train/Effusion/00005646_009.png,4,Effusion
train,train/Emphysema/00000289_007.png,5,Emphysema
train,train/Cardiomegaly/00020063_000.png,1,Cardiomegaly
train,train/Cardiomegaly/00003567_000.png,1,Cardiomegaly
train,train/Consolidation/00008922_024.png,2,Consolidation
train,train/Nodule/00012242_001.png,9,Nodule
train,train/Pneumothorax/00011618_004.png,11,Pneumothorax
train,train/Edema/00016399_019.png,3,Edema
train,train/Nodule/00006631_003.png,9,Nodule
train,train/Fibrosis/00026956_004.png,6,Fibrosis
train,train/Nodule/00005776_008.png,9,Nodule
train,train/Cardiomegaly/00020744_000.png,1,Cardiomegaly
train,train/Mass/00017763_000.png,8,Mass
train,train/Atelectasis/00015679_004.png,0,Atelectasis
train,train/Fibrosis/00006758_002.png,6,Fibrosis
train,train/Mass/00017388_001.png,8,Mass
train,train/Infiltration/00022716_001.png,7,Infiltration
train,train/Mass/00006380_000.png,8,Mass
train,train/Cardiomegaly/00003610_012.png,1,Cardiomegaly
train,train/Cardiomegaly/00011235_001.png,1,Cardiomegaly
train,train/Consolidation/00014128_026.png,2,Consolidation
train,train/Consolidation/00021340_000.png,2,Consolidation
train,train/Infiltration/00025610_000.png,7,Infiltration
train,train/Edema/00017691_007.png,3,Edema
train,train/Infiltration/00018639_000.png,7,Infiltration
train,train/Infiltration/00020020_003.png,7,Infiltration
train,train/Fibrosis/00009815_000.png,6,Fibrosis
train,train/Cardiomegaly/00027292_001.png,1,Cardiomegaly
train,train/Pneumonia/00029889_000.png,10,Pneumonia
train,train/Effusion/00003704_001.png,4,Effusion
train,train/Pneumothorax/00008594_009.png,11,Pneumothorax
train,train/Atelectasis/00009031_000.png,0,Atelectasis
train,train/Nodule/00022816_002.png,9,Nodule
train,train/Mass/00017262_005.png,8,Mass
train,train/Infiltration/00026084_000.png,7,Infiltration
train,train/Nodule/00019635_002.png,9,Nodule
train,train/Atelectasis/00026881_003.png,0,Atelectasis
train,train/Effusion/00012999_002.png,4,Effusion
train,train/Consolidation/00007718_003.png,2,Consolidation
train,train/Nodule/00001404_005.png,9,Nodule
train,train/Mass/00030594_000.png,8,Mass
train,train/Pneumothorax/00009786_000.png,11,Pneumothorax
train,train/Mass/00011886_009.png,8,Mass
train,train/Fibrosis/00003104_004.png,6,Fibrosis
train,train/Atelectasis/00004900_003.png,0,Atelectasis
train,train/Consolidation/00017424_012.png,2,Consolidation
train,train/Pneumothorax/00017369_005.png,11,Pneumothorax
train,train/Infiltration/00025903_000.png,7,Infiltration
train,train/Pneumonia/00018198_004.png,10,Pneumonia
train,train/Cardiomegaly/00019940_002.png,1,Cardiomegaly
train,train/Mass/00016526_000.png,8,Mass
train,train/Cardiomegaly/00005610_000.png,1,Cardiomegaly
train,train/Nodule/00008940_000.png,9,Nodule
train,train/Pneumothorax/00022651_016.png,11,Pneumothorax
train,train/Effusion/00010475_042.png,4,Effusion
train,train/Effusion/00020085_018.png,4,Effusion
train,train/Pneumonia/00014405_001.png,10,Pneumonia
train,train/Pneumonia/00016778_028.png,10,Pneumonia
train,train/Nodule/00013202_001.png,9,Nodule
train,train/Pneumothorax/00003827_000.png,11,Pneumothorax
train,train/Atelectasis/00000153_001.png,0,Atelectasis
train,train/Infiltration/00026965_002.png,7,Infiltration
train,train/Infiltration/00005378_001.png,7,Infiltration
train,train/Infiltration/00010521_001.png,7,Infiltration
train,train/Pneumothorax/00008465_006.png,11,Pneumothorax
train,train/Cardiomegaly/00027570_000.png,1,Cardiomegaly
train,train/Consolidation/00011379_004.png,2,Consolidation
train,train/Pneumothorax/00002649_003.png,11,Pneumothorax
train,train/Infiltration/00023226_000.png,7,Infiltration
train,train/Pneumothorax/00016410_038.png,11,Pneumothorax
train,train/Edema/00005682_006.png,3,Edema
train,train/Nodule/00002649_006.png,9,Nodule
train,train/Pneumothorax/00007411_004.png,11,Pneumothorax
train,train/Pneumonia/00007624_024.png,10,Pneumonia
train,train/Fibrosis/00008419_000.png,6,Fibrosis
train,train/Effusion/00005564_016.png,4,Effusion
train,train/Cardiomegaly/00005538_002.png,1,Cardiomegaly
train,train/Emphysema/00013592_003.png,5,Emphysema
train,train/Mass/00013917_008.png,8,Mass
train,train/Atelectasis/00012903_005.png,0,Atelectasis
train,train/Edema/00003535_014.png,3,Edema
train,train/Fibrosis/00002872_000.png,6,Fibrosis
train,train/Mass/00016953_006.png,8,Mass
train,train/Effusion/00026297_001.png,4,Effusion
train,train/Infiltration/00002673_011.png,7,Infiltration
train,train/Edema/00018853_004.png,3,Edema
train,train/Effusion/00011770_003.png,4,Effusion
train,train/Nodule/00018087_002.png,9,Nodule
train,train/Infiltration/00000273_002.png,7,Infiltration
train,train/Consolidation/00006517_002.png,2,Consolidation
train,train/Nodule/00006330_008.png,9,Nodule
train,train/Effusion/00022607_010.png,4,Effusion
train,train/Atelectasis/00006514_001.png,0,Atelectasis
train,train/Atelectasis/00008077_000.png,0,Atelectasis
train,train/Emphysema/00004257_005.png,5,Emphysema
train,train/Atelectasis/00018643_001.png,0,Atelectasis
train,train/Nodule/00022559_004.png,9,Nodule
train,train/Infiltration/00026232_011.png,7,Infiltration
train,train/Cardiomegaly/00030276_000.png,1,Cardiomegaly
train,train/Pneumonia/00007992_006.png,10,Pneumonia
train,train/Edema/00001249_006.png,3,Edema
train,train/Consolidation/00005746_004.png,2,Consolidation
train,train/Mass/00010773_000.png,8,Mass
train,train/Mass/00002466_005.png,8,Mass
train,train/Nodule/00004519_013.png,9,Nodule
train,train/Pneumothorax/00003002_002.png,11,Pneumothorax
train,train/Effusion/00001470_004.png,4,Effusion
train,train/Effusion/00015350_002.png,4,Effusion
train,train/Pneumothorax/00022668_000.png,11,Pneumothorax
train,train/Cardiomegaly/00016220_009.png,1,Cardiomegaly
train,train/Atelectasis/00008109_000.png,0,Atelectasis
train,train/Atelectasis/00001309_001.png,0,Atelectasis
train,train/Pneumothorax/00022651_019.png,11,Pneumothorax
train,train/Consolidation/00011379_014.png,2,Consolidation
train,train/Fibrosis/00010763_017.png,6,Fibrosis
train,train/Mass/00005642_002.png,8,Mass
train,train/Atelectasis/00030267_002.png,0,Atelectasis
train,train/Fibrosis/00029376_000.png,6,Fibrosis
train,train/Emphysema/00002359_009.png,5,Emphysema
train,train/Consolidation/00013620_000.png,2,Consolidation
train,train/Nodule/00000093_001.png,9,Nodule
train,train/Atelectasis/00003392_003.png,0,Atelectasis
train,train/Edema/00016991_010.png,3,Edema
train,train/Effusion/00006996_006.png,4,Effusion
train,train/Atelectasis/00025683_002.png,0,Atelectasis
train,train/Fibrosis/00003022_000.png,6,Fibrosis
train,train/Consolidation/00015606_009.png,2,Consolidation
train,train/Cardiomegaly/00024439_000.png,1,Cardiomegaly
train,train/Pneumothorax/00027831_001.png,11,Pneumothorax
train,train/Cardiomegaly/00004843_000.png,1,Cardiomegaly
train,train/Nodule/00008953_000.png,9,Nodule
train,train/Atelectasis/00011328_002.png,0,Atelectasis
train,train/Infiltration/00019245_000.png,7,Infiltration
train,train/Pneumonia/00013304_002.png,10,Pneumonia
train,train/Atelectasis/00008853_000.png,0,Atelectasis
train,train/Fibrosis/00015628_027.png,6,Fibrosis
train,train/Cardiomegaly/00011140_015.png,1,Cardiomegaly
train,train/Atelectasis/00008489_021.png,0,Atelectasis
train,train/Emphysema/00017830_005.png,5,Emphysema
train,train/Pneumonia/00025383_002.png,10,Pneumonia
train,train/Edema/00026421_002.png,3,Edema
train,train/Pneumonia/00010384_035.png,10,Pneumonia
train,train/Cardiomegaly/00005425_000.png,1,Cardiomegaly
train,train/Infiltration/00027946_000.png,7,Infiltration
train,train/Effusion/00011760_004.png,4,Effusion
train,train/Fibrosis/00020471_000.png,6,Fibrosis
train,train/Cardiomegaly/00022945_000.png,1,Cardiomegaly
train,train/Edema/00022442_000.png,3,Edema
train,train/Cardiomegaly/00005689_000.png,1,Cardiomegaly
train,train/Effusion/00015679_009.png,4,Effusion
train,train/Emphysema/00007806_004.png,5,Emphysema
train,train/Infiltration/00025927_000.png,7,Infiltration
train,train/Atelectasis/00019959_006.png,0,Atelectasis
train,train/Nodule/00010093_003.png,9,Nodule
train,train/Effusion/00004435_023.png,4,Effusion
train,train/Fibrosis/00001896_002.png,6,Fibrosis
train,train/Consolidation/00030772_002.png,2,Consolidation
train,train/Mass/00026190_000.png,8,Mass
train,train/Fibrosis/00015434_000.png,6,Fibrosis
train,train/Atelectasis/00019041_003.png,0,Atelectasis
train,train/Effusion/00010613_022.png,4,Effusion
train,train/Emphysema/00002213_000.png,5,Emphysema
train,train/Edema/00029422_006.png,3,Edema
train,train/Emphysema/00017537_000.png,5,Emphysema
train,train/Emphysema/00026222_001.png,5,Emphysema
train,train/Infiltration/00017208_002.png,7,Infiltration
train,train/Nodule/00011178_001.png,9,Nodule
train,train/Cardiomegaly/00006549_006.png,1,Cardiomegaly
train,train/Atelectasis/00020690_001.png,0,Atelectasis
train,train/Pneumonia/00002360_002.png,10,Pneumonia
train,train/Pneumonia/00018191_003.png,10,Pneumonia
train,train/Effusion/00010897_013.png,4,Effusion
train,train/Mass/00013650_000.png,8,Mass
train,train/Infiltration/00026833_004.png,7,Infiltration
train,train/Edema/00010801_005.png,3,Edema
train,train/Pneumothorax/00007411_002.png,11,Pneumothorax
train,train/Consolidation/00017691_006.png,2,Consolidation
train,train/Pneumothorax/00010123_003.png,11,Pneumothorax
train,train/Emphysema/00006138_006.png,5,Emphysema
train,train/Pneumonia/00005778_001.png,10,Pneumonia
train,train/Effusion/00029796_004.png,4,Effusion
train,train/Effusion/00008748_009.png,4,Effusion
train,train/Emphysema/00001199_002.png,5,Emphysema
train,train/Nodule/00012659_012.png,9,Nodule
train,train/Cardiomegaly/00007858_004.png,1,Cardiomegaly
train,train/Consolidation/00004833_027.png,2,Consolidation
train,train/Mass/00004163_001.png,8,Mass
train,train/Effusion/00003771_004.png,4,Effusion
train,train/Atelectasis/00030661_000.png,0,Atelectasis
train,train/Edema/00001723_001.png,3,Edema
train,train/Atelectasis/00014362_020.png,0,Atelectasis
train,train/Pneumonia/00003950_002.png,10,Pneumonia
train,train/Effusion/00006519_021.png,4,Effusion
train,train/Edema/00014971_005.png,3,Edema
train,train/Effusion/00021455_007.png,4,Effusion
train,train/Effusion/00008777_004.png,4,Effusion
train,train/Edema/00016376_011.png,3,Edema
train,train/Cardiomegaly/00008096_000.png,1,Cardiomegaly
train,train/Mass/00005632_000.png,8,Mass
train,train/Pneumothorax/00017645_019.png,11,Pneumothorax
train,train/Pneumonia/00015806_003.png,10,Pneumonia
train,train/Edema/00016789_009.png,3,Edema
train,train/Pneumothorax/00000631_004.png,11,Pneumothorax
train,train/Consolidation/00007080_000.png,2,Consolidation
train,train/Fibrosis/00025431_000.png,6,Fibrosis
train,train/Emphysema/00002041_000.png,5,Emphysema
train,train/Infiltration/00016492_000.png,7,Infiltration
train,train/Infiltration/00015572_001.png,7,Infiltration
train,train/Pneumothorax/00023296_001.png,11,Pneumothorax
train,train/Consolidation/00026101_005.png,2,Consolidation
train,train/Nodule/00000963_016.png,9,Nodule
train,train/Consolidation/00006697_006.png,2,Consolidation
train,train/Infiltration/00005762_004.png,7,Infiltration
train,train/Pneumonia/00021243_001.png,10,Pneumonia
train,train/Effusion/00022680_004.png,4,Effusion
train,train/Pneumothorax/00012321_003.png,11,Pneumothorax
train,train/Atelectasis/00015443_000.png,0,Atelectasis
train,train/Atelectasis/00019643_034.png,0,Atelectasis
train,train/Pneumonia/00021572_017.png,10,Pneumonia
train,train/Consolidation/00014145_012.png,2,Consolidation
train,train/Mass/00009764_002.png,8,Mass
train,train/Atelectasis/00011495_001.png,0,Atelectasis
train,train/Effusion/00022245_000.png,4,Effusion
train,train/Infiltration/00000954_001.png,7,Infiltration
train,train/Pneumonia/00001021_000.png,10,Pneumonia
train,train/Emphysema/00029798_000.png,5,Emphysema
train,train/Pneumonia/00010509_003.png,10,Pneumonia
train,train/Cardiomegaly/00005717_001.png,1,Cardiomegaly
train,train/Atelectasis/00020122_001.png,0,Atelectasis
train,train/Cardiomegaly/00017953_000.png,1,Cardiomegaly
train,train/Infiltration/00024352_000.png,7,Infiltration
train,train/Edema/00003940_002.png,3,Edema
train,train/Emphysema/00012648_003.png,5,Emphysema
train,train/Nodule/00005666_003.png,9,Nodule
train,train/Pneumothorax/00006506_002.png,11,Pneumothorax
train,train/Fibrosis/00002146_000.png,6,Fibrosis
train,train/Effusion/00011380_011.png,4,Effusion
train,train/Mass/00005872_000.png,8,Mass
train,train/Atelectasis/00002482_003.png,0,Atelectasis
train,train/Emphysema/00021212_009.png,5,Emphysema
train,train/Edema/00010509_006.png,3,Edema
train,train/Pneumonia/00011188_002.png,10,Pneumonia
train,train/Atelectasis/00002289_000.png,0,Atelectasis
train,train/Mass/00008012_002.png,8,Mass
train,train/Atelectasis/00006642_031.png,0,Atelectasis
train,train/Atelectasis/00020158_015.png,0,Atelectasis
train,train/Pneumonia/00025583_005.png,10,Pneumonia
train,train/Effusion/00003377_013.png,4,Effusion
train,train/Pneumonia/00022436_000.png,10,Pneumonia
train,train/Emphysema/00008594_005.png,5,Emphysema
train,train/Effusion/00005130_000.png,4,Effusion
train,train/Nodule/00001722_001.png,9,Nodule
train,train/Fibrosis/00004924_000.png,6,Fibrosis
train,train/Fibrosis/00020470_001.png,6,Fibrosis
train,train/Nodule/00006926_000.png,9,Nodule
train,train/Pneumonia/00019962_002.png,10,Pneumonia
train,train/Effusion/00022764_006.png,4,Effusion
train,train/Cardiomegaly/00025382_004.png,1,Cardiomegaly
train,train/Pneumonia/00011842_002.png,10,Pneumonia
train,train/Pneumothorax/00010304_000.png,11,Pneumothorax
train,train/Pneumothorax/00021092_006.png,11,Pneumothorax
train,train/Emphysema/00015319_000.png,5,Emphysema
train,train/Consolidation/00016729_002.png,2,Consolidation
train,train/Pneumonia/00021016_000.png,10,Pneumonia
train,train/Infiltration/00008284_001.png,7,Infiltration
train,train/Pneumothorax/00008465_004.png,11,Pneumothorax
train,train/Nodule/00009117_001.png,9,Nodule
train,train/Fibrosis/00008688_000.png,6,Fibrosis
train,train/Consolidation/00007762_010.png,2,Consolidation
train,train/Fibrosis/00010368_000.png,6,Fibrosis
train,train/Mass/00014320_031.png,8,Mass
train,train/Pneumothorax/00022345_001.png,11,Pneumothorax
train,train/Emphysema/00008168_000.png,5,Emphysema
train,train/Effusion/00012020_004.png,4,Effusion
train,train/Atelectasis/00007497_002.png,0,Atelectasis
train,train/Emphysema/00020469_002.png,5,Emphysema
train,train/Atelectasis/00012665_000.png,0,Atelectasis
train,train/Atelectasis/00021627_000.png,0,Atelectasis
train,train/Edema/00020966_006.png,3,Edema
train,train/Cardiomegaly/00002256_012.png,1,Cardiomegaly
train,train/Edema/00011632_004.png,3,Edema
train,train/Consolidation/00005579_005.png,2,Consolidation
train,train/Infiltration/00022170_002.png,7,Infiltration
train,train/Emphysema/00030137_009.png,5,Emphysema
train,train/Consolidation/00028357_020.png,2,Consolidation
train,train/Edema/00009876_002.png,3,Edema
train,train/Emphysema/00016410_030.png,5,Emphysema
train,train/Consolidation/00001301_031.png,2,Consolidation
train,train/Atelectasis/00022312_009.png,0,Atelectasis
train,train/Fibrosis/00001756_000.png,6,Fibrosis
train,train/Atelectasis/00002644_018.png,0,Atelectasis
train,train/Effusion/00029705_002.png,4,Effusion
train,train/Consolidation/00019176_016.png,2,Consolidation
train,train/Pneumonia/00005892_001.png,10,Pneumonia
train,train/Fibrosis/00008583_001.png,6,Fibrosis
train,train/Fibrosis/00003427_000.png,6,Fibrosis
train,train/Edema/00013342_008.png,3,Edema
train,train/Mass/00009702_000.png,8,Mass
train,train/Pneumothorax/00010996_000.png,11,Pneumothorax
train,train/Consolidation/00020340_010.png,2,Consolidation
train,train/Edema/00016821_008.png,3,Edema
train,train/Edema/00012993_017.png,3,Edema
train,train/Cardiomegaly/00004755_009.png,1,Cardiomegaly
train,train/Infiltration/00010484_003.png,7,Infiltration
train,train/Fibrosis/00001741_003.png,6,Fibrosis
train,train/Infiltration/00001650_001.png,7,Infiltration
train,train/Emphysema/00007643_000.png,5,Emphysema
train,train/Mass/00018608_016.png,8,Mass
train,train/Emphysema/00002294_000.png,5,Emphysema
train,train/Atelectasis/00002586_002.png,0,Atelectasis
train,train/Nodule/00016561_002.png,9,Nodule
train,train/Cardiomegaly/00029291_000.png,1,Cardiomegaly
train,train/Effusion/00009667_008.png,4,Effusion
train,train/Fibrosis/00017807_002.png,6,Fibrosis
train,train/Consolidation/00030786_006.png,2,Consolidation
train,train/Pneumonia/00000261_002.png,10,Pneumonia
train,train/Fibrosis/00000199_001.png,6,Fibrosis
train,train/Fibrosis/00000204_000.png,6,Fibrosis
train,train/Pneumothorax/00011255_004.png,11,Pneumothorax
train,train/Edema/00026742_001.png,3,Edema
train,train/Pneumonia/00017231_001.png,10,Pneumonia
train,train/Atelectasis/00022394_000.png,0,Atelectasis
train,train/Nodule/00006926_005.png,9,Nodule
train,train/Edema/00018829_003.png,3,Edema
train,train/Nodule/00017705_003.png,9,Nodule
train,train/Effusion/00000071_002.png,4,Effusion
train,train/Edema/00022065_014.png,3,Edema
train,train/Effusion/00019894_014.png,4,Effusion
train,train/Edema/00012426_004.png,3,Edema
train,train/Fibrosis/00008267_000.png,6,Fibrosis
train,train/Pneumonia/00028764_002.png,10,Pneumonia
train,train/Consolidation/00025932_001.png,2,Consolidation
train,train/Consolidation/00018052_003.png,2,Consolidation
train,train/Consolidation/00017941_011.png,2,Consolidation
train,train/Effusion/00022335_011.png,4,Effusion
train,train/Nodule/00017503_001.png,9,Nodule
train,train/Cardiomegaly/00015768_004.png,1,Cardiomegaly
train,train/Effusion/00019899_012.png,4,Effusion
train,train/Pneumonia/00005673_003.png,10,Pneumonia
train,train/Nodule/00006721_000.png,9,Nodule
train,train/Infiltration/00029774_006.png,7,Infiltration
train,train/Atelectasis/00025695_022.png,0,Atelectasis
train,train/Effusion/00028612_002.png,4,Effusion
train,train/Consolidation/00013833_008.png,2,Consolidation
train,train/Edema/00010524_002.png,3,Edema
train,train/Pneumonia/00013662_005.png,10,Pneumonia
train,train/Fibrosis/00010698_012.png,6,Fibrosis
train,train/Infiltration/00025317_004.png,7,Infiltration
train,train/Effusion/00027427_009.png,4,Effusion
train,train/Emphysema/00001233_000.png,5,Emphysema
train,train/Fibrosis/00001429_000.png,6,Fibrosis
train,train/Atelectasis/00005538_001.png,0,Atelectasis
train,train/Edema/00007864_006.png,3,Edema
train,train/Emphysema/00002955_002.png,5,Emphysema
train,train/Mass/00006712_003.png,8,Mass
train,train/Mass/00019436_000.png,8,Mass
train,train/Consolidation/00030339_007.png,2,Consolidation
train,train/Pneumothorax/00022651_023.png,11,Pneumothorax
train,train/Edema/00001601_006.png,3,Edema
train,train/Nodule/00010297_003.png,9,Nodule
train,train/Consolidation/00006517_004.png,2,Consolidation
train,train/Cardiomegaly/00014273_000.png,1,Cardiomegaly
train,train/Consolidation/00007157_033.png,2,Consolidation
train,train/Cardiomegaly/00009001_007.png,1,Cardiomegaly
train,train/Pneumonia/00014201_008.png,10,Pneumonia
train,train/Pneumothorax/00011350_004.png,11,Pneumothorax
train,train/Infiltration/00028683_001.png,7,Infiltration
train,train/Cardiomegaly/00006806_001.png,1,Cardiomegaly
train,train/Effusion/00004525_007.png,4,Effusion
train,train/Emphysema/00025924_012.png,5,Emphysema
train,train/Atelectasis/00014653_006.png,0,Atelectasis
train,train/Consolidation/00003292_005.png,2,Consolidation
train,train/Infiltration/00020528_000.png,7,Infiltration
train,train/Emphysema/00029981_009.png,5,Emphysema
train,train/Fibrosis/00003574_005.png,6,Fibrosis
train,train/Nodule/00025447_000.png,9,Nodule
train,train/Emphysema/00003523_030.png,5,Emphysema
train,train/Effusion/00026825_014.png,4,Effusion
train,train/Atelectasis/00010590_008.png,0,Atelectasis
train,train/Pneumonia/00006490_006.png,10,Pneumonia
train,train/Fibrosis/00002873_000.png,6,Fibrosis
train,train/Effusion/00019884_003.png,4,Effusion
train,train/Fibrosis/00008981_002.png,6,Fibrosis
train,train/Pneumonia/00009798_016.png,10,Pneumonia
train,train/Fibrosis/00013857_000.png,6,Fibrosis
train,train/Fibrosis/00008864_007.png,6,Fibrosis
train,train/Consolidation/00021750_007.png,2,Consolidation
train,train/Mass/00008326_000.png,8,Mass
train,train/Pneumothorax/00001561_002.png,11,Pneumothorax
train,train/Mass/00007416_000.png,8,Mass
train,train/Nodule/00003751_000.png,9,Nodule
train,train/Cardiomegaly/00009813_009.png,1,Cardiomegaly
train,train/Atelectasis/00006137_001.png,0,Atelectasis
train,train/Pneumothorax/00001583_009.png,11,Pneumothorax
train,train/Pneumonia/00026938_000.png,10,Pneumonia
train,train/Infiltration/00022073_000.png,7,Infiltration
train,train/Nodule/00017089_006.png,9,Nodule
train,train/Atelectasis/00019283_005.png,0,Atelectasis
train,train/Effusion/00003995_000.png,4,Effusion
train,train/Pneumothorax/00005448_013.png,11,Pneumothorax
train,train/Atelectasis/00027229_000.png,0,Atelectasis
train,train/Atelectasis/00005238_003.png,0,Atelectasis
train,train/Emphysema/00008500_000.png,5,Emphysema
train,train/Emphysema/00016355_000.png,5,Emphysema
train,train/Infiltration/00028193_000.png,7,Infiltration
train,train/Nodule/00006766_000.png,9,Nodule
train,train/Nodule/00007506_004.png,9,Nodule
train,train/Consolidation/00017617_001.png,2,Consolidation
train,train/Effusion/00004163_003.png,4,Effusion
train,train/Pneumothorax/00010123_001.png,11,Pneumothorax
train,train/Pneumothorax/00011845_009.png,11,Pneumothorax
train,train/Pneumonia/00010544_000.png,10,Pneumonia
train,train/Pneumonia/00017652_000.png,10,Pneumonia
train,train/Infiltration/00012342_002.png,7,Infiltration
train,train/Nodule/00010608_000.png,9,Nodule
train,train/Pneumonia/00027266_001.png,10,Pneumonia
train,train/Fibrosis/00008903_002.png,6,Fibrosis
train,train/Pneumothorax/00019549_001.png,11,Pneumothorax
train,train/Mass/00008004_007.png,8,Mass
train,train/Fibrosis/00012409_000.png,6,Fibrosis
train,train/Atelectasis/00027320_002.png,0,Atelectasis
train,train/Atelectasis/00015641_009.png,0,Atelectasis
train,train/Atelectasis/00012304_001.png,0,Atelectasis
train,train/Pneumonia/00012733_000.png,10,Pneumonia
train,train/Atelectasis/00004848_004.png,0,Atelectasis
train,train/Edema/00015650_000.png,3,Edema
train,train/Atelectasis/00008894_000.png,0,Atelectasis
train,train/Emphysema/00007559_001.png,5,Emphysema
train,train/Consolidation/00005069_010.png,2,Consolidation
train,train/Pneumonia/00018525_000.png,10,Pneumonia
train,train/Atelectasis/00003990_001.png,0,Atelectasis
train,train/Consolidation/00001255_034.png,2,Consolidation
train,train/Effusion/00004110_000.png,4,Effusion
train,train/Cardiomegaly/00013077_006.png,1,Cardiomegaly
train,train/Cardiomegaly/00012523_000.png,1,Cardiomegaly
train,train/Effusion/00002860_020.png,4,Effusion
train,train/Edema/00016280_004.png,3,Edema
train,train/Atelectasis/00009600_015.png,0,Atelectasis
train,train/Infiltration/00020220_001.png,7,Infiltration
train,train/Pneumonia/00027508_001.png,10,Pneumonia
train,train/Atelectasis/00030672_002.png,0,Atelectasis
train,train/Emphysema/00009355_000.png,5,Emphysema
train,train/Infiltration/00018058_000.png,7,Infiltration
train,train/Mass/00025393_001.png,8,Mass
train,train/Atelectasis/00000270_001.png,0,Atelectasis
train,train/Cardiomegaly/00025161_003.png,1,Cardiomegaly
train,train/Edema/00016410_011.png,3,Edema
train,train/Pneumonia/00010544_029.png,10,Pneumonia
train,train/Pneumothorax/00022651_007.png,11,Pneumothorax
train,train/Infiltration/00022604_006.png,7,Infiltration
train,train/Nodule/00007108_007.png,9,Nodule
train,train/Edema/00023128_005.png,3,Edema
train,train/Fibrosis/00010042_009.png,6,Fibrosis
train,train/Mass/00006662_000.png,8,Mass
train,train/Consolidation/00015606_011.png,2,Consolidation
train,train/Infiltration/00024985_000.png,7,Infiltration
train,train/Pneumothorax/00019730_001.png,11,Pneumothorax
train,train/Edema/00015028_005.png,3,Edema
train,train/Atelectasis/00010540_002.png,0,Atelectasis
train,train/Fibrosis/00014050_004.png,6,Fibrosis
train,train/Fibrosis/00000529_000.png,6,Fibrosis
train,train/Atelectasis/00007446_000.png,0,Atelectasis
train,train/Pneumonia/00003640_004.png,10,Pneumonia
train,train/Emphysema/00026670_001.png,5,Emphysema
train,train/Effusion/00025839_022.png,4,Effusion
train,train/Edema/00011632_003.png,3,Edema
train,train/Pneumonia/00019865_013.png,10,Pneumonia
train,train/Nodule/00014429_006.png,9,Nodule
train,train/Fibrosis/00018260_004.png,6,Fibrosis
train,train/Infiltration/00025131_000.png,7,Infiltration
train,train/Infiltration/00016660_005.png,7,Infiltration
train,train/Edema/00012863_012.png,3,Edema
train,train/Infiltration/00010638_000.png,7,Infiltration
train,train/Infiltration/00028293_000.png,7,Infiltration
train,train/Consolidation/00011351_009.png,2,Consolidation
train,train/Fibrosis/00001751_001.png,6,Fibrosis
train,train/Mass/00017484_001.png,8,Mass
train,train/Cardiomegaly/00018318_000.png,1,Cardiomegaly
train,train/Atelectasis/00009082_002.png,0,Atelectasis
train,train/Edema/00016715_009.png,3,Edema
train,train/Emphysema/00008509_001.png,5,Emphysema
train,train/Pneumothorax/00006431_005.png,11,Pneumothorax
train,train/Consolidation/00013774_020.png,2,Consolidation
train,train/Atelectasis/00014034_015.png,0,Atelectasis
train,train/Cardiomegaly/00013064_000.png,1,Cardiomegaly
train,train/Effusion/00020652_009.png,4,Effusion
train,train/Infiltration/00000820_016.png,7,Infiltration
train,train/Pneumonia/00019176_076.png,10,Pneumonia
train,train/Emphysema/00011544_003.png,5,Emphysema
train,train/Consolidation/00016484_017.png,2,Consolidation
train,train/Atelectasis/00022147_004.png,0,Atelectasis
train,train/Edema/00016213_004.png,3,Edema
train,train/Effusion/00003570_002.png,4,Effusion
train,train/Effusion/00020326_046.png,4,Effusion
train,train/Pneumonia/00019169_001.png,10,Pneumonia
train,train/Edema/00027415_012.png,3,Edema
train,train/Atelectasis/00016480_003.png,0,Atelectasis
train,train/Edema/00029839_003.png,3,Edema
train,train/Cardiomegaly/00015401_007.png,1,Cardiomegaly
train,train/Mass/00030159_000.png,8,Mass
train,train/Infiltration/00015809_020.png,7,Infiltration
train,train/Nodule/00020269_002.png,9,Nodule
train,train/Pneumonia/00011553_006.png,10,Pneumonia
train,train/Pneumothorax/00008230_020.png,11,Pneumothorax
train,train/Nodule/00027415_028.png,9,Nodule
train,train/Consolidation/00018044_021.png,2,Consolidation
train,train/Consolidation/00002666_007.png,2,Consolidation
train,train/Fibrosis/00018362_009.png,6,Fibrosis
train,train/Edema/00029108_002.png,3,Edema
train,train/Pneumothorax/00026597_002.png,11,Pneumothorax
train,train/Mass/00020843_001.png,8,Mass
train,train/Cardiomegaly/00020425_000.png,1,Cardiomegaly
train,train/Emphysema/00021808_005.png,5,Emphysema
train,train/Emphysema/00029708_000.png,5,Emphysema
train,train/Effusion/00013307_005.png,4,Effusion
train,train/Pneumonia/00013611_001.png,10,Pneumonia
train,train/Effusion/00018045_010.png,4,Effusion
train,train/Nodule/00005218_020.png,9,Nodule
train,train/Fibrosis/00006188_001.png,6,Fibrosis
train,train/Infiltration/00006642_037.png,7,Infiltration
train,train/Edema/00022442_001.png,3,Edema
train,train/Mass/00005218_001.png,8,Mass
train,train/Edema/00005682_007.png,3,Edema
train,train/Emphysema/00007683_005.png,5,Emphysema
train,train/Emphysema/00010787_001.png,5,Emphysema
train,train/Nodule/00030703_000.png,9,Nodule
train,train/Pneumonia/00018237_028.png,10,Pneumonia
train,train/Pneumothorax/00015439_001.png,11,Pneumothorax
train,train/Edema/00004299_011.png,3,Edema
train,train/Cardiomegaly/00000683_002.png,1,Cardiomegaly
train,train/Emphysema/00012471_001.png,5,Emphysema
train,train/Cardiomegaly/00014365_001.png,1,Cardiomegaly
train,train/Pneumothorax/00000417_005.png,11,Pneumothorax
train,train/Pneumothorax/00008013_002.png,11,Pneumothorax
train,train/Cardiomegaly/00011764_004.png,1,Cardiomegaly
train,train/Mass/00003870_000.png,8,Mass
train,train/Mass/00017170_001.png,8,Mass
train,train/Mass/00009993_006.png,8,Mass
train,train/Emphysema/00020057_000.png,5,Emphysema
train,train/Fibrosis/00017066_000.png,6,Fibrosis
train,train/Edema/00018104_006.png,3,Edema
train,train/Fibrosis/00007857_017.png,6,Fibrosis
train,train/Emphysema/00020458_023.png,5,Emphysema
train,train/Mass/00010458_000.png,8,Mass
train,train/Mass/00028304_005.png,8,Mass
train,train/Emphysema/00025295_003.png,5,Emphysema
train,train/Nodule/00012040_000.png,9,Nodule
train,train/Edema/00014904_003.png,3,Edema
train,train/Consolidation/00015013_008.png,2,Consolidation
train,train/Edema/00018373_004.png,3,Edema
train,train/Cardiomegaly/00007393_000.png,1,Cardiomegaly
train,train/Edema/00001504_009.png,3,Edema
train,train/Atelectasis/00021806_003.png,0,Atelectasis
train,train/Effusion/00021565_014.png,4,Effusion
train,train/Consolidation/00014618_003.png,2,Consolidation
train,train/Effusion/00021086_000.png,4,Effusion
train,train/Atelectasis/00009465_003.png,0,Atelectasis
train,train/Atelectasis/00006162_000.png,0,Atelectasis
train,train/Fibrosis/00002207_000.png,6,Fibrosis
train,train/Fibrosis/00006577_000.png,6,Fibrosis
train,train/Infiltration/00028633_000.png,7,Infiltration
train,train/Cardiomegaly/00005255_000.png,1,Cardiomegaly
train,train/Edema/00012863_006.png,3,Edema
train,train/Fibrosis/00019683_000.png,6,Fibrosis
train,train/Consolidation/00020326_045.png,2,Consolidation
train,train/Mass/00018606_012.png,8,Mass
train,train/Fibrosis/00025512_001.png,6,Fibrosis
train,train/Cardiomegaly/00018275_000.png,1,Cardiomegaly
train,train/Pneumonia/00014414_007.png,10,Pneumonia
train,train/Mass/00015793_001.png,8,Mass
train,train/Consolidation/00001652_001.png,2,Consolidation
train,train/Consolidation/00016079_001.png,2,Consolidation
train,train/Cardiomegaly/00013830_000.png,1,Cardiomegaly
train,train/Atelectasis/00005348_006.png,0,Atelectasis
train,train/Effusion/00016778_006.png,4,Effusion
train,train/Edema/00018027_010.png,3,Edema
train,train/Consolidation/00007590_005.png,2,Consolidation
train,train/Effusion/00013774_030.png,4,Effusion
train,train/Atelectasis/00017136_010.png,0,Atelectasis
train,train/Fibrosis/00007117_000.png,6,Fibrosis
train,train/Infiltration/00003534_038.png,7,Infiltration
train,train/Atelectasis/00011522_003.png,0,Atelectasis
train,train/Edema/00011959_003.png,3,Edema
train,train/Edema/00010203_005.png,3,Edema
train,train/Effusion/00008185_006.png,4,Effusion
train,train/Effusion/00005155_001.png,4,Effusion
train,train/Nodule/00025342_005.png,9,Nodule
train,train/Pneumothorax/00026793_006.png,11,Pneumothorax
train,train/Mass/00022364_000.png,8,Mass
train,train/Mass/00019369_002.png,8,Mass
train,train/Mass/00018447_000.png,8,Mass
train,train/Cardiomegaly/00011498_000.png,1,Cardiomegaly
train,train/Atelectasis/00003978_000.png,0,Atelectasis
train,train/Edema/00016376_003.png,3,Edema
train,train/Pneumonia/00017659_000.png,10,Pneumonia
train,train/Infiltration/00015995_011.png,7,Infiltration
train,train/Fibrosis/00002566_001.png,6,Fibrosis
train,train/Consolidation/00019899_006.png,2,Consolidation
train,train/Mass/00011287_004.png,8,Mass
train,train/Emphysema/00000073_002.png,5,Emphysema
train,train/Pneumothorax/00002878_003.png,11,Pneumothorax
train,train/Emphysema/00004299_000.png,5,Emphysema
train,train/Nodule/00027891_000.png,9,Nodule
train,train/Edema/00005110_007.png,3,Edema
train,train/Nodule/00028589_004.png,9,Nodule
train,train/Emphysema/00000937_001.png,5,Emphysema
train,train/Pneumothorax/00008013_006.png,11,Pneumothorax
train,train/Cardiomegaly/00029369_000.png,1,Cardiomegaly
train,train/Pneumothorax/00029688_011.png,11,Pneumothorax
train,train/Emphysema/00012380_000.png,5,Emphysema
train,train/Atelectasis/00016189_001.png,0,Atelectasis
train,train/Emphysema/00001256_005.png,5,Emphysema
train,train/Infiltration/00029346_000.png,7,Infiltration
train,train/Pneumothorax/00001805_000.png,11,Pneumothorax
train,train/Fibrosis/00014911_005.png,6,Fibrosis
train,train/Consolidation/00007624_032.png,2,Consolidation
train,train/Fibrosis/00012603_017.png,6,Fibrosis
train,train/Cardiomegaly/00016650_000.png,1,Cardiomegaly
train,train/Nodule/00005365_025.png,9,Nodule
train,train/Infiltration/00016128_000.png,7,Infiltration
train,train/Mass/00014089_001.png,8,Mass
train,train/Nodule/00005456_006.png,9,Nodule
train,train/Pneumothorax/00002954_006.png,11,Pneumothorax
train,train/Pneumothorax/00003126_007.png,11,Pneumothorax
train,train/Consolidation/00016861_006.png,2,Consolidation
train,train/Consolidation/00029165_007.png,2,Consolidation
train,train/Emphysema/00025650_002.png,5,Emphysema
train,train/Fibrosis/00022537_001.png,6,Fibrosis
train,train/Cardiomegaly/00006317_003.png,1,Cardiomegaly
train,train/Nodule/00012816_003.png,9,Nodule
train,train/Fibrosis/00002796_001.png,6,Fibrosis
train,train/Mass/00009113_000.png,8,Mass
train,train/Mass/00021414_002.png,8,Mass
train,train/Fibrosis/00006571_001.png,6,Fibrosis
train,train/Pneumonia/00022156_007.png,10,Pneumonia
train,train/Fibrosis/00000676_004.png,6,Fibrosis
train,train/Cardiomegaly/00013415_000.png,1,Cardiomegaly
train,train/Pneumonia/00003523_011.png,10,Pneumonia
train,train/Infiltration/00006794_001.png,7,Infiltration
train,train/Pneumothorax/00003436_003.png,11,Pneumothorax
train,train/Cardiomegaly/00028871_002.png,1,Cardiomegaly
train,train/Emphysema/00008702_000.png,5,Emphysema
train,train/Pneumonia/00028301_000.png,10,Pneumonia
train,train/Fibrosis/00004833_001.png,6,Fibrosis
train,train/Cardiomegaly/00000240_000.png,1,Cardiomegaly
train,train/Effusion/00026627_003.png,4,Effusion
train,train/Pneumothorax/00029035_005.png,11,Pneumothorax
train,train/Edema/00002412_000.png,3,Edema
train,train/Emphysema/00019549_004.png,5,Emphysema
train,train/Nodule/00007605_000.png,9,Nodule
train,train/Atelectasis/00001460_002.png,0,Atelectasis
train,train/Cardiomegaly/00019801_000.png,1,Cardiomegaly
train,train/Emphysema/00022245_013.png,5,Emphysema
train,train/Cardiomegaly/00008649_000.png,1,Cardiomegaly
train,train/Fibrosis/00011875_000.png,6,Fibrosis
train,train/Atelectasis/00019216_001.png,0,Atelectasis
train,train/Edema/00026515_005.png,3,Edema
train,train/Edema/00016376_010.png,3,Edema
train,train/Consolidation/00018251_014.png,2,Consolidation
train,train/Pneumonia/00001182_004.png,10,Pneumonia
train,train/Cardiomegaly/00012681_003.png,1,Cardiomegaly
train,train/Nodule/00000840_001.png,9,Nodule
train,train/Cardiomegaly/00022931_000.png,1,Cardiomegaly
train,train/Effusion/00015212_000.png,4,Effusion
train,train/Consolidation/00009727_041.png,2,Consolidation
train,train/Infiltration/00008489_000.png,7,Infiltration
train,train/Infiltration/00016239_004.png,7,Infiltration
train,train/Consolidation/00017933_008.png,2,Consolidation
train,train/Mass/00011232_000.png,8,Mass
train,train/Effusion/00025813_001.png,4,Effusion
train,train/Infiltration/00016012_002.png,7,Infiltration
train,train/Fibrosis/00027706_015.png,6,Fibrosis
train,train/Atelectasis/00014585_001.png,0,Atelectasis
train,train/Effusion/00009535_002.png,4,Effusion
train,train/Atelectasis/00002633_031.png,0,Atelectasis
train,train/Edema/00005138_003.png,3,Edema
train,train/Fibrosis/00000316_000.png,6,Fibrosis
train,train/Atelectasis/00001923_000.png,0,Atelectasis
train,train/Infiltration/00011605_017.png,7,Infiltration
train,train/Nodule/00014948_001.png,9,Nodule
train,train/Pneumonia/00025421_001.png,10,Pneumonia
train,train/Emphysema/00025480_001.png,5,Emphysema
train,train/Edema/00027725_009.png,3,Edema
train,train/Nodule/00008202_000.png,9,Nodule
train,train/Pneumonia/00003053_007.png,10,Pneumonia
train,train/Mass/00016830_007.png,8,Mass
train,train/Infiltration/00030399_000.png,7,Infiltration
train,train/Atelectasis/00021996_012.png,0,Atelectasis
train,train/Nodule/00019774_006.png,9,Nodule
train,train/Atelectasis/00015160_013.png,0,Atelectasis
train,train/Cardiomegaly/00015361_000.png,1,Cardiomegaly
train,train/Emphysema/00008468_039.png,5,Emphysema
train,train/Emphysema/00008468_035.png,5,Emphysema
train,train/Consolidation/00012628_049.png,2,Consolidation
train,train/Effusion/00020501_003.png,4,Effusion
train,train/Effusion/00011564_001.png,4,Effusion
train,train/Pneumonia/00016362_000.png,10,Pneumonia
train,train/Pneumonia/00018464_027.png,10,Pneumonia
train,train/Consolidation/00003640_005.png,2,Consolidation
train,train/Mass/00016470_000.png,8,Mass
train,train/Infiltration/00013364_002.png,7,Infiltration
train,train/Atelectasis/00010556_000.png,0,Atelectasis
train,train/Pneumothorax/00012687_011.png,11,Pneumothorax
train,train/Consolidation/00008888_019.png,2,Consolidation
train,train/Fibrosis/00016691_001.png,6,Fibrosis
train,train/Emphysema/00025454_007.png,5,Emphysema
train,train/Consolidation/00010294_038.png,2,Consolidation
train,train/Cardiomegaly/00017417_000.png,1,Cardiomegaly
train,train/Pneumothorax/00016772_024.png,11,Pneumothorax
train,train/Consolidation/00018587_002.png,2,Consolidation
train,train/Edema/00026833_003.png,3,Edema
train,train/Fibrosis/00010756_004.png,6,Fibrosis
train,train/Infiltration/00012422_005.png,7,Infiltration
train,train/Cardiomegaly/00002083_000.png,1,Cardiomegaly
train,train/Infiltration/00022302_000.png,7,Infiltration
train,train/Infiltration/00000021_001.png,7,Infiltration
train,train/Mass/00008081_016.png,8,Mass
train,train/Mass/00010032_000.png,8,Mass
train,train/Fibrosis/00000569_004.png,6,Fibrosis
train,train/Pneumothorax/00017515_008.png,11,Pneumothorax
train,train/Edema/00010627_001.png,3,Edema
train,train/Consolidation/00022065_025.png,2,Consolidation
train,train/Atelectasis/00022310_002.png,0,Atelectasis
train,train/Pneumothorax/00003423_021.png,11,Pneumothorax
train,train/Effusion/00010684_004.png,4,Effusion
train,train/Atelectasis/00013844_001.png,0,Atelectasis
train,train/Fibrosis/00008252_002.png,6,Fibrosis
train,train/Effusion/00007576_021.png,4,Effusion
train,train/Mass/00008888_034.png,8,Mass
train,train/Edema/00018829_004.png,3,Edema
train,train/Consolidation/00016884_000.png,2,Consolidation
train,train/Pneumothorax/00001194_005.png,11,Pneumothorax
train,train/Pneumothorax/00028558_000.png,11,Pneumothorax
train,train/Mass/00003341_000.png,8,Mass
val,train/Cardiomegaly/00004010_000.png,1,Cardiomegaly
val,train/Consolidation/00005274_009.png,2,Consolidation
val,train/Infiltration/00007009_004.png,7,Infiltration
val,train/Atelectasis/00021469_001.png,0,Atelectasis
val,train/Nodule/00013081_000.png,9,Nodule
val,train/Effusion/00013894_014.png,4,Effusion
val,train/Nodule/00013042_002.png,9,Nodule
val,train/Mass/00030184_003.png,8,Mass
val,train/Edema/00011859_016.png,3,Edema
val,train/Effusion/00019707_010.png,4,Effusion
val,train/Consolidation/00016934_014.png,2,Consolidation
val,train/Cardiomegaly/00025290_019.png,1,Cardiomegaly
val,train/Emphysema/00017266_002.png,5,Emphysema
val,train/Mass/00015549_001.png,8,Mass
val,train/Cardiomegaly/00018292_000.png,1,Cardiomegaly
val,train/Emphysema/00013205_002.png,5,Emphysema
val,train/Mass/00015592_000.png,8,Mass
val,train/Emphysema/00029981_002.png,5,Emphysema
val,train/Cardiomegaly/00000045_000.png,1,Cardiomegaly
val,train/Consolidation/00005064_009.png,2,Consolidation
val,train/Effusion/00002860_017.png,4,Effusion
val,train/Fibrosis/00007571_000.png,6,Fibrosis
val,train/Atelectasis/00002376_003.png,0,Atelectasis
val,train/Consolidation/00014136_000.png,2,Consolidation
val,train/Nodule/00008342_026.png,9,Nodule
val,train/Effusion/00008701_018.png,4,Effusion
val,train/Emphysema/00015606_051.png,5,Emphysema
val,train/Effusion/00027410_004.png,4,Effusion
val,train/Nodule/00011017_000.png,9,Nodule
val,train/Nodule/00020617_000.png,9,Nodule
val,train/Atelectasis/00009818_002.png,0,Atelectasis
val,train/Atelectasis/00028936_001.png,0,Atelectasis
val,train/Atelectasis/00001718_010.png,0,Atelectasis
val,train/Pneumonia/00026806_000.png,10,Pneumonia
val,train/Mass/00009023_000.png,8,Mass
val,train/Effusion/00029134_003.png,4,Effusion
val,train/Consolidation/00006763_007.png,2,Consolidation
val,train/Pneumonia/00015628_018.png,10,Pneumonia
val,train/Emphysema/00014725_006.png,5,Emphysema
val,train/Mass/00013063_001.png,8,Mass
val,train/Edema/00013342_007.png,3,Edema
val,train/Mass/00004738_002.png,8,Mass
val,train/Cardiomegaly/00011052_000.png,1,Cardiomegaly
val,train/Effusion/00019299_001.png,4,Effusion
val,train/Nodule/00007645_002.png,9,Nodule
val,train/Nodule/00017726_001.png,9,Nodule
val,train/Effusion/00008387_016.png,4,Effusion
val,train/Edema/00015376_029.png,3,Edema
val,train/Nodule/00029511_000.png,9,Nodule
val,train/Consolidation/00005626_008.png,2,Consolidation
val,train/Cardiomegaly/00010454_000.png,1,Cardiomegaly
val,train/Pneumothorax/00012315_022.png,11,Pneumothorax
val,train/Infiltration/00013774_033.png,7,Infiltration
val,train/Emphysema/00029646_000.png,5,Emphysema
val,train/Pneumothorax/00018610_012.png,11,Pneumothorax
val,train/Mass/00014265_015.png,8,Mass
val,train/Mass/00012960_000.png,8,Mass
val,train/Mass/00011130_002.png,8,Mass
val,train/Pneumonia/00016036_001.png,10,Pneumonia
val,train/Fibrosis/00011376_000.png,6,Fibrosis
val,train/Cardiomegaly/00007510_000.png,1,Cardiomegaly
val,train/Nodule/00013688_000.png,9,Nodule
val,train/Effusion/00012935_010.png,4,Effusion
val,train/Pneumonia/00016213_007.png,10,Pneumonia
val,train/Infiltration/00030066_000.png,7,Infiltration
val,train/Infiltration/00029422_000.png,7,Infiltration
val,train/Pneumonia/00021369_002.png,10,Pneumonia
val,train/Emphysema/00007667_000.png,5,Emphysema
val,train/Effusion/00018080_007.png,4,Effusion
val,train/Nodule/00005083_000.png,9,Nodule
val,train/Emphysema/00006325_004.png,5,Emphysema
val,train/Cardiomegaly/00023299_001.png,1,Cardiomegaly
val,train/Effusion/00016953_000.png,4,Effusion
val,train/Consolidation/00021982_004.png,2,Consolidation
val,train/Mass/00018373_000.png,8,Mass
val,train/Nodule/00006605_030.png,9,Nodule
val,train/Pneumothorax/00021759_016.png,11,Pneumothorax
val,train/Edema/00014435_000.png,3,Edema
val,train/Consolidation/00008369_000.png,2,Consolidation
val,train/Cardiomegaly/00000823_005.png,1,Cardiomegaly
val,train/Atelectasis/00027959_000.png,0,Atelectasis
val,train/Fibrosis/00005420_003.png,6,Fibrosis
val,train/Consolidation/00003546_009.png,2,Consolidation
val,train/Consolidation/00002000_000.png,2,Consolidation
val,train/Nodule/00010723_003.png,9,Nodule
val,train/Infiltration/00015995_006.png,7,Infiltration
val,train/Edema/00015190_007.png,3,Edema
val,train/Pneumothorax/00021610_008.png,11,Pneumothorax
val,train/Consolidation/00019726_006.png,2,Consolidation
val,train/Pneumothorax/00001286_005.png,11,Pneumothorax
val,train/Infiltration/00019643_033.png,7,Infiltration
val,train/Mass/00027905_003.png,8,Mass
val,train/Nodule/00004132_006.png,9,Nodule
val,train/Nodule/00020163_000.png,9,Nodule
val,train/Pneumonia/00014616_011.png,10,Pneumonia
val,train/Consolidation/00005626_005.png,2,Consolidation
val,train/Cardiomegaly/00010531_037.png,1,Cardiomegaly
val,train/Pneumothorax/00026738_005.png,11,Pneumothorax
val,train/Pneumonia/00022952_003.png,10,Pneumonia
val,train/Atelectasis/00020410_007.png,0,Atelectasis
val,train/Fibrosis/00005566_009.png,6,Fibrosis
val,train/Cardiomegaly/00027706_012.png,1,Cardiomegaly
val,train/Emphysema/00008409_000.png,5,Emphysema
val,train/Infiltration/00002371_027.png,7,Infiltration
val,train/Atelectasis/00008182_001.png,0,Atelectasis
val,train/Cardiomegaly/00004857_000.png,1,Cardiomegaly
val,train/Effusion/00004056_000.png,4,Effusion
val,train/Cardiomegaly/00002806_000.png,1,Cardiomegaly
val,train/Edema/00015376_030.png,3,Edema
val,train/Fibrosis/00017443_000.png,6,Fibrosis
val,train/Edema/00021835_018.png,3,Edema
val,train/Consolidation/00010456_007.png,2,Consolidation
val,train/Emphysema/00003985_000.png,5,Emphysema
val,train/Effusion/00006818_005.png,4,Effusion
val,train/Mass/00010294_042.png,8,Mass
val,train/Atelectasis/00016579_001.png,0,Atelectasis
val,train/Pneumonia/00010531_012.png,10,Pneumonia
val,train/Fibrosis/00013015_000.png,6,Fibrosis
val,train/Atelectasis/00010741_016.png,0,Atelectasis
val,train/Emphysema/00020548_002.png,5,Emphysema
val,train/Nodule/00011782_003.png,9,Nodule
val,train/Cardiomegaly/00030572_000.png,1,Cardiomegaly
val,train/Mass/00030072_000.png,8,Mass
val,train/Edema/00017365_003.png,3,Edema
val,train/Edema/00025781_003.png,3,Edema
val,train/Emphysema/00007012_001.png,5,Emphysema
val,train/Effusion/00015044_000.png,4,Effusion
val,train/Cardiomegaly/00030471_002.png,1,Cardiomegaly
val,train/Cardiomegaly/00001086_000.png,1,Cardiomegaly
val,train/Emphysema/00029863_013.png,5,Emphysema
val,train/Cardiomegaly/00018465_000.png,1,Cardiomegaly
val,train/Emphysema/00000340_003.png,5,Emphysema
val,train/Pneumonia/00025776_000.png,10,Pneumonia
val,train/Edema/00015942_002.png,3,Edema
val,train/Fibrosis/00005577_003.png,6,Fibrosis
val,train/Cardiomegaly/00009257_000.png,1,Cardiomegaly
val,train/Infiltration/00026508_000.png,7,Infiltration
val,train/Emphysema/00009165_000.png,5,Emphysema
val,train/Infiltration/00027725_053.png,7,Infiltration
val,train/Pneumonia/00016011_011.png,10,Pneumonia
val,train/Atelectasis/00003952_000.png,0,Atelectasis
val,train/Pneumothorax/00000416_004.png,11,Pneumothorax
val,train/Nodule/00013935_004.png,9,Nodule
val,train/Infiltration/00015768_007.png,7,Infiltration
val,train/Cardiomegaly/00010897_012.png,1,Cardiomegaly
val,train/Edema/00010315_005.png,3,Edema
val,train/Mass/00008943_008.png,8,Mass
val,train/Consolidation/00017705_001.png,2,Consolidation
val,train/Fibrosis/00001229_000.png,6,Fibrosis
val,train/Mass/00009247_001.png,8,Mass
val,train/Consolidation/00018464_021.png,2,Consolidation
val,train/Nodule/00014924_002.png,9,Nodule
val,train/Cardiomegaly/00026522_000.png,1,Cardiomegaly
val,train/Mass/00021616_002.png,8,Mass
val,train/Mass/00019251_000.png,8,Mass
val,train/Edema/00006446_002.png,3,Edema
val,train/Atelectasis/00012240_001.png,0,Atelectasis
val,train/Infiltration/00001578_000.png,7,Infiltration
val,train/Edema/00015995_007.png,3,Edema
val,train/Mass/00021616_012.png,8,Mass
val,train/Consolidation/00002413_005.png,2,Consolidation
val,train/Pneumothorax/00017324_029.png,11,Pneumothorax
val,train/Emphysema/00011481_001.png,5,Emphysema
val,train/Nodule/00028624_002.png,9,Nodule
val,train/Mass/00010744_005.png,8,Mass
val,train/Pneumonia/00013678_006.png,10,Pneumonia
val,train/Pneumothorax/00000416_007.png,11,Pneumothorax
val,train/Pneumonia/00000310_001.png,10,Pneumonia
val,train/Pneumothorax/00020450_003.png,11,Pneumothorax
val,train/Edema/00003534_037.png,3,Edema
val,train/Consolidation/00017886_000.png,2,Consolidation
val,train/Cardiomegaly/00006875_029.png,1,Cardiomegaly
val,train/Consolidation/00014320_037.png,2,Consolidation
val,train/Edema/00025189_004.png,3,Edema
val,train/Emphysema/00012780_000.png,5,Emphysema
val,train/Emphysema/00003122_006.png,5,Emphysema
val,train/Consolidation/00017605_015.png,2,Consolidation
val,train/Mass/00011199_000.png,8,Mass
val,train/Pneumothorax/00003574_012.png,11,Pneumothorax
val,train/Pneumothorax/00001896_000.png,11,Pneumothorax
val,train/Fibrosis/00024083_000.png,6,Fibrosis
val,train/Infiltration/00009689_008.png,7,Infiltration
val,train/Effusion/00008230_023.png,4,Effusion
val,train/Pneumonia/00015273_000.png,10,Pneumonia
val,train/Nodule/00003523_001.png,9,Nodule
val,train/Emphysema/00008468_019.png,5,Emphysema
val,train/Infiltration/00017647_000.png,7,Infiltration
val,train/Atelectasis/00029781_000.png,0,Atelectasis
val,train/Atelectasis/00013894_031.png,0,Atelectasis
val,train/Emphysema/00017266_008.png,5,Emphysema
val,train/Nodule/00025394_001.png,9,Nodule
val,train/Nodule/00023211_014.png,9,Nodule
val,train/Fibrosis/00000067_000.png,6,Fibrosis
val,train/Atelectasis/00000219_001.png,0,Atelectasis
val,train/Effusion/00018437_003.png,4,Effusion
val,train/Fibrosis/00025733_000.png,6,Fibrosis
val,train/Consolidation/00001501_006.png,2,Consolidation
val,train/Mass/00026068_000.png,8,Mass
val,train/Fibrosis/00025940_000.png,6,Fibrosis
val,train/Mass/00019308_004.png,8,Mass
val,train/Edema/00016232_005.png,3,Edema
val,train/Nodule/00020156_002.png,9,Nodule
val,train/Emphysema/00001833_006.png,5,Emphysema
val,train/Edema/00010627_000.png,3,Edema
val,train/Fibrosis/00002517_000.png,6,Fibrosis
val,train/Consolidation/00029839_006.png,2,Consolidation
val,train/Fibrosis/00004875_000.png,6,Fibrosis
val,train/Consolidation/00008745_026.png,2,Consolidation
val,train/Fibrosis/00015087_004.png,6,Fibrosis
val,train/Mass/00011504_004.png,8,Mass
val,train/Pneumothorax/00012492_011.png,11,Pneumothorax
val,train/Effusion/00013506_000.png,4,Effusion
val,train/Consolidation/00016696_002.png,2,Consolidation
val,train/Fibrosis/00006535_003.png,6,Fibrosis
val,train/Effusion/00013003_036.png,4,Effusion
val,train/Atelectasis/00015443_010.png,0,Atelectasis
val,train/Atelectasis/00028611_010.png,0,Atelectasis
val,train/Effusion/00007534_015.png,4,Effusion
val,train/Pneumonia/00025383_001.png,10,Pneumonia
val,train/Cardiomegaly/00011553_015.png,1,Cardiomegaly
val,train/Effusion/00009359_000.png,4,Effusion
val,train/Pneumothorax/00007590_006.png,11,Pneumothorax
val,train/Consolidation/00023296_004.png,2,Consolidation
val,train/Emphysema/00014224_001.png,5,Emphysema
val,train/Nodule/00004170_000.png,9,Nodule
val,train/Infiltration/00026019_000.png,7,Infiltration
val,train/Infiltration/00000422_006.png,7,Infiltration
val,train/Fibrosis/00004409_001.png,6,Fibrosis
val,train/Effusion/00029985_000.png,4,Effusion
val,train/Emphysema/00007618_000.png,5,Emphysema
val,train/Mass/00007691_006.png,8,Mass
val,train/Consolidation/00016059_000.png,2,Consolidation
val,train/Emphysema/00007683_006.png,5,Emphysema
val,train/Infiltration/00008869_000.png,7,Infiltration
val,train/Edema/00023048_000.png,3,Edema
val,train/Pneumothorax/00006960_015.png,11,Pneumothorax
val,train/Pneumonia/00002288_004.png,10,Pneumonia
val,train/Edema/00011632_025.png,3,Edema
val,train/Mass/00017050_000.png,8,Mass
val,train/Infiltration/00028358_001.png,7,Infiltration
val,train/Infiltration/00000766_028.png,7,Infiltration
val,train/Consolidation/00012890_001.png,2,Consolidation
val,train/Edema/00010350_023.png,3,Edema
val,train/Infiltration/00010384_003.png,7,Infiltration
val,train/Consolidation/00021114_004.png,2,Consolidation
val,train/Infiltration/00017481_010.png,7,Infiltration
val,train/Pneumonia/00001837_002.png,10,Pneumonia
val,train/Atelectasis/00003548_004.png,0,Atelectasis
val,train/Cardiomegaly/00024604_000.png,1,Cardiomegaly
val,train/Nodule/00009339_000.png,9,Nodule
val,train/Atelectasis/00025746_014.png,0,Atelectasis
val,train/Mass/00010584_001.png,8,Mass
val,train/Nodule/00012323_000.png,9,Nodule
val,train/Emphysema/00017738_000.png,5,Emphysema
val,train/Pneumothorax/00007700_003.png,11,Pneumothorax
val,train/Edema/00017365_005.png,3,Edema
val,train/Edema/00018373_003.png,3,Edema
val,train/Infiltration/00026082_002.png,7,Infiltration
val,train/Edema/00013890_009.png,3,Edema
val,train/Pneumothorax/00003527_005.png,11,Pneumothorax
val,train/Edema/00017625_001.png,3,Edema
val,train/Effusion/00007564_003.png,4,Effusion
val,train/Pneumonia/00006296_032.png,10,Pneumonia
val,train/Fibrosis/00022207_004.png,6,Fibrosis
val,train/Pneumonia/00021706_005.png,10,Pneumonia
val,train/Atelectasis/00008387_011.png,0,Atelectasis
val,train/Edema/00029108_001.png,3,Edema
val,train/Nodule/00025812_004.png,9,Nodule
val,train/Consolidation/00000238_002.png,2,Consolidation
val,train/Cardiomegaly/00009636_001.png,1,Cardiomegaly
val,train/Effusion/00016467_000.png,4,Effusion
val,train/Consolidation/00028939_008.png,2,Consolidation
val,train/Emphysema/00008045_000.png,5,Emphysema
val,train/Cardiomegaly/00016202_000.png,1,Cardiomegaly
val,train/Nodule/00010458_001.png,9,Nodule
val,train/Emphysema/00010814_001.png,5,Emphysema
val,train/Pneumothorax/00030561_005.png,11,Pneumothorax
val,train/Mass/00006827_003.png,8,Mass
val,train/Cardiomegaly/00006799_002.png,1,Cardiomegaly
val,train/Edema/00010471_004.png,3,Edema
val,train/Mass/00006273_008.png,8,Mass
val,train/Consolidation/00005626_007.png,2,Consolidation
val,train/Edema/00001301_020.png,3,Edema
val,train/Pneumonia/00000963_007.png,10,Pneumonia
val,train/Emphysema/00021750_003.png,5,Emphysema
val,train/Infiltration/00026954_000.png,7,Infiltration
val,train/Cardiomegaly/00029246_000.png,1,Cardiomegaly
val,train/Emphysema/00008473_002.png,5,Emphysema
val,train/Emphysema/00007916_007.png,5,Emphysema
val,train/Pneumonia/00022201_000.png,10,Pneumonia
val,train/Pneumonia/00010544_007.png,10,Pneumonia
val,train/Pneumonia/00017254_000.png,10,Pneumonia
val,train/Pneumothorax/00002668_005.png,11,Pneumothorax
val,train/Mass/00013523_003.png,8,Mass
val,train/Emphysema/00030561_003.png,5,Emphysema
val,train/Emphysema/00019242_014.png,5,Emphysema
val,train/Cardiomegaly/00023452_000.png,1,Cardiomegaly
val,train/Edema/00018972_049.png,3,Edema
val,train/Mass/00005348_011.png,8,Mass
val,train/Atelectasis/00018580_000.png,0,Atelectasis
val,train/Fibrosis/00027116_000.png,6,Fibrosis
val,train/Consolidation/00010832_009.png,2,Consolidation
val,train/Pneumothorax/00028256_004.png,11,Pneumothorax
val,train/Pneumothorax/00012752_005.png,11,Pneumothorax
val,train/Effusion/00006381_013.png,4,Effusion
val,train/Edema/00027322_007.png,3,Edema
val,train/Edema/00009932_001.png,3,Edema
val,train/Pneumonia/00011882_000.png,10,Pneumonia
val,train/Effusion/00027623_009.png,4,Effusion
val,train/Atelectasis/00008800_002.png,0,Atelectasis
val,train/Emphysema/00020570_000.png,5,Emphysema
val,train/Atelectasis/00010780_004.png,0,Atelectasis
val,train/Mass/00004439_000.png,8,Mass
val,train/Cardiomegaly/00011949_000.png,1,Cardiomegaly
val,train/Cardiomegaly/00018837_002.png,1,Cardiomegaly
val,train/Consolidation/00013938_000.png,2,Consolidation
val,train/Atelectasis/00005064_008.png,0,Atelectasis
val,train/Nodule/00000949_004.png,9,Nodule
val,train/Infiltration/00014286_000.png,7,Infiltration
val,train/Consolidation/00006833_003.png,2,Consolidation
val,train/Fibrosis/00007603_000.png,6,Fibrosis
val,train/Effusion/00011654_004.png,4,Effusion
val,train/Edema/00000459_044.png,3,Edema
val,train/Pneumonia/00014234_000.png,10,Pneumonia
val,train/Pneumonia/00013447_012.png,10,Pneumonia
val,train/Pneumothorax/00005365_013.png,11,Pneumothorax
val,train/Nodule/00016986_013.png,9,Nodule
val,train/Infiltration/00021706_001.png,7,Infiltration
val,train/Nodule/00028026_000.png,9,Nodule
val,train/Pneumothorax/00029235_005.png,11,Pneumothorax
val,train/Pneumonia/00011472_001.png,10,Pneumonia
val,train/Pneumonia/00014958_001.png,10,Pneumonia
val,train/Pneumothorax/00008376_001.png,11,Pneumothorax
val,train/Pneumonia/00022965_004.png,10,Pneumonia
val,train/Fibrosis/00004735_008.png,6,Fibrosis
val,train/Cardiomegaly/00003395_005.png,1,Cardiomegaly
val,train/Emphysema/00030335_000.png,5,Emphysema
val,train/Infiltration/00012047_000.png,7,Infiltration
val,train/Cardiomegaly/00023487_003.png,1,Cardiomegaly
val,train/Fibrosis/00001989_004.png,6,Fibrosis
val,train/Fibrosis/00010995_001.png,6,Fibrosis
val,train/Effusion/00011723_010.png,4,Effusion
val,train/Fibrosis/00012729_000.png,6,Fibrosis
val,train/Mass/00009709_001.png,8,Mass
val,train/Atelectasis/00011651_000.png,0,Atelectasis
val,train/Infiltration/00025476_002.png,7,Infiltration
val,train/Pneumothorax/00026281_000.png,11,Pneumothorax
val,train/Infiltration/00012656_002.png,7,Infiltration
val,train/Effusion/00009324_000.png,4,Effusion
val,train/Atelectasis/00002243_007.png,0,Atelectasis
val,train/Consolidation/00008518_009.png,2,Consolidation
val,train/Edema/00013601_014.png,3,Edema
val,train/Pneumonia/00001018_005.png,10,Pneumonia
val,train/Cardiomegaly/00012659_043.png,1,Cardiomegaly
val,train/Pneumothorax/00027304_000.png,11,Pneumothorax
val,train/Atelectasis/00003446_000.png,0,Atelectasis
val,train/Consolidation/00006008_001.png,2,Consolidation
val,train/Nodule/00001995_005.png,9,Nodule
val,train/Pneumonia/00019707_017.png,10,Pneumonia
val,train/Pneumonia/00006759_001.png,10,Pneumonia
val,train/Mass/00028963_004.png,8,Mass
val,train/Infiltration/00010222_003.png,7,Infiltration
val,train/Consolidation/00013849_013.png,2,Consolidation
val,train/Pneumonia/00008470_008.png,10,Pneumonia
val,train/Pneumothorax/00028253_010.png,11,Pneumothorax
val,train/Fibrosis/00000825_002.png,6,Fibrosis
val,train/Pneumothorax/00028544_017.png,11,Pneumothorax
val,train/Emphysema/00001470_000.png,5,Emphysema
val,train/Pneumonia/00026729_000.png,10,Pneumonia
val,train/Effusion/00028485_001.png,4,Effusion
val,train/Infiltration/00016496_001.png,7,Infiltration
val,train/Atelectasis/00003851_003.png,0,Atelectasis
val,train/Fibrosis/00001326_003.png,6,Fibrosis
val,train/Pneumonia/00018843_000.png,10,Pneumonia
val,train/Mass/00013917_033.png,8,Mass
val,train/Mass/00014010_002.png,8,Mass
val,train/Effusion/00004360_002.png,4,Effusion
val,train/Edema/00011959_006.png,3,Edema
val,train/Edema/00015572_011.png,3,Edema
val,train/Infiltration/00020202_002.png,7,Infiltration
val,train/Fibrosis/00025110_005.png,6,Fibrosis
val,train/Effusion/00012488_005.png,4,Effusion
val,train/Pneumonia/00000893_000.png,10,Pneumonia
val,train/Atelectasis/00001872_001.png,0,Atelectasis
val,train/Pneumonia/00005069_001.png,10,Pneumonia
val,train/Pneumonia/00010693_012.png,10,Pneumonia
val,train/Nodule/00008036_004.png,9,Nodule
val,train/Pneumothorax/00027725_063.png,11,Pneumothorax
val,train/Nodule/00007321_006.png,9,Nodule
val,train/Mass/00006518_000.png,8,Mass
val,train/Atelectasis/00016672_009.png,0,Atelectasis
val,train/Infiltration/00011598_033.png,7,Infiltration
val,train/Pneumonia/00022156_008.png,10,Pneumonia
val,train/Infiltration/00016240_010.png,7,Infiltration
val,train/Emphysema/00013920_000.png,5,Emphysema
val,train/Pneumothorax/00022957_005.png,11,Pneumothorax
val,train/Pneumothorax/00001951_013.png,11,Pneumothorax
val,train/Mass/00001719_001.png,8,Mass
val,train/Effusion/00010505_011.png,4,Effusion
val,train/Infiltration/00026099_004.png,7,Infiltration
val,train/Atelectasis/00007451_008.png,0,Atelectasis
val,train/Nodule/00018857_000.png,9,Nodule
val,train/Emphysema/00014543_003.png,5,Emphysema
val,train/Pneumonia/00003510_009.png,10,Pneumonia
val,train/Pneumothorax/00008663_000.png,11,Pneumothorax
val,train/Consolidation/00010994_015.png,2,Consolidation
val,train/Pneumonia/00010773_017.png,10,Pneumonia
val,train/Nodule/00021403_001.png,9,Nodule
val,train/Edema/00015075_004.png,3,Edema
val,train/Mass/00005395_000.png,8,Mass
val,train/Consolidation/00001957_000.png,2,Consolidation
val,train/Effusion/00009378_005.png,4,Effusion
val,train/Nodule/00010597_000.png,9,Nodule
val,train/Pneumothorax/00001364_005.png,11,Pneumothorax
val,train/Fibrosis/00004833_010.png,6,Fibrosis
val,train/Edema/00014274_006.png,3,Edema
val,train/Pneumothorax/00011906_010.png,11,Pneumothorax
val,train/Atelectasis/00021982_003.png,0,Atelectasis
val,train/Emphysema/00020450_019.png,5,Emphysema
val,train/Infiltration/00012206_000.png,7,Infiltration
val,train/Nodule/00006281_000.png,9,Nodule
val,train/Effusion/00013505_001.png,4,Effusion
val,train/Pneumonia/00026374_004.png,10,Pneumonia
val,train/Mass/00002207_002.png,8,Mass
val,train/Effusion/00012245_001.png,4,Effusion
val,train/Pneumonia/00015338_015.png,10,Pneumonia
val,train/Infiltration/00001791_000.png,7,Infiltration
val,train/Effusion/00001473_004.png,4,Effusion
val,train/Effusion/00011144_025.png,4,Effusion
val,train/Infiltration/00029408_001.png,7,Infiltration
val,train/Mass/00015187_000.png,8,Mass
val,train/Infiltration/00016930_005.png,7,Infiltration
val,train/Infiltration/00022688_002.png,7,Infiltration
val,train/Infiltration/00021804_001.png,7,Infiltration
val,train/Atelectasis/00008004_010.png,0,Atelectasis
val,train/Pneumothorax/00026815_002.png,11,Pneumothorax
val,train/Fibrosis/00017341_000.png,6,Fibrosis
val,train/Mass/00006678_000.png,8,Mass
val,train/Effusion/00010410_007.png,4,Effusion
val,train/Cardiomegaly/00026236_013.png,1,Cardiomegaly
val,train/Infiltration/00016816_005.png,7,Infiltration
val,train/Atelectasis/00012204_000.png,0,Atelectasis
val,train/Atelectasis/00029969_001.png,0,Atelectasis
val,train/Pneumothorax/00001996_011.png,11,Pneumothorax
val,train/Mass/00022267_001.png,8,Mass
val,train/Consolidation/00029801_000.png,2,Consolidation
val,train/Fibrosis/00028294_000.png,6,Fibrosis
val,train/Cardiomegaly/00013601_010.png,1,Cardiomegaly
val,train/Cardiomegaly/00000044_002.png,1,Cardiomegaly
val,train/Emphysema/00019141_001.png,5,Emphysema
val,train/Nodule/00015136_010.png,9,Nodule
val,train/Consolidation/00026088_000.png,2,Consolidation
val,train/Fibrosis/00000586_000.png,6,Fibrosis
val,train/Pneumothorax/00001772_009.png,11,Pneumothorax
val,train/Pneumothorax/00020589_005.png,11,Pneumothorax
val,train/Pneumothorax/00003658_006.png,11,Pneumothorax
val,train/Emphysema/00018524_001.png,5,Emphysema
val,train/Consolidation/00019395_013.png,2,Consolidation
val,train/Infiltration/00026981_000.png,7,Infiltration
val,train/Emphysema/00023136_002.png,5,Emphysema
val,train/Fibrosis/00008009_012.png,6,Fibrosis
val,train/Infiltration/00016421_001.png,7,Infiltration
val,train/Consolidation/00005457_001.png,2,Consolidation
val,train/Pneumothorax/00011379_023.png,11,Pneumothorax
val,train/Edema/00011632_018.png,3,Edema
val,train/Consolidation/00006209_000.png,2,Consolidation
val,train/Effusion/00020697_003.png,4,Effusion
val,train/Effusion/00007121_004.png,4,Effusion
val,train/Edema/00005184_000.png,3,Edema
val,train/Fibrosis/00023799_000.png,6,Fibrosis
val,train/Edema/00018027_008.png,3,Edema
val,train/Pneumothorax/00009890_002.png,11,Pneumothorax
val,train/Fibrosis/00014644_000.png,6,Fibrosis
val,train/Nodule/00006411_002.png,9,Nodule
val,train/Pneumonia/00025624_000.png,10,Pneumonia
val,train/Atelectasis/00001301_024.png,0,Atelectasis
val,train/Cardiomegaly/00030374_000.png,1,Cardiomegaly
val,train/Nodule/00016778_042.png,9,Nodule
val,train/Effusion/00006383_000.png,4,Effusion
val,train/Atelectasis/00015275_004.png,0,Atelectasis
val,train/Edema/00004435_005.png,3,Edema
val,train/Pneumothorax/00011752_003.png,11,Pneumothorax
val,train/Atelectasis/00007624_033.png,0,Atelectasis
val,train/Cardiomegaly/00001385_004.png,1,Cardiomegaly
val,train/Cardiomegaly/00000096_000.png,1,Cardiomegaly
val,train/Edema/00004508_012.png,3,Edema
val,train/Edema/00015833_002.png,3,Edema
val,train/Edema/00011122_004.png,3,Edema
val,train/Mass/00017383_000.png,8,Mass
val,train/Emphysema/00012018_000.png,5,Emphysema
val,train/Fibrosis/00000820_013.png,6,Fibrosis
val,train/Infiltration/00029883_003.png,7,Infiltration
val,train/Pneumothorax/00022166_002.png,11,Pneumothorax
val,train/Nodule/00001089_000.png,9,Nodule
val,train/Fibrosis/00028414_001.png,6,Fibrosis
val,train/Atelectasis/00017835_012.png,0,Atelectasis
val,train/Nodule/00022740_003.png,9,Nodule
val,train/Fibrosis/00001751_000.png,6,Fibrosis
val,train/Pneumothorax/00027139_000.png,11,Pneumothorax
val,train/Nodule/00020085_007.png,9,Nodule
val,train/Atelectasis/00003009_003.png,0,Atelectasis
val,train/Effusion/00020204_006.png,4,Effusion
val,train/Fibrosis/00012451_001.png,6,Fibrosis
val,train/Atelectasis/00018067_004.png,0,Atelectasis
val,train/Fibrosis/00000676_000.png,6,Fibrosis
val,train/Effusion/00001697_007.png,4,Effusion
val,train/Fibrosis/00024226_002.png,6,Fibrosis
val,train/Cardiomegaly/00018013_000.png,1,Cardiomegaly
val,train/Effusion/00007339_002.png,4,Effusion
val,train/Pneumothorax/00005852_001.png,11,Pneumothorax
val,train/Effusion/00027358_006.png,4,Effusion
val,train/Nodule/00022260_010.png,9,Nodule
val,train/Pneumothorax/00014306_003.png,11,Pneumothorax
val,train/Fibrosis/00014751_001.png,6,Fibrosis
val,train/Nodule/00015243_000.png,9,Nodule
val,train/Pneumonia/00026085_000.png,10,Pneumonia
val,train/Emphysema/00008468_006.png,5,Emphysema
val,train/Atelectasis/00002813_002.png,0,Atelectasis
val,train/Edema/00017589_001.png,3,Edema
val,train/Infiltration/00012654_000.png,7,Infiltration
val,train/Effusion/00012132_002.png,4,Effusion
val,train/Mass/00017994_002.png,8,Mass
val,train/Pneumonia/00001855_008.png,10,Pneumonia
val,train/Cardiomegaly/00013257_000.png,1,Cardiomegaly
val,train/Emphysema/00030459_001.png,5,Emphysema
val,train/Mass/00008464_000.png,8,Mass
val,train/Fibrosis/00000426_001.png,6,Fibrosis
val,train/Infiltration/00006070_010.png,7,Infiltration
val,train/Atelectasis/00010626_000.png,0,Atelectasis
val,train/Cardiomegaly/00008898_000.png,1,Cardiomegaly
val,train/Mass/00018126_013.png,8,Mass
val,train/Consolidation/00006248_001.png,2,Consolidation
val,train/Fibrosis/00000901_004.png,6,Fibrosis
val,train/Infiltration/00024899_000.png,7,Infiltration
val,train/Emphysema/00015606_046.png,5,Emphysema
val,train/Fibrosis/00004946_000.png,6,Fibrosis
val,train/Edema/00017424_028.png,3,Edema
val,train/Atelectasis/00000175_002.png,0,Atelectasis
val,train/Cardiomegaly/00017980_000.png,1,Cardiomegaly
val,train/Edema/00029839_004.png,3,Edema
val,train/Mass/00012315_013.png,8,Mass
val,train/Cardiomegaly/00007094_000.png,1,Cardiomegaly
val,train/Nodule/00017297_000.png,9,Nodule
val,train/Effusion/00002639_005.png,4,Effusion
val,train/Edema/00018254_016.png,3,Edema
val,train/Pneumothorax/00016805_006.png,11,Pneumothorax
val,train/Consolidation/00009365_014.png,2,Consolidation
val,train/Cardiomegaly/00019010_001.png,1,Cardiomegaly
val,train/Atelectasis/00010319_004.png,0,Atelectasis
val,train/Fibrosis/00011122_020.png,6,Fibrosis
val,train/Consolidation/00007352_009.png,2,Consolidation
val,train/Fibrosis/00010531_086.png,6,Fibrosis
val,train/Consolidation/00002457_001.png,2,Consolidation
val,train/Atelectasis/00007695_002.png,0,Atelectasis
val,train/Pneumonia/00015809_015.png,10,Pneumonia
val,train/Cardiomegaly/00011190_000.png,1,Cardiomegaly
val,train/Atelectasis/00026591_000.png,0,Atelectasis
val,train/Infiltration/00006103_000.png,7,Infiltration
val,train/Fibrosis/00018335_004.png,6,Fibrosis
val,train/Cardiomegaly/00025382_000.png,1,Cardiomegaly
val,train/Emphysema/00015266_011.png,5,Emphysema
val,train/Pneumonia/00001992_002.png,10,Pneumonia
val,train/Nodule/00004957_003.png,9,Nodule
val,train/Emphysema/00007790_000.png,5,Emphysema
test,test/Effusion/00023283_019.png,4,Effusion
test,test/Edema/00013968_003.png,3,Edema
test,test/Effusion/00009218_006.png,4,Effusion
test,test/Emphysema/00015530_064.png,5,Emphysema
test,test/Pneumothorax/00028208_001.png,11,Pneumothorax
test,test/Edema/00022815_029.png,3,Edema
test,test/Mass/00011925_070.png,8,Mass
test,test/Pneumothorax/00020751_006.png,11,Pneumothorax
test,test/Cardiomegaly/00002435_001.png,1,Cardiomegaly
test,test/Nodule/00028317_001.png,9,Nodule
test,test/Effusion/00021782_031.png,4,Effusion
test,test/Fibrosis/00019489_000.png,6,Fibrosis
test,test/Effusion/00014387_011.png,4,Effusion
test,test/Mass/00015895_011.png,8,Mass
test,test/Infiltration/00021321_008.png,7,Infiltration
test,test/Edema/00010012_020.png,3,Edema
test,test/Infiltration/00004822_032.png,7,Infiltration
test,test/Pneumonia/00000583_045.png,10,Pneumonia
test,test/Cardiomegaly/00026087_000.png,1,Cardiomegaly
test,test/Fibrosis/00011832_003.png,6,Fibrosis
test,test/Pneumonia/00029481_004.png,10,Pneumonia
test,test/Pneumothorax/00025954_022.png,11,Pneumothorax
test,test/Pneumonia/00014492_005.png,10,Pneumonia
test,test/Fibrosis/00014969_001.png,6,Fibrosis
test,test/Fibrosis/00004533_001.png,6,Fibrosis
test,test/Effusion/00011814_003.png,4,Effusion
test,test/Nodule/00029481_008.png,9,Nodule
test,test/Infiltration/00005612_001.png,7,Infiltration
test,test/Effusion/00007670_011.png,4,Effusion
test,test/Emphysema/00002051_003.png,5,Emphysema
test,test/Effusion/00028509_014.png,4,Effusion
test,test/Atelectasis/00015770_019.png,0,Atelectasis
test,test/Mass/00014358_005.png,8,Mass
test,test/Effusion/00018496_013.png,4,Effusion
test,test/Effusion/00000116_002.png,4,Effusion
test,test/Nodule/00013674_000.png,9,Nodule
test,test/Edema/00018840_017.png,3,Edema
test,test/Mass/00016971_002.png,8,Mass
test,test/Nodule/00018233_031.png,9,Nodule
test,test/Emphysema/00015530_095.png,5,Emphysema
test,test/Edema/00005986_000.png,3,Edema
test,test/Infiltration/00022707_012.png,7,Infiltration
test,test/Infiltration/00011237_110.png,7,Infiltration
test,test/Emphysema/00015072_003.png,5,Emphysema
test,test/Pneumothorax/00013310_068.png,11,Pneumothorax
test,test/Edema/00008291_010.png,3,Edema
test,test/Pneumonia/00010805_042.png,10,Pneumonia
test,test/Nodule/00014663_008.png,9,Nodule
test,test/Pneumonia/00028457_010.png,10,Pneumonia
test,test/Atelectasis/00019271_052.png,0,Atelectasis
test,test/Atelectasis/00029464_003.png,0,Atelectasis
test,test/Infiltration/00022993_000.png,7,Infiltration
test,test/Pneumothorax/00001170_040.png,11,Pneumothorax
test,test/Pneumonia/00008397_016.png,10,Pneumonia
test,test/Fibrosis/00005612_009.png,6,Fibrosis
test,test/Effusion/00021926_009.png,4,Effusion
test,test/Emphysema/00014083_018.png,5,Emphysema
test,test/Mass/00008841_051.png,8,Mass
test,test/Edema/00023325_021.png,3,Edema
test,test/Pneumonia/00008727_009.png,10,Pneumonia
test,test/Atelectasis/00007120_009.png,0,Atelectasis
test,test/Edema/00028526_008.png,3,Edema
test,test/Cardiomegaly/00020349_000.png,1,Cardiomegaly
test,test/Infiltration/00004808_091.png,7,Infiltration
test,test/Infiltration/00018360_042.png,7,Infiltration
test,test/Mass/00026261_000.png,8,Mass
test,test/Pneumonia/00013615_024.png,10,Pneumonia
test,test/Edema/00026478_001.png,3,Edema
test,test/Mass/00007120_005.png,8,Mass
test,test/Emphysema/00018387_032.png,5,Emphysema
test,test/Pneumonia/00005567_017.png,10,Pneumonia
test,test/Atelectasis/00014130_002.png,0,Atelectasis
test,test/Emphysema/00016587_078.png,5,Emphysema
test,test/Fibrosis/00000092_002.png,6,Fibrosis
test,test/Fibrosis/00003460_002.png,6,Fibrosis
test,test/Infiltration/00022192_027.png,7,Infiltration
test,test/Mass/00011831_000.png,8,Mass
test,test/Consolidation/00028774_034.png,2,Consolidation
test,test/Pneumonia/00007444_003.png,10,Pneumonia
test,test/Infiltration/00014203_039.png,7,Infiltration
test,test/Edema/00016291_053.png,3,Edema
test,test/Nodule/00009953_015.png,9,Nodule
test,test/Fibrosis/00002101_000.png,6,Fibrosis
test,test/Consolidation/00018360_057.png,2,Consolidation
test,test/Emphysema/00012091_000.png,5,Emphysema
test,test/Nodule/00016587_059.png,9,Nodule
test,test/Emphysema/00009845_015.png,5,Emphysema
test,test/Fibrosis/00010103_009.png,6,Fibrosis
test,test/Effusion/00004381_009.png,4,Effusion
test,test/Nodule/00001836_045.png,9,Nodule
test,test/Cardiomegaly/00015732_032.png,1,Cardiomegaly
test,test/Pneumothorax/00021374_015.png,11,Pneumothorax
test,test/Mass/00013977_000.png,8,Mass
test,test/Consolidation/00016719_022.png,2,Consolidation
test,test/Atelectasis/00022215_014.png,0,Atelectasis
test,test/Infiltration/00012021_066.png,7,Infiltration
test,test/Emphysema/00022192_008.png,5,Emphysema
test,test/Nodule/00006425_001.png,9,Nodule
test,test/Mass/00027937_007.png,8,Mass
test,test/Consolidation/00016175_000.png,2,Consolidation
test,test/Nodule/00030454_000.png,9,Nodule
test,test/Mass/00019058_000.png,8,Mass
test,test/Consolidation/00010120_026.png,2,Consolidation
test,test/Effusion/00000211_012.png,4,Effusion
test,test/Nodule/00008295_008.png,9,Nodule
test,test/Fibrosis/00001836_065.png,6,Fibrosis
test,test/Effusion/00010007_101.png,4,Effusion
test,test/Pneumothorax/00016587_000.png,11,Pneumothorax
test,test/Pneumothorax/00003400_004.png,11,Pneumothorax
test,test/Emphysema/00008911_032.png,5,Emphysema
test,test/Pneumonia/00014294_011.png,10,Pneumonia
test,test/Effusion/00014675_010.png,4,Effusion
test,test/Nodule/00015792_002.png,9,Nodule
test,test/Edema/00023271_014.png,3,Edema
test,test/Pneumonia/00014022_102.png,10,Pneumonia
test,test/Pneumothorax/00008008_032.png,11,Pneumothorax
test,test/Fibrosis/00006889_002.png,6,Fibrosis
test,test/Nodule/00014675_007.png,9,Nodule
test,test/Nodule/00013670_045.png,9,Nodule
test,test/Effusion/00013993_008.png,4,Effusion
test,test/Effusion/00015732_057.png,4,Effusion
test,test/Infiltration/00013670_047.png,7,Infiltration
test,test/Pneumothorax/00021374_022.png,11,Pneumothorax
test,test/Atelectasis/00030439_003.png,0,Atelectasis
test,test/Fibrosis/00011953_001.png,6,Fibrosis
test,test/Cardiomegaly/00000116_016.png,1,Cardiomegaly
test,test/Pneumothorax/00023116_018.png,11,Pneumothorax
test,test/Atelectasis/00002350_010.png,0,Atelectasis
test,test/Emphysema/00007828_003.png,5,Emphysema
test,test/Mass/00004858_046.png,8,Mass
test,test/Edema/00004342_043.png,3,Edema
test,test/Fibrosis/00002877_002.png,6,Fibrosis
test,test/Nodule/00013951_003.png,9,Nodule
test,test/Infiltration/00026287_005.png,7,Infiltration
test,test/Mass/00009608_038.png,8,Mass
test,test/Effusion/00019924_029.png,4,Effusion
test,test/Consolidation/00020673_019.png,2,Consolidation
test,test/Edema/00006674_005.png,3,Edema
test,test/Cardiomegaly/00020986_001.png,1,Cardiomegaly
test,test/Fibrosis/00007471_005.png,6,Fibrosis
test,test/Cardiomegaly/00004344_000.png,1,Cardiomegaly
test,test/Consolidation/00020213_026.png,2,Consolidation
test,test/Consolidation/00013993_101.png,2,Consolidation
test,test/Edema/00010007_003.png,3,Edema
test,test/Cardiomegaly/00018233_004.png,1,Cardiomegaly
test,test/Effusion/00016987_014.png,4,Effusion
test,test/Pneumonia/00012834_085.png,10,Pneumonia
test,test/Pneumonia/00016705_004.png,10,Pneumonia
test,test/Infiltration/00018867_020.png,7,Infiltration
test,test/Nodule/00027478_005.png,9,Nodule
test,test/Fibrosis/00014022_097.png,6,Fibrosis
test,test/Consolidation/00006271_096.png,2,Consolidation
test,test/Effusion/00012294_016.png,4,Effusion
test,test/Nodule/00015141_004.png,9,Nodule
test,test/Pneumothorax/00028876_042.png,11,Pneumothorax
test,test/Emphysema/00012094_051.png,5,Emphysema
test,test/Nodule/00020945_017.png,9,Nodule
test,test/Atelectasis/00017952_004.png,0,Atelectasis
test,test/Pneumothorax/00011460_046.png,11,Pneumothorax
test,test/Atelectasis/00002066_012.png,0,Atelectasis
test,test/Cardiomegaly/00013062_003.png,1,Cardiomegaly
test,test/Edema/00008291_007.png,3,Edema
test,test/Atelectasis/00001836_117.png,0,Atelectasis
test,test/Pneumonia/00015018_003.png,10,Pneumonia
test,test/Nodule/00019058_004.png,9,Nodule
test,test/Atelectasis/00020408_045.png,0,Atelectasis
test,test/Infiltration/00003028_061.png,7,Infiltration
test,test/Cardiomegaly/00000948_000.png,1,Cardiomegaly
test,test/Pneumothorax/00025252_044.png,11,Pneumothorax
test,test/Mass/00009349_040.png,8,Mass
test,test/Consolidation/00021609_003.png,2,Consolidation
test,test/Pneumothorax/00014839_015.png,11,Pneumothorax
test,test/Fibrosis/00012306_000.png,6,Fibrosis
test,test/Edema/00019508_006.png,3,Edema
test,test/Mass/00014839_003.png,8,Mass
test,test/Pneumonia/00028173_010.png,10,Pneumonia
test,test/Edema/00026971_005.png,3,Edema
test,test/Edema/00015605_032.png,3,Edema
test,test/Pneumothorax/00015502_006.png,11,Pneumothorax
test,test/Consolidation/00020945_019.png,2,Consolidation
test,test/Fibrosis/00013272_004.png,6,Fibrosis
test,test/Edema/00018867_027.png,3,Edema
test,test/Consolidation/00012834_146.png,2,Consolidation
test,test/Effusion/00028509_011.png,4,Effusion
test,test/Pneumothorax/00011460_010.png,11,Pneumothorax
test,test/Atelectasis/00000583_035.png,0,Atelectasis
test,test/Fibrosis/00014022_067.png,6,Fibrosis
test,test/Fibrosis/00007034_023.png,6,Fibrosis
test,test/Infiltration/00016522_010.png,7,Infiltration
test,test/Infiltration/00002437_031.png,7,Infiltration
test,test/Pneumonia/00009863_058.png,10,Pneumonia
test,test/Infiltration/00019437_008.png,7,Infiltration
test,test/Emphysema/00021377_001.png,5,Emphysema
test,test/Pneumonia/00016972_028.png,10,Pneumonia
test,test/Effusion/00029943_020.png,4,Effusion
test,test/Mass/00017178_001.png,8,Mass
test,test/Nodule/00009889_011.png,9,Nodule
test,test/Atelectasis/00013380_014.png,0,Atelectasis
test,test/Edema/00015953_004.png,3,Edema
test,test/Emphysema/00016508_056.png,5,Emphysema
test,test/Edema/00022290_011.png,3,Edema
test,test/Nodule/00016291_050.png,9,Nodule
test,test/Pneumonia/00017405_013.png,10,Pneumonia
test,test/Atelectasis/00011973_001.png,0,Atelectasis
test,test/Pneumothorax/00016587_026.png,11,Pneumothorax
test,test/Pneumothorax/00017138_089.png,11,Pneumothorax
test,test/Cardiomegaly/00014706_024.png,1,Cardiomegaly
test,test/Effusion/00029813_026.png,4,Effusion
test,test/Effusion/00017606_005.png,4,Effusion
test,test/Atelectasis/00027470_007.png,0,Atelectasis
test,test/Infiltration/00007018_046.png,7,Infiltration
test,test/Nodule/00019013_001.png,9,Nodule
test,test/Mass/00029943_013.png,8,Mass
test,test/Cardiomegaly/00007551_021.png,1,Cardiomegaly
test,test/Pneumonia/00006717_007.png,10,Pneumonia
test,test/Atelectasis/00018657_013.png,0,Atelectasis
test,test/Atelectasis/00021377_019.png,0,Atelectasis
test,test/Infiltration/00018867_021.png,7,Infiltration
test,test/Mass/00021772_000.png,8,Mass
test,test/Atelectasis/00020482_028.png,0,Atelectasis
test,test/Pneumothorax/00017524_021.png,11,Pneumothorax
test,test/Fibrosis/00008407_000.png,6,Fibrosis
test,test/Edema/00014675_005.png,3,Edema
test,test/Cardiomegaly/00004381_041.png,1,Cardiomegaly
test,test/Consolidation/00020438_010.png,2,Consolidation
test,test/Fibrosis/00002350_013.png,6,Fibrosis
test,test/Emphysema/00013380_005.png,5,Emphysema
test,test/Consolidation/00030573_017.png,2,Consolidation
test,test/Emphysema/00023156_003.png,5,Emphysema
test,test/Atelectasis/00025270_000.png,0,Atelectasis
test,test/Nodule/00013951_001.png,9,Nodule
test,test/Mass/00014398_007.png,8,Mass
test,test/Pneumonia/00021201_037.png,10,Pneumonia
test,test/Cardiomegaly/00004342_055.png,1,Cardiomegaly
test,test/Edema/00008626_016.png,3,Edema
test,test/Mass/00009237_027.png,8,Mass
test,test/Pneumothorax/00019124_086.png,11,Pneumothorax
test,test/Fibrosis/00000218_005.png,6,Fibrosis
test,test/Pneumonia/00020945_021.png,10,Pneumonia
test,test/Pneumothorax/00005140_003.png,11,Pneumothorax
test,test/Atelectasis/00003072_008.png,0,Atelectasis
test,test/Fibrosis/00010652_005.png,6,Fibrosis
test,test/Edema/00023310_005.png,3,Edema
test,test/Pneumonia/00017236_034.png,10,Pneumonia
test,test/Atelectasis/00001736_002.png,0,Atelectasis
test,test/Fibrosis/00009166_012.png,6,Fibrosis
test,test/Cardiomegaly/00002435_008.png,1,Cardiomegaly
test,test/Mass/00023162_001.png,8,Mass
test,test/Cardiomegaly/00013520_022.png,1,Cardiomegaly
test,test/Cardiomegaly/00000211_001.png,1,Cardiomegaly
test,test/Emphysema/00015530_069.png,5,Emphysema
test,test/Cardiomegaly/00004893_007.png,1,Cardiomegaly
test,test/Emphysema/00018284_009.png,5,Emphysema
test,test/Edema/00009892_007.png,3,Edema
test,test/Atelectasis/00019271_030.png,0,Atelectasis
test,test/Atelectasis/00002856_018.png,0,Atelectasis
test,test/Pneumonia/00001582_019.png,10,Pneumonia
test,test/Edema/00027726_007.png,3,Edema
test,test/Infiltration/00011576_002.png,7,Infiltration
test,test/Effusion/00007322_017.png,4,Effusion
test,test/Effusion/00016587_088.png,4,Effusion
test,test/Consolidation/00019018_012.png,2,Consolidation
test,test/Fibrosis/00002101_002.png,6,Fibrosis
test,test/Infiltration/00009608_018.png,7,Infiltration
test,test/Consolidation/00013670_042.png,2,Consolidation
test,test/Infiltration/00026818_021.png,7,Infiltration
test,test/Cardiomegaly/00004381_001.png,1,Cardiomegaly
test,test/Consolidation/00001006_011.png,2,Consolidation
test,test/Cardiomegaly/00014574_000.png,1,Cardiomegaly
test,test/Emphysema/00019437_005.png,5,Emphysema
test,test/Nodule/00020405_014.png,9,Nodule
test,test/Edema/00026555_004.png,3,Edema
test,test/Atelectasis/00029039_000.png,0,Atelectasis
test,test/Mass/00018284_000.png,8,Mass
test,test/Effusion/00021796_012.png,4,Effusion
test,test/Emphysema/00018865_015.png,5,Emphysema
test,test/Pneumonia/00013615_004.png,10,Pneumonia
test,test/Nodule/00017098_014.png,9,Nodule
test,test/Cardiomegaly/00029906_000.png,1,Cardiomegaly
test,test/Fibrosis/00014969_000.png,6,Fibrosis
test,test/Cardiomegaly/00006912_007.png,1,Cardiomegaly
test,test/Mass/00006948_023.png,8,Mass
test,test/Infiltration/00012834_102.png,7,Infiltration
test,test/Nodule/00010775_000.png,9,Nodule
test,test/Atelectasis/00005962_019.png,0,Atelectasis
test,test/Edema/00029460_002.png,3,Edema
test,test/Pneumonia/00005567_025.png,10,Pneumonia
test,test/Effusion/00011702_060.png,4,Effusion
test,test/Cardiomegaly/00013685_006.png,1,Cardiomegaly
test,test/Emphysema/00013625_019.png,5,Emphysema
test,test/Consolidation/00014956_000.png,2,Consolidation
test,test/Edema/00017138_004.png,3,Edema
test,test/Emphysema/00027357_001.png,5,Emphysema
test,test/Pneumothorax/00021377_015.png,11,Pneumothorax
test,test/Pneumothorax/00011460_021.png,11,Pneumothorax
test,test/Consolidation/00013310_001.png,2,Consolidation
test,test/Cardiomegaly/00015054_001.png,1,Cardiomegaly
test,test/Emphysema/00016270_013.png,5,Emphysema
test,test/Emphysema/00029431_003.png,5,Emphysema
test,test/Infiltration/00013625_066.png,7,Infiltration
test,test/Edema/00023310_007.png,3,Edema
test,test/Pneumonia/00013992_005.png,10,Pneumonia
test,test/Pneumonia/00028924_005.png,10,Pneumonia
test,test/Atelectasis/00018657_011.png,0,Atelectasis
test,test/Edema/00027838_009.png,3,Edema
test,test/Pneumothorax/00008566_013.png,11,Pneumothorax
test,test/Infiltration/00016291_055.png,7,Infiltration
test,test/Infiltration/00013993_018.png,7,Infiltration
test,test/Pneumothorax/00011814_013.png,11,Pneumothorax
test,test/Pneumonia/00001437_019.png,10,Pneumonia
test,test/Cardiomegaly/00007735_016.png,1,Cardiomegaly
test,test/Cardiomegaly/00005090_000.png,1,Cardiomegaly
test,test/Mass/00018091_028.png,8,Mass
test,test/Pneumonia/00013272_005.png,10,Pneumonia
test,test/Nodule/00012374_000.png,9,Nodule
test,test/Fibrosis/00015676_004.png,6,Fibrosis
test,test/Consolidation/00004858_013.png,2,Consolidation
test,test/Cardiomegaly/00005266_001.png,1,Cardiomegaly
test,test/Emphysema/00015956_015.png,5,Emphysema
test,test/Cardiomegaly/00007735_038.png,1,Cardiomegaly
test,test/Pneumonia/00003528_043.png,10,Pneumonia
test,test/Pneumothorax/00015171_007.png,11,Pneumothorax
test,test/Consolidation/00013111_028.png,2,Consolidation
test,test/Mass/00015605_057.png,8,Mass
test,test/Cardiomegaly/00004526_016.png,1,Cardiomegaly
test,test/Consolidation/00025443_001.png,2,Consolidation
test,test/Edema/00015605_042.png,3,Edema
test,test/Effusion/00018253_008.png,4,Effusion
test,test/Infiltration/00022572_039.png,7,Infiltration
test,test/Pneumothorax/00027441_012.png,11,Pneumothorax
test,test/Fibrosis/00006991_003.png,6,Fibrosis
test,test/Mass/00018867_000.png,8,Mass
test,test/Infiltration/00009608_052.png,7,Infiltration
test,test/Atelectasis/00002551_000.png,0,Atelectasis
test,test/Mass/00013627_001.png,8,Mass
test,test/Mass/00014663_042.png,8,Mass
test,test/Effusion/00007557_004.png,4,Effusion
test,test/Cardiomegaly/00004526_007.png,1,Cardiomegaly
test,test/Pneumonia/00013615_053.png,10,Pneumonia
test,test/Consolidation/00003996_005.png,2,Consolidation
test,test/Mass/00030389_000.png,8,Mass
test,test/Atelectasis/00009892_022.png,0,Atelectasis
test,test/Consolidation/00011269_005.png,2,Consolidation
test,test/Atelectasis/00015018_013.png,0,Atelectasis
test,test/Emphysema/00013089_000.png,5,Emphysema
test,test/Atelectasis/00002856_016.png,0,Atelectasis
test,test/Pneumonia/00006997_000.png,10,Pneumonia
test,test/Cardiomegaly/00006808_010.png,1,Cardiomegaly
test,test/Emphysema/00010767_005.png,5,Emphysema
test,test/Atelectasis/00027927_036.png,0,Atelectasis
test,test/Pneumonia/00011973_015.png,10,Pneumonia
test,test/Emphysema/00022192_007.png,5,Emphysema
test,test/Cardiomegaly/00006808_003.png,1,Cardiomegaly
test,test/Fibrosis/00012413_008.png,6,Fibrosis
test,test/Emphysema/00017504_064.png,5,Emphysema
test,test/Atelectasis/00029532_012.png,0,Atelectasis
test,test/Cardiomegaly/00016175_011.png,1,Cardiomegaly
test,test/Effusion/00029596_006.png,4,Effusion
test,test/Mass/00018253_020.png,8,Mass
test,test/Cardiomegaly/00008508_002.png,1,Cardiomegaly
test,test/Nodule/00016937_018.png,9,Nodule
test,test/Atelectasis/00027758_003.png,0,Atelectasis
test,test/Pneumothorax/00010767_019.png,11,Pneumothorax
test,test/Cardiomegaly/00007018_014.png,1,Cardiomegaly
test,test/Emphysema/00014083_011.png,5,Emphysema
test,test/Mass/00016064_012.png,8,Mass
test,test/Fibrosis/00006329_002.png,6,Fibrosis
test,test/Fibrosis/00003460_000.png,6,Fibrosis
test,test/Pneumonia/00026389_002.png,10,Pneumonia
test,test/Edema/00015264_005.png,3,Edema
test,test/Atelectasis/00010007_164.png,0,Atelectasis
test,test/Nodule/00025707_018.png,9,Nodule
test,test/Consolidation/00010007_130.png,2,Consolidation
test,test/Pneumothorax/00028876_034.png,11,Pneumothorax
test,test/Nodule/00012364_055.png,9,Nodule
test,test/Nodule/00017138_054.png,9,Nodule
test,test/Nodule/00022572_062.png,9,Nodule
test,test/Pneumonia/00004893_027.png,10,Pneumonia
test,test/Effusion/00003064_048.png,4,Effusion
test,test/Nodule/00026285_000.png,9,Nodule
test,test/Mass/00018860_001.png,8,Mass
test,test/Cardiomegaly/00027782_006.png,1,Cardiomegaly
test,test/Nodule/00012592_005.png,9,Nodule
test,test/Consolidation/00013750_018.png,2,Consolidation
test,test/Mass/00023138_000.png,8,Mass
test,test/Nodule/00014663_000.png,9,Nodule
test,test/Fibrosis/00014969_003.png,6,Fibrosis
test,test/Pneumonia/00019275_002.png,10,Pneumonia
test,test/Consolidation/00028774_032.png,2,Consolidation
test,test/Emphysema/00008978_002.png,5,Emphysema
test,test/Mass/00016971_026.png,8,Mass
test,test/Emphysema/00014358_017.png,5,Emphysema
test,test/Nodule/00023310_000.png,9,Nodule
test,test/Emphysema/00029631_005.png,5,Emphysema
test,test/Pneumothorax/00008295_006.png,11,Pneumothorax
test,test/Pneumothorax/00018496_003.png,11,Pneumothorax
test,test/Emphysema/00020405_005.png,5,Emphysema
test,test/Cardiomegaly/00013249_051.png,1,Cardiomegaly
test,test/Cardiomegaly/00000032_021.png,1,Cardiomegaly
test,test/Cardiomegaly/00005532_001.png,1,Cardiomegaly
test,test/Emphysema/00014700_000.png,5,Emphysema
test,test/Nodule/00004911_010.png,9,Nodule
test,test/Pneumonia/00000193_019.png,10,Pneumonia
test,test/Effusion/00019089_005.png,4,Effusion
test,test/Edema/00028689_002.png,3,Edema
test,test/Consolidation/00029809_013.png,2,Consolidation
test,test/Pneumonia/00021201_036.png,10,Pneumonia
test,test/Effusion/00011237_072.png,4,Effusion
test,test/Emphysema/00000246_005.png,5,Emphysema
test,test/Effusion/00000506_018.png,4,Effusion
test,test/Pneumonia/00004893_070.png,10,Pneumonia
test,test/Mass/00014398_010.png,8,Mass
test,test/Nodule/00006304_047.png,9,Nodule
test,test/Fibrosis/00000324_007.png,6,Fibrosis
test,test/Mass/00011355_042.png,8,Mass
test,test/Infiltration/00014617_003.png,7,Infiltration
test,test/Emphysema/00012094_055.png,5,Emphysema
test,test/Nodule/00017138_053.png,9,Nodule
test,test/Emphysema/00017504_063.png,5,Emphysema
test,test/Consolidation/00017236_039.png,2,Consolidation
test,test/Fibrosis/00014022_098.png,6,Fibrosis
test,test/Effusion/00026538_007.png,4,Effusion
test,test/Atelectasis/00004822_013.png,0,Atelectasis
test,test/Pneumothorax/00025085_004.png,11,Pneumothorax
test,test/Emphysema/00016587_073.png,5,Emphysema
test,test/Nodule/00006674_012.png,9,Nodule
test,test/Mass/00016429_008.png,8,Mass
test,test/Emphysema/00018284_011.png,5,Emphysema
test,test/Pneumonia/00013625_069.png,10,Pneumonia
test,test/Edema/00016291_028.png,3,Edema
test,test/Infiltration/00021277_011.png,7,Infiltration
test,test/Atelectasis/00016191_013.png,0,Atelectasis
test,test/Infiltration/00028774_036.png,7,Infiltration
test,test/Fibrosis/00006416_004.png,6,Fibrosis
test,test/Pneumonia/00001582_021.png,10,Pneumonia
test,test/Atelectasis/00018860_005.png,0,Atelectasis
test,test/Pneumonia/00022815_066.png,10,Pneumonia
test,test/Atelectasis/00021274_009.png,0,Atelectasis
test,test/Mass/00008295_038.png,8,Mass
test,test/Infiltration/00007034_027.png,7,Infiltration
test,test/Cardiomegaly/00021845_001.png,1,Cardiomegaly
test,test/Effusion/00020213_113.png,4,Effusion
test,test/Effusion/00022416_053.png,4,Effusion
test,test/Pneumothorax/00000013_039.png,11,Pneumothorax
test,test/Fibrosis/00009917_003.png,6,Fibrosis
test,test/Cardiomegaly/00016732_000.png,1,Cardiomegaly
test,test/Infiltration/00027935_007.png,7,Infiltration
test,test/Atelectasis/00001673_016.png,0,Atelectasis
test,test/Pneumothorax/00003062_002.png,11,Pneumothorax
test,test/Fibrosis/00021024_012.png,6,Fibrosis
test,test/Nodule/00027838_007.png,9,Nodule
test,test/Emphysema/00016270_007.png,5,Emphysema
test,test/Mass/00030111_001.png,8,Mass
test,test/Emphysema/00005681_019.png,5,Emphysema
test,test/Consolidation/00028509_003.png,2,Consolidation
test,test/Consolidation/00016009_038.png,2,Consolidation
test,test/Infiltration/00013625_070.png,7,Infiltration
test,test/Edema/00018091_015.png,3,Edema
test,test/Consolidation/00015530_020.png,2,Consolidation
test,test/Pneumothorax/00012087_047.png,11,Pneumothorax
test,test/Emphysema/00015090_004.png,5,Emphysema
test,test/Pneumonia/00013993_046.png,10,Pneumonia
test,test/Emphysema/00008291_018.png,5,Emphysema
test,test/Consolidation/00008397_004.png,2,Consolidation
test,test/Mass/00014116_001.png,8,Mass
test,test/Pneumothorax/00019706_002.png,11,Pneumothorax
test,test/Effusion/00029894_000.png,4,Effusion
test,test/Infiltration/00007018_056.png,7,Infiltration
test,test/Nodule/00020405_019.png,9,Nodule
test,test/Atelectasis/00020945_005.png,0,Atelectasis
test,test/Infiltration/00018427_001.png,7,Infiltration
test,test/Edema/00012747_005.png,3,Edema
test,test/Mass/00016009_009.png,8,Mass
test,test/Pneumothorax/00019124_101.png,11,Pneumothorax
test,test/Pneumonia/00001946_024.png,10,Pneumonia
test,test/Pneumonia/00009229_003.png,10,Pneumonia
test,test/Effusion/00019861_020.png,4,Effusion
test,test/Pneumothorax/00019124_105.png,11,Pneumothorax
test,test/Pneumothorax/00029943_039.png,11,Pneumothorax
test,test/Effusion/00021222_002.png,4,Effusion
test,test/Cardiomegaly/00004342_023.png,1,Cardiomegaly
test,test/Atelectasis/00000830_001.png,0,Atelectasis
test,test/Pneumothorax/00009889_037.png,11,Pneumothorax
test,test/Consolidation/00010012_045.png,2,Consolidation
test,test/Mass/00011151_000.png,8,Mass
test,test/Pneumonia/00011391_006.png,10,Pneumonia
test,test/Infiltration/00003528_032.png,7,Infiltration
test,test/Emphysema/00013031_016.png,5,Emphysema
test,test/Infiltration/00019018_020.png,7,Infiltration
test,test/Edema/00019938_004.png,3,Edema
test,test/Atelectasis/00013615_045.png,0,Atelectasis
test,test/Consolidation/00004931_010.png,2,Consolidation
test,test/Pneumothorax/00011460_005.png,11,Pneumothorax
test,test/Mass/00001075_024.png,8,Mass
test,test/Edema/00027479_005.png,3,Edema
test,test/Nodule/00022726_015.png,9,Nodule
test,test/Fibrosis/00006416_006.png,6,Fibrosis
test,test/Effusion/00013118_005.png,4,Effusion
test,test/Fibrosis/00002236_004.png,6,Fibrosis
test,test/Effusion/00006713_006.png,4,Effusion
test,test/Fibrosis/00007632_014.png,6,Fibrosis
test,test/Edema/00022290_010.png,3,Edema
test,test/Emphysema/00012217_001.png,5,Emphysema
test,test/Consolidation/00014688_003.png,2,Consolidation
test,test/Cardiomegaly/00005066_065.png,1,Cardiomegaly
test,test/Atelectasis/00004578_000.png,0,Atelectasis
test,test/Fibrosis/00002101_003.png,6,Fibrosis
test,test/Fibrosis/00015056_001.png,6,Fibrosis
test,test/Pneumothorax/00021381_024.png,11,Pneumothorax
test,test/Pneumonia/00022192_038.png,10,Pneumonia
test,test/Emphysema/00014083_022.png,5,Emphysema
test,test/Fibrosis/00012350_000.png,6,Fibrosis
test,test/Effusion/00001248_016.png,4,Effusion
test,test/Consolidation/00016786_015.png,2,Consolidation
test,test/Edema/00019157_005.png,3,Edema
test,test/Edema/00015605_040.png,3,Edema
test,test/Pneumothorax/00029943_004.png,11,Pneumothorax
test,test/Cardiomegaly/00029273_000.png,1,Cardiomegaly
test,test/Edema/00018615_029.png,3,Edema
test,test/Effusion/00017036_013.png,4,Effusion
test,test/Cardiomegaly/00001369_000.png,1,Cardiomegaly
test,test/Emphysema/00029259_022.png,5,Emphysema
test,test/Mass/00009237_006.png,8,Mass
test,test/Effusion/00021181_000.png,4,Effusion
test,test/Fibrosis/00023696_007.png,6,Fibrosis
test,test/Pneumothorax/00001006_022.png,11,Pneumothorax
test,test/Consolidation/00030408_016.png,2,Consolidation
test,test/Nodule/00017611_001.png,9,Nodule
test,test/Pneumonia/00018319_001.png,10,Pneumonia
test,test/Atelectasis/00012829_004.png,0,Atelectasis
test,test/Pneumonia/00016184_037.png,10,Pneumonia
test,test/Mass/00027833_009.png,8,Mass
test,test/Nodule/00012364_047.png,9,Nodule
test,test/Pneumothorax/00008008_024.png,11,Pneumothorax
test,test/Atelectasis/00020819_008.png,0,Atelectasis
test,test/Mass/00014839_001.png,8,Mass
test,test/Emphysema/00017504_054.png,5,Emphysema
test,test/Infiltration/00012834_111.png,7,Infiltration
test,test/Infiltration/00002437_038.png,7,Infiltration
test,test/Atelectasis/00002350_012.png,0,Atelectasis
test,test/Pneumonia/00022192_032.png,10,Pneumonia
test,test/Edema/00011391_023.png,3,Edema
test,test/Atelectasis/00020772_002.png,0,Atelectasis
test,test/Effusion/00011702_061.png,4,Effusion
test,test/Nodule/00003996_002.png,9,Nodule
test,test/Atelectasis/00019706_016.png,0,Atelectasis
test,test/Edema/00019363_033.png,3,Edema
test,test/Emphysema/00022192_011.png,5,Emphysema
test,test/Fibrosis/00011322_000.png,6,Fibrosis
test,test/Atelectasis/00000032_054.png,0,Atelectasis
test,test/Fibrosis/00016719_011.png,6,Fibrosis
test,test/Consolidation/00026132_010.png,2,Consolidation
test,test/Emphysema/00018865_012.png,5,Emphysema
test,test/Emphysema/00023078_007.png,5,Emphysema
test,test/Cardiomegaly/00014706_023.png,1,Cardiomegaly
test,test/Cardiomegaly/00021663_005.png,1,Cardiomegaly
test,test/Consolidation/00014203_004.png,2,Consolidation
test,test/Infiltration/00016291_038.png,7,Infiltration
test,test/Pneumothorax/00023162_005.png,11,Pneumothorax
test,test/Consolidation/00005962_028.png,2,Consolidation
test,test/Cardiomegaly/00014706_025.png,1,Cardiomegaly
test,test/Pneumonia/00022877_014.png,10,Pneumonia
test,test/Edema/00013176_003.png,3,Edema
test,test/Consolidation/00014203_017.png,2,Consolidation
test,test/Fibrosis/00004973_001.png,6,Fibrosis
test,test/Emphysema/00008586_000.png,5,Emphysema
test,test/Mass/00014822_022.png,8,Mass
test,test/Mass/00018101_014.png,8,Mass
test,test/Infiltration/00015956_008.png,7,Infiltration
test,test/Emphysema/00026412_056.png,5,Emphysema
test,test/Emphysema/00018055_039.png,5,Emphysema
test,test/Cardiomegaly/00019861_006.png,1,Cardiomegaly
test,test/Emphysema/00008841_017.png,5,Emphysema
test,test/Cardiomegaly/00023325_032.png,1,Cardiomegaly
test,test/Pneumonia/00016705_002.png,10,Pneumonia
test,test/Consolidation/00010092_052.png,2,Consolidation
test,test/Nodule/00012156_005.png,9,Nodule
test,test/Consolidation/00019363_017.png,2,Consolidation
test,test/Fibrosis/00014022_016.png,6,Fibrosis
test,test/Mass/00007886_007.png,8,Mass
test,test/Consolidation/00023085_004.png,2,Consolidation
test,test/Infiltration/00022572_036.png,7,Infiltration
test,test/Emphysema/00007305_000.png,5,Emphysema
test,test/Infiltration/00027213_021.png,7,Infiltration
test,test/Consolidation/00014492_003.png,2,Consolidation
test,test/Atelectasis/00001140_000.png,0,Atelectasis
test,test/Fibrosis/00003064_053.png,6,Fibrosis
test,test/Emphysema/00013111_057.png,5,Emphysema
test,test/Pneumothorax/00002290_004.png,11,Pneumothorax
test,test/Pneumothorax/00018055_024.png,11,Pneumothorax
test,test/Pneumothorax/00025787_051.png,11,Pneumothorax
test,test/Consolidation/00003528_027.png,2,Consolidation
test,test/Infiltration/00026538_026.png,7,Infiltration
test,test/Fibrosis/00002763_001.png,6,Fibrosis
test,test/Cardiomegaly/00004533_021.png,1,Cardiomegaly
test,test/Emphysema/00019406_008.png,5,Emphysema
test,test/Infiltration/00015646_042.png,7,Infiltration
test,test/Fibrosis/00013884_004.png,6,Fibrosis
test,test/Mass/00008924_001.png,8,Mass
test,test/Mass/00017178_000.png,8,Mass
test,test/Effusion/00016291_009.png,4,Effusion
test,test/Pneumothorax/00014839_019.png,11,Pneumothorax
test,test/Cardiomegaly/00004526_002.png,1,Cardiomegaly
test,test/Emphysema/00012094_058.png,5,Emphysema
test,test/Fibrosis/00019637_009.png,6,Fibrosis
test,test/Edema/00001787_005.png,3,Edema
test,test/Pneumothorax/00018366_046.png,11,Pneumothorax
test,test/Pneumonia/00028873_017.png,10,Pneumonia
test,test/Fibrosis/00000533_004.png,6,Fibrosis
test,test/Effusion/00025252_062.png,4,Effusion
test,test/Effusion/00015956_038.png,4,Effusion
test,test/Emphysema/00013031_002.png,5,Emphysema
test,test/Effusion/00010071_012.png,4,Effusion
test,test/Atelectasis/00023065_014.png,0,Atelectasis
test,test/Nodule/00029247_003.png,9,Nodule
test,test/Pneumothorax/00000013_020.png,11,Pneumothorax
test,test/Cardiomegaly/00016414_002.png,1,Cardiomegaly
test,test/Emphysema/00015530_071.png,5,Emphysema
test,test/Fibrosis/00006787_000.png,6,Fibrosis
test,test/Consolidation/00014798_016.png,2,Consolidation
test,test/Effusion/00000181_058.png,4,Effusion
test,test/Infiltration/00012834_135.png,7,Infiltration
test,test/Emphysema/00007124_004.png,5,Emphysema
test,test/Fibrosis/00016094_001.png,6,Fibrosis
test,test/Fibrosis/00011683_023.png,6,Fibrosis
test,test/Effusion/00017138_034.png,4,Effusion
test,test/Effusion/00002583_006.png,4,Effusion
test,test/Cardiomegaly/00001373_001.png,1,Cardiomegaly
test,test/Mass/00002046_005.png,8,Mass
test,test/Pneumothorax/00018055_022.png,11,Pneumothorax
test,test/Consolidation/00012834_051.png,2,Consolidation
test,test/Effusion/00015264_008.png,4,Effusion
test,test/Edema/00014785_006.png,3,Edema
test,test/Consolidation/00003028_021.png,2,Consolidation
test,test/Fibrosis/00017405_006.png,6,Fibrosis
test,test/Pneumothorax/00018366_045.png,11,Pneumothorax
test,test/Nodule/00016291_051.png,9,Nodule
test,test/Cardiomegaly/00004381_027.png,1,Cardiomegaly
test,test/Consolidation/00026538_018.png,2,Consolidation
test,test/Cardiomegaly/00014706_020.png,1,Cardiomegaly
test,test/Emphysema/00017611_003.png,5,Emphysema
test,test/Fibrosis/00025210_001.png,6,Fibrosis
test,test/Effusion/00007557_009.png,4,Effusion
test,test/Fibrosis/00004991_004.png,6,Fibrosis
test,test/Fibrosis/00009166_007.png,6,Fibrosis
test,test/Mass/00015895_022.png,8,Mass
test,test/Pneumothorax/00021377_012.png,11,Pneumothorax
test,test/Effusion/00010007_007.png,4,Effusion
test,test/Pneumothorax/00010677_030.png,11,Pneumothorax
test,test/Mass/00014839_002.png,8,Mass
test,test/Pneumonia/00015605_051.png,10,Pneumonia
test,test/Nodule/00025085_000.png,9,Nodule
test,test/Nodule/00004911_028.png,9,Nodule
test,test/Edema/00027657_023.png,3,Edema
test,test/Edema/00012364_005.png,3,Edema
test,test/Pneumothorax/00023116_016.png,11,Pneumothorax
test,test/Fibrosis/00020065_013.png,6,Fibrosis
test,test/Pneumothorax/00013111_061.png,11,Pneumothorax
test,test/Nodule/00007018_049.png,9,Nodule
test,test/Pneumothorax/00007676_014.png,11,Pneumothorax
test,test/Pneumonia/00016291_015.png,10,Pneumonia
test,test/Infiltration/00027927_030.png,7,Infiltration
test,test/Pneumonia/00021710_002.png,10,Pneumonia
test,test/Edema/00021277_035.png,3,Edema
test,test/Edema/00013531_028.png,3,Edema
test,test/Consolidation/00002300_007.png,2,Consolidation
test,test/Atelectasis/00019742_002.png,0,Atelectasis
test,test/Edema/00006160_002.png,3,Edema
test,test/Cardiomegaly/00011322_007.png,1,Cardiomegaly
test,test/Mass/00013031_000.png,8,Mass
test,test/Atelectasis/00020213_012.png,0,Atelectasis
test,test/Edema/00006472_002.png,3,Edema
test,test/Mass/00011925_069.png,8,Mass
test,test/Pneumonia/00020945_020.png,10,Pneumonia
test,test/Consolidation/00010007_157.png,2,Consolidation
test,test/Nodule/00013111_089.png,9,Nodule
test,test/Nodule/00015799_000.png,9,Nodule
test,test/Emphysema/00017504_044.png,5,Emphysema
test,test/Edema/00007018_048.png,3,Edema
test,test/Effusion/00021782_010.png,4,Effusion
test,test/Pneumonia/00017714_019.png,10,Pneumonia
test,test/Mass/00027937_005.png,8,Mass
test,test/Pneumonia/00022815_043.png,10,Pneumonia
test,test/Effusion/00021222_004.png,4,Effusion
test,test/Emphysema/00011355_002.png,5,Emphysema
test,test/Pneumonia/00018319_000.png,10,Pneumonia
test,test/Pneumothorax/00003072_029.png,11,Pneumothorax
test,test/Fibrosis/00006496_000.png,6,Fibrosis
test,test/Pneumonia/00017641_003.png,10,Pneumonia
test,test/Atelectasis/00029663_002.png,0,Atelectasis
test,test/Atelectasis/00009342_004.png,0,Atelectasis
test,test/Pneumothorax/00012012_003.png,11,Pneumothorax
test,test/Pneumonia/00003973_007.png,10,Pneumonia
test,test/Pneumothorax/00001170_028.png,11,Pneumothorax
test,test/Cardiomegaly/00004381_049.png,1,Cardiomegaly
test,test/Atelectasis/00015843_009.png,0,Atelectasis
test,test/Mass/00023309_010.png,8,Mass
test,test/Edema/00021277_034.png,3,Edema
test,test/Nodule/00026586_004.png,9,Nodule
test,test/Pneumonia/00012094_011.png,10,Pneumonia
test,test/Pneumonia/00007735_018.png,10,Pneumonia
test,test/Nodule/00018419_002.png,9,Nodule
test,test/Infiltration/00005681_003.png,7,Infiltration
test,test/Atelectasis/00021321_009.png,0,Atelectasis
test,test/Consolidation/00007735_007.png,2,Consolidation
test,test/Nodule/00004911_027.png,9,Nodule
test,test/Infiltration/00022290_002.png,7,Infiltration
test,test/Atelectasis/00012045_036.png,0,Atelectasis
test,test/Cardiomegaly/00021443_000.png,1,Cardiomegaly
test,test/Mass/00019634_010.png,8,Mass
test,test/Effusion/00019157_011.png,4,Effusion
test,test/Consolidation/00011448_004.png,2,Consolidation
test,test/Atelectasis/00030408_000.png,0,Atelectasis
test,test/Effusion/00011136_011.png,4,Effusion
test,test/Infiltration/00003973_009.png,7,Infiltration
test,test/Edema/00012263_010.png,3,Edema
test,test/Cardiomegaly/00004822_051.png,1,Cardiomegaly
test,test/Edema/00015605_044.png,3,Edema
test,test/Mass/00019499_000.png,8,Mass
test,test/Fibrosis/00012298_017.png,6,Fibrosis
test,test/Effusion/00020671_008.png,4,Effusion
test,test/Edema/00007018_058.png,3,Edema
test,test/Infiltration/00004808_025.png,7,Infiltration
test,test/Emphysema/00010120_022.png,5,Emphysema
test,test/Nodule/00020725_004.png,9,Nodule
test,test/Fibrosis/00016434_006.png,6,Fibrosis
test,test/Mass/00021179_000.png,8,Mass
test,test/Consolidation/00000032_016.png,2,Consolidation
test,test/Nodule/00012087_019.png,9,Nodule
test,test/Edema/00007018_038.png,3,Edema
test,test/Consolidation/00015530_148.png,2,Consolidation
test,test/Atelectasis/00029817_025.png,0,Atelectasis
test,test/Nodule/00001777_001.png,9,Nodule
test,test/Effusion/00006416_002.png,4,Effusion
test,test/Consolidation/00016786_014.png,2,Consolidation
test,test/Consolidation/00010805_004.png,2,Consolidation
test,test/Nodule/00014822_020.png,9,Nodule
test,test/Consolidation/00000468_034.png,2,Consolidation
test,test/Pneumonia/00019275_001.png,10,Pneumonia
test,test/Atelectasis/00004893_043.png,0,Atelectasis
test,test/Consolidation/00007322_016.png,2,Consolidation
test,test/Emphysema/00014083_013.png,5,Emphysema
test,test/Fibrosis/00010563_006.png,6,Fibrosis
test,test/Cardiomegaly/00004822_042.png,1,Cardiomegaly
test,test/Mass/00007886_009.png,8,Mass
test,test/Cardiomegaly/00001373_026.png,1,Cardiomegaly
test,test/Cardiomegaly/00008404_000.png,1,Cardiomegaly
test,test/Edema/00025252_048.png,3,Edema
test,test/Cardiomegaly/00004344_043.png,1,Cardiomegaly
test,test/Atelectasis/00012021_034.png,0,Atelectasis
test,test/Infiltration/00021845_002.png,7,Infiltration
test,test/Emphysema/00019919_012.png,5,Emphysema
test,test/Mass/00026263_004.png,8,Mass
test,test/Infiltration/00018233_037.png,7,Infiltration
test,test/Consolidation/00029809_014.png,2,Consolidation
test,test/Nodule/00006096_006.png,9,Nodule
test,test/Pneumonia/00016705_003.png,10,Pneumonia
test,test/Effusion/00012576_000.png,4,Effusion
test,test/Nodule/00006425_004.png,9,Nodule
test,test/Nodule/00001093_012.png,9,Nodule
test,test/Effusion/00016987_013.png,4,Effusion
test,test/Nodule/00029159_003.png,9,Nodule
test,test/Pneumonia/00011514_015.png,10,Pneumonia
test,test/Effusion/00007034_016.png,4,Effusion
test,test/Edema/00014125_056.png,3,Edema
test,test/Edema/00027782_002.png,3,Edema
test,test/Pneumothorax/00021381_039.png,11,Pneumothorax
test,test/Cardiomegaly/00028607_000.png,1,Cardiomegaly
test,test/Emphysema/00000013_042.png,5,Emphysema
test,test/Emphysema/00002570_002.png,5,Emphysema
test,test/Infiltration/00026412_024.png,7,Infiltration
test,test/Edema/00019508_008.png,3,Edema
test,test/Emphysema/00003669_004.png,5,Emphysema
test,test/Nodule/00025368_023.png,9,Nodule
test,test/Edema/00019508_005.png,3,Edema
test,test/Consolidation/00003028_065.png,2,Consolidation
test,test/Pneumothorax/00016568_045.png,11,Pneumothorax
test,test/Cardiomegaly/00014706_029.png,1,Cardiomegaly
test,test/Atelectasis/00014253_013.png,0,Atelectasis
test,test/Fibrosis/00004822_033.png,6,Fibrosis
test,test/Cardiomegaly/00004381_011.png,1,Cardiomegaly
test,test/Edema/00014149_032.png,3,Edema
test,test/Infiltration/00002395_015.png,7,Infiltration
test,test/Consolidation/00009218_009.png,2,Consolidation
test,test/Atelectasis/00018233_001.png,0,Atelectasis
test,test/Infiltration/00017755_000.png,7,Infiltration
test,test/Fibrosis/00009239_001.png,6,Fibrosis
test,test/Edema/00011973_002.png,3,Edema
test,test/Atelectasis/00010120_001.png,0,Atelectasis
test,test/Nodule/00019373_022.png,9,Nodule
test,test/Pneumothorax/00029813_040.png,11,Pneumothorax
test,test/Infiltration/00028285_004.png,7,Infiltration
test,test/Cardiomegaly/00013150_000.png,1,Cardiomegaly
test,test/Nodule/00002424_001.png,9,Nodule
test,test/Emphysema/00030046_010.png,5,Emphysema
test,test/Consolidation/00001836_060.png,2,Consolidation
test,test/Cardiomegaly/00018187_029.png,1,Cardiomegaly
test,test/Fibrosis/00007318_000.png,6,Fibrosis
test,test/Nodule/00017747_016.png,9,Nodule
test,test/Consolidation/00007735_022.png,2,Consolidation
test,test/Emphysema/00005476_002.png,5,Emphysema
test,test/Pneumothorax/00007670_035.png,11,Pneumothorax
test,test/Effusion/00010071_011.png,4,Effusion
test,test/Nodule/00008008_000.png,9,Nodule
test,test/Emphysema/00018865_022.png,5,Emphysema
test,test/Effusion/00011683_052.png,4,Effusion
test,test/Infiltration/00016972_023.png,7,Infiltration
test,test/Consolidation/00013111_003.png,2,Consolidation
test,test/Pneumothorax/00025787_057.png,11,Pneumothorax
test,test/Pneumothorax/00028876_044.png,11,Pneumothorax
test,test/Fibrosis/00014492_002.png,6,Fibrosis
test,test/Emphysema/00007586_000.png,5,Emphysema
test,test/Infiltration/00029105_024.png,7,Infiltration
test,test/Emphysema/00027592_006.png,5,Emphysema
test,test/Atelectasis/00020673_051.png,0,Atelectasis
test,test/Infiltration/00013922_016.png,7,Infiltration
test,test/Infiltration/00006948_004.png,7,Infiltration
test,test/Fibrosis/00002722_002.png,6,Fibrosis
test,test/Mass/00010092_045.png,8,Mass
test,test/Fibrosis/00002763_002.png,6,Fibrosis
test,test/Effusion/00015313_006.png,4,Effusion
test,test/Pneumonia/00021860_003.png,10,Pneumonia
test,test/Nodule/00022470_012.png,9,Nodule
test,test/Mass/00016568_030.png,8,Mass
test,test/Edema/00007018_032.png,3,Edema
test,test/Consolidation/00003803_013.png,2,Consolidation
test,test/Pneumonia/00015442_001.png,10,Pneumonia
test,test/Pneumothorax/00023065_031.png,11,Pneumothorax
test,test/Cardiomegaly/00004381_028.png,1,Cardiomegaly
test,test/Edema/00013249_019.png,3,Edema
test,test/Cardiomegaly/00001373_012.png,1,Cardiomegaly
test,test/Infiltration/00008522_058.png,7,Infiltration
test,test/Effusion/00002395_024.png,4,Effusion
test,test/Consolidation/00013261_010.png,2,Consolidation
test,test/Emphysema/00015530_060.png,5,Emphysema
test,test/Mass/00008008_020.png,8,Mass
test,test/Cardiomegaly/00004342_036.png,1,Cardiomegaly
test,test/Infiltration/00004342_049.png,7,Infiltration
test,test/Edema/00004342_047.png,3,Edema
test,test/Pneumonia/00020845_002.png,10,Pneumonia
test,test/Consolidation/00002300_006.png,2,Consolidation
test,test/Cardiomegaly/00000845_000.png,1,Cardiomegaly
test,test/Infiltration/00026818_009.png,7,Infiltration
test,test/Effusion/00010103_008.png,4,Effusion
test,test/Atelectasis/00000583_031.png,0,Atelectasis
test,test/Pneumonia/00000218_001.png,10,Pneumonia
test,test/Mass/00014731_020.png,8,Mass
test,test/Effusion/00004931_003.png,4,Effusion
test,test/Nodule/00023033_001.png,9,Nodule
test,test/Cardiomegaly/00007735_031.png,1,Cardiomegaly
test,test/Fibrosis/00014337_000.png,6,Fibrosis
test,test/Mass/00002722_001.png,8,Mass
test,test/Consolidation/00013670_078.png,2,Consolidation
test,test/Pneumonia/00020482_029.png,10,Pneumonia
test,test/Cardiomegaly/00004533_002.png,1,Cardiomegaly
test,test/Effusion/00026263_014.png,4,Effusion
test,test/Mass/00019373_063.png,8,Mass
test,test/Infiltration/00017124_006.png,7,Infiltration
test,test/Mass/00027833_018.png,8,Mass
test,test/Fibrosis/00018921_032.png,6,Fibrosis
test,test/Infiltration/00004461_004.png,7,Infiltration
test,test/Atelectasis/00012045_039.png,0,Atelectasis
test,test/Pneumothorax/00025085_008.png,11,Pneumothorax
test,test/Infiltration/00021201_027.png,7,Infiltration
test,test/Cardiomegaly/00004344_013.png,1,Cardiomegaly
test,test/Edema/00001006_006.png,3,Edema
test,test/Effusion/00003064_038.png,4,Effusion
test,test/Atelectasis/00020434_012.png,0,Atelectasis
test,test/Consolidation/00030079_015.png,2,Consolidation
test,test/Pneumothorax/00019124_088.png,11,Pneumothorax
test,test/Fibrosis/00019606_002.png,6,Fibrosis
test,test/Infiltration/00012021_075.png,7,Infiltration
test,test/Pneumothorax/00016568_024.png,11,Pneumothorax
test,test/Infiltration/00030323_009.png,7,Infiltration
test,test/Cardiomegaly/00006808_012.png,1,Cardiomegaly
test,test/Atelectasis/00014125_025.png,0,Atelectasis
test,test/Nodule/00029820_003.png,9,Nodule
test,test/Nodule/00017098_003.png,9,Nodule
test,test/Atelectasis/00012515_006.png,0,Atelectasis
test,test/Fibrosis/00018203_000.png,6,Fibrosis
test,test/Emphysema/00027368_003.png,5,Emphysema
test,test/Infiltration/00000181_036.png,7,Infiltration
test,test/Pneumonia/00017236_075.png,10,Pneumonia
test,test/Edema/00007018_022.png,3,Edema
test,test/Mass/00011804_011.png,8,Mass
test,test/Mass/00011355_001.png,8,Mass
test,test/Pneumothorax/00007830_002.png,11,Pneumothorax
test,test/Emphysema/00018249_016.png,5,Emphysema
test,test/Fibrosis/00026745_000.png,6,Fibrosis
test,test/Pneumothorax/00019892_008.png,11,Pneumothorax
test,test/Infiltration/00023325_037.png,7,Infiltration
test,test/Pneumonia/00001946_007.png,10,Pneumonia
test,test/Mass/00025529_010.png,8,Mass
test,test/Pneumonia/00012094_009.png,10,Pneumonia
test,test/Effusion/00001437_001.png,4,Effusion
test,test/Pneumonia/00020405_030.png,10,Pneumonia
test,test/Pneumonia/00026753_004.png,10,Pneumonia
test,test/Edema/00012364_079.png,3,Edema
test,test/Infiltration/00018921_031.png,7,Infiltration
test,test/Atelectasis/00018840_006.png,0,Atelectasis
test,test/Consolidation/00000583_061.png,2,Consolidation
test,test/Atelectasis/00005567_020.png,0,Atelectasis
test,test/Fibrosis/00000324_003.png,6,Fibrosis
test,test/Edema/00007018_054.png,3,Edema
test,test/Pneumothorax/00028856_006.png,11,Pneumothorax
test,test/Emphysema/00015646_000.png,5,Emphysema
test,test/Effusion/00009218_035.png,4,Effusion
test,test/Edema/00010012_005.png,3,Edema
test,test/Consolidation/00017606_026.png,2,Consolidation
test,test/Pneumothorax/00008295_021.png,11,Pneumothorax
test,test/Atelectasis/00005066_027.png,0,Atelectasis
test,test/Edema/00001152_003.png,3,Edema
test,test/Emphysema/00019919_011.png,5,Emphysema
test,test/Nodule/00014626_039.png,9,Nodule
test,test/Mass/00016971_037.png,8,Mass
test,test/Infiltration/00013670_025.png,7,Infiltration
test,test/Infiltration/00012834_124.png,7,Infiltration
test,test/Edema/00013625_056.png,3,Edema
test,test/Edema/00027637_004.png,3,Edema
test,test/Nodule/00012834_032.png,9,Nodule
test,test/Pneumonia/00015442_000.png,10,Pneumonia
test,test/Cardiomegaly/00004534_001.png,1,Cardiomegaly
test,test/Consolidation/00012834_100.png,2,Consolidation
test,test/Atelectasis/00016403_003.png,0,Atelectasis
test,test/Pneumothorax/00000013_012.png,11,Pneumothorax
test,test/Atelectasis/00000149_006.png,0,Atelectasis
test,test/Effusion/00015072_019.png,4,Effusion
test,test/Cardiomegaly/00004630_002.png,1,Cardiomegaly
test,test/Effusion/00009218_007.png,4,Effusion
test,test/Pneumothorax/00020318_023.png,11,Pneumothorax
test,test/Infiltration/00009683_004.png,7,Infiltration
test,test/Effusion/00016014_021.png,4,Effusion
test,test/Nodule/00014822_029.png,9,Nodule
test,test/Pneumothorax/00007670_003.png,11,Pneumothorax
test,test/Mass/00011291_006.png,8,Mass
test,test/Effusion/00003028_005.png,4,Effusion
test,test/Emphysema/00015530_086.png,5,Emphysema
test,test/Pneumothorax/00029259_031.png,11,Pneumothorax
test,test/Mass/00027837_003.png,8,Mass
test,test/Edema/00018091_014.png,3,Edema
test,test/Nodule/00019124_026.png,9,Nodule
test,test/Nodule/00029617_010.png,9,Nodule
test,test/Nodule/00014663_002.png,9,Nodule
test,test/Pneumothorax/00018366_042.png,11,Pneumothorax
test,test/Effusion/00002856_008.png,4,Effusion
test,test/Mass/00020437_000.png,8,Mass
test,test/Cardiomegaly/00025969_000.png,1,Cardiomegaly
test,test/Consolidation/00016508_016.png,2,Consolidation
test,test/Infiltration/00003789_003.png,7,Infiltration
test,test/Emphysema/00025612_004.png,5,Emphysema
test,test/Effusion/00010805_036.png,4,Effusion
test,test/Atelectasis/00018412_007.png,0,Atelectasis
test,test/Atelectasis/00019271_064.png,0,Atelectasis
test,test/Pneumothorax/00027817_000.png,11,Pneumothorax
test,test/Consolidation/00023085_003.png,2,Consolidation
test,test/Nodule/00027957_004.png,9,Nodule
test,test/Consolidation/00021201_092.png,2,Consolidation
test,test/Atelectasis/00014839_032.png,0,Atelectasis
test,test/Mass/00012021_005.png,8,Mass
test,test/Infiltration/00030079_064.png,7,Infiltration
test,test/Fibrosis/00003996_011.png,6,Fibrosis
test,test/Atelectasis/00010625_009.png,0,Atelectasis
test,test/Pneumonia/00011702_043.png,10,Pneumonia
test,test/Infiltration/00005117_000.png,7,Infiltration
test,test/Fibrosis/00021352_000.png,6,Fibrosis
test,test/Effusion/00027726_048.png,4,Effusion
test,test/Pneumothorax/00009349_024.png,11,Pneumothorax
test,test/Pneumonia/00001247_011.png,10,Pneumonia
test,test/Consolidation/00020113_008.png,2,Consolidation
test,test/Pneumonia/00030079_018.png,10,Pneumonia
test,test/Pneumothorax/00030636_009.png,11,Pneumothorax
test,test/Pneumothorax/00020772_014.png,11,Pneumothorax
test,test/Atelectasis/00000583_009.png,0,Atelectasis
test,test/Fibrosis/00005567_007.png,6,Fibrosis
test,test/Consolidation/00013615_012.png,2,Consolidation
test,test/Edema/00018187_025.png,3,Edema
test,test/Nodule/00013911_016.png,9,Nodule
test,test/Mass/00016971_013.png,8,Mass
test,test/Cardiomegaly/00004533_017.png,1,Cardiomegaly
test,test/Effusion/00009845_037.png,4,Effusion
test,test/Atelectasis/00003148_004.png,0,Atelectasis
test,test/Consolidation/00030323_017.png,2,Consolidation
test,test/Fibrosis/00013471_026.png,6,Fibrosis
test,test/Mass/00016064_013.png,8,Mass
test,test/Cardiomegaly/00028844_020.png,1,Cardiomegaly
test,test/Nodule/00015649_001.png,9,Nodule
test,test/Fibrosis/00000733_002.png,6,Fibrosis
test,test/Infiltration/00008522_056.png,7,Infiltration
test,test/Fibrosis/00007099_000.png,6,Fibrosis
test,test/Infiltration/00014251_028.png,7,Infiltration
test,test/Mass/00027697_000.png,8,Mass
test,test/Fibrosis/00012765_000.png,6,Fibrosis
test,test/Effusion/00010007_172.png,4,Effusion
test,test/Consolidation/00013750_020.png,2,Consolidation
test,test/Fibrosis/00017199_001.png,6,Fibrosis
test,test/Effusion/00022416_020.png,4,Effusion
test,test/Cardiomegaly/00017511_011.png,1,Cardiomegaly
test,test/Nodule/00005140_000.png,9,Nodule
test,test/Edema/00021277_033.png,3,Edema
test,test/Mass/00014664_005.png,8,Mass
test,test/Atelectasis/00013256_016.png,0,Atelectasis
test,test/Edema/00015100_006.png,3,Edema
test,test/Infiltration/00027464_022.png,7,Infiltration
test,test/Mass/00019634_002.png,8,Mass
test,test/Mass/00009953_020.png,8,Mass
test,test/Mass/00007886_005.png,8,Mass
test,test/Infiltration/00019150_007.png,7,Infiltration
test,test/Consolidation/00022877_027.png,2,Consolidation
test,test/Fibrosis/00030677_000.png,6,Fibrosis
test,test/Cardiomegaly/00002435_000.png,1,Cardiomegaly
test,test/Nodule/00019124_129.png,9,Nodule
test,test/Consolidation/00010709_003.png,2,Consolidation
test,test/Nodule/00023162_002.png,9,Nodule
test,test/Mass/00011804_019.png,8,Mass
test,test/Effusion/00012045_031.png,4,Effusion
test,test/Edema/00014675_004.png,3,Edema
test,test/Effusion/00012834_012.png,4,Effusion
test,test/Consolidation/00010805_003.png,2,Consolidation
test,test/Effusion/00029809_008.png,4,Effusion
test,test/Pneumonia/00009863_059.png,10,Pneumonia
test,test/Emphysema/00017504_056.png,5,Emphysema
test,test/Edema/00020852_022.png,3,Edema
test,test/Infiltration/00004893_056.png,7,Infiltration
test,test/Pneumothorax/00027817_006.png,11,Pneumothorax
test,test/Mass/00013659_005.png,8,Mass
test,test/Consolidation/00026810_048.png,2,Consolidation
test,test/Edema/00014839_026.png,3,Edema
test,test/Fibrosis/00023696_006.png,6,Fibrosis
test,test/Pneumonia/00017138_068.png,10,Pneumonia
test,test/Infiltration/00020482_057.png,7,Infiltration
test,test/Emphysema/00010815_014.png,5,Emphysema
test,test/Pneumonia/00016972_005.png,10,Pneumonia
test,test/Consolidation/00012622_011.png,2,Consolidation
test,test/Pneumonia/00003064_026.png,10,Pneumonia
test,test/Cardiomegaly/00014706_018.png,1,Cardiomegaly
test,test/Pneumonia/00019750_031.png,10,Pneumonia
test,test/Pneumonia/00004344_002.png,10,Pneumonia
test,test/Edema/00008269_006.png,3,Edema
test,test/Mass/00014663_010.png,8,Mass
test,test/Pneumothorax/00016429_001.png,11,Pneumothorax
test,test/Nodule/00020277_002.png,9,Nodule
test,test/Consolidation/00007322_005.png,2,Consolidation
test,test/Infiltration/00013951_000.png,7,Infiltration
test,test/Fibrosis/00016699_000.png,6,Fibrosis
test,test/Edema/00001736_017.png,3,Edema
test,test/Atelectasis/00016191_012.png,0,Atelectasis
test,test/Cardiomegaly/00013249_008.png,1,Cardiomegaly
test,test/Infiltration/00016705_018.png,7,Infiltration
test,test/Cardiomegaly/00004342_007.png,1,Cardiomegaly
test,test/Atelectasis/00025252_012.png,0,Atelectasis
test,test/Atelectasis/00011023_001.png,0,Atelectasis
test,test/Edema/00010012_021.png,3,Edema
test,test/Emphysema/00017747_024.png,5,Emphysema
test,test/Atelectasis/00019271_056.png,0,Atelectasis
test,test/Nodule/00018366_000.png,9,Nodule
test,test/Cardiomegaly/00001373_022.png,1,Cardiomegaly
