split,relative_path,label,class_name
train,train/Mass/00014089_001.png,8,Mass
train,train/Atelectasis/00018217_011.png,0,Atelectasis
train,train/Infiltration/00007286_001.png,7,Infiltration
train,train/Mass/00021539_002.png,8,Mass
train,train/Effusion/00003957_002.png,4,Effusion
train,train/Emphysema/00012718_001.png,5,Emphysema
train,train/Consolidation/00007762_009.png,2,Consolidation
train,train/Cardiomegaly/00018614_009.png,1,Cardiomegaly
train,train/Atelectasis/00019858_002.png,0,Atelectasis
train,train/Emphysema/00027700_003.png,5,Emphysema
train,train/Mass/00015495_006.png,8,Mass
train,train/Pneumothorax/00026597_003.png,11,Pneumothorax
train,train/Pneumonia/00010375_001.png,10,Pneumonia
train,train/Cardiomegaly/00030572_000.png,1,Cardiomegaly
train,train/Atelectasis/00017291_002.png,0,Atelectasis
train,train/Cardiomegaly/00013257_001.png,1,Cardiomegaly
train,train/Pneumothorax/00003215_000.png,11,Pneumothorax
train,train/Cardiomegaly/00012646_008.png,1,Cardiomegaly
train,train/Mass/00025169_004.png,8,Mass
train,train/Nodule/00021942_000.png,9,Nodule
train,train/Pneumonia/00006966_004.png,10,Pneumonia
train,train/Emphysema/00027359_008.png,5,Emphysema
train,train/Atelectasis/00009993_007.png,0,Atelectasis
train,train/Cardiomegaly/00007945_000.png,1,Cardiomegaly
train,train/Pneumothorax/00026546_016.png,11,Pneumothorax
train,train/Atelectasis/00002289_000.png,0,Atelectasis
train,train/Infiltration/00029353_000.png,7,Infiltration
train,train/Nodule/00021403_001.png,9,Nodule
train,train/Infiltration/00020732_000.png,7,Infiltration
train,train/Infiltration/00018972_011.png,7,Infiltration
train,train/Infiltration/00004508_003.png,7,Infiltration
train,train/Fibrosis/00005554_000.png,6,Fibrosis
train,train/Effusion/00030180_000.png,4,Effusion
train,train/Emphysema/00020458_023.png,5,Emphysema
train,train/Infiltration/00020512_000.png,7,Infiltration
train,train/Atelectasis/00010944_001.png,0,Atelectasis
train,train/Infiltration/00026614_000.png,7,Infiltration
train,train/Emphysema/00003515_001.png,5,Emphysema
train,train/Emphysema/00011343_000.png,5,Emphysema
train,train/Effusion/00008362_005.png,4,Effusion
train,train/Consolidation/00007534_034.png,2,Consolidation
train,train/Cardiomegaly/00027415_032.png,1,Cardiomegaly
train,train/Mass/00016240_008.png,8,Mass
train,train/Infiltration/00021792_000.png,7,Infiltration
train,train/Pneumothorax/00005520_005.png,11,Pneumothorax
train,train/Effusion/00012193_005.png,4,Effusion
train,train/Nodule/00019754_004.png,9,Nodule
train,train/Atelectasis/00021197_003.png,0,Atelectasis
train,train/Cardiomegaly/00001249_010.png,1,Cardiomegaly
train,train/Nodule/00011517_000.png,9,Nodule
train,train/Edema/00016991_011.png,3,Edema
train,train/Pneumonia/00027508_001.png,10,Pneumonia
train,train/Pneumonia/00027539_001.png,10,Pneumonia
train,train/Emphysema/00002843_007.png,5,Emphysema
train,train/Infiltration/00028424_000.png,7,Infiltration
train,train/Pneumonia/00014405_001.png,10,Pneumonia
train,train/Effusion/00022975_004.png,4,Effusion
train,train/Pneumothorax/00014530_006.png,11,Pneumothorax
train,train/Fibrosis/00014644_000.png,6,Fibrosis
train,train/Infiltration/00026066_000.png,7,Infiltration
train,train/Infiltration/00028519_000.png,7,Infiltration
train,train/Atelectasis/00016042_005.png,0,Atelectasis
train,train/Emphysema/00004440_001.png,5,Emphysema
train,train/Infiltration/00021757_000.png,7,Infiltration
train,train/Edema/00015376_024.png,3,Edema
train,train/Consolidation/00008806_004.png,2,Consolidation
train,train/Fibrosis/00019471_000.png,6,Fibrosis
train,train/Pneumothorax/00025119_000.png,11,Pneumothorax
train,train/Fibrosis/00001029_016.png,6,Fibrosis
train,train/Cardiomegaly/00011516_001.png,1,Cardiomegaly
train,train/Infiltration/00025522_000.png,7,Infiltration
train,train/Fibrosis/00030662_000.png,6,Fibrosis
train,train/Consolidation/00019643_029.png,2,Consolidation
train,train/Fibrosis/00004833_001.png,6,Fibrosis
train,train/Nodule/00007252_000.png,9,Nodule
train,train/Pneumonia/00026806_000.png,10,Pneumonia
train,train/Mass/00017478_000.png,8,Mass
train,train/Nodule/00030679_000.png,9,Nodule
train,train/Cardiomegaly/00005641_000.png,1,Cardiomegaly
train,train/Cardiomegaly/00029876_002.png,1,Cardiomegaly
train,train/Mass/00010531_003.png,8,Mass
train,train/Cardiomegaly/00011190_000.png,1,Cardiomegaly
train,train/Effusion/00003186_002.png,4,Effusion
train,train/Pneumonia/00005673_003.png,10,Pneumonia
train,train/Pneumothorax/00029866_016.png,11,Pneumothorax
train,train/Pneumonia/00012761_007.png,10,Pneumonia
train,train/Fibrosis/00004126_001.png,6,Fibrosis
train,train/Pneumonia/00010384_035.png,10,Pneumonia
train,train/Mass/00005298_012.png,8,Mass
train,train/Consolidation/00011140_017.png,2,Consolidation
train,train/Consolidation/00005626_007.png,2,Consolidation
train,train/Fibrosis/00011708_001.png,6,Fibrosis
train,train/Pneumonia/00003950_002.png,10,Pneumonia
train,train/Pneumonia/00022952_003.png,10,Pneumonia
train,train/Effusion/00016467_000.png,4,Effusion
train,train/Fibrosis/00002873_000.png,6,Fibrosis
train,train/Nodule/00006631_005.png,9,Nodule
train,train/Infiltration/00022809_000.png,7,Infiltration
train,train/Consolidation/00000798_021.png,2,Consolidation
train,train/Fibrosis/00018362_018.png,6,Fibrosis
train,train/Fibrosis/00002643_000.png,6,Fibrosis
train,train/Pneumothorax/00010032_006.png,11,Pneumothorax
train,train/Pneumothorax/00020773_006.png,11,Pneumothorax
train,train/Effusion/00013567_009.png,4,Effusion
train,train/Edema/00021970_003.png,3,Edema
train,train/Cardiomegaly/00026514_000.png,1,Cardiomegaly
train,train/Pneumothorax/00016772_011.png,11,Pneumothorax
train,train/Fibrosis/00008252_002.png,6,Fibrosis
train,train/Consolidation/00027017_002.png,2,Consolidation
train,train/Atelectasis/00029470_006.png,0,Atelectasis
train,train/Consolidation/00011062_005.png,2,Consolidation
train,train/Pneumothorax/00026190_005.png,11,Pneumothorax
train,train/Cardiomegaly/00009798_015.png,1,Cardiomegaly
train,train/Infiltration/00021572_004.png,7,Infiltration
train,train/Pneumonia/00015273_000.png,10,Pneumonia
train,train/Mass/00007076_025.png,8,Mass
train,train/Nodule/00017470_000.png,9,Nodule
train,train/Mass/00026701_000.png,8,Mass
train,train/Nodule/00010137_000.png,9,Nodule
train,train/Consolidation/00028357_021.png,2,Consolidation
train,train/Edema/00020928_014.png,3,Edema
train,train/Emphysema/00008959_000.png,5,Emphysema
train,train/Pneumonia/00014072_002.png,10,Pneumonia
train,train/Infiltration/00022571_001.png,7,Infiltration
train,train/Fibrosis/00002649_002.png,6,Fibrosis
train,train/Pneumonia/00016425_000.png,10,Pneumonia
train,train/Atelectasis/00010635_000.png,0,Atelectasis
train,train/Nodule/00018104_008.png,9,Nodule
train,train/Pneumonia/00014201_008.png,10,Pneumonia
train,train/Infiltration/00015647_027.png,7,Infiltration
train,train/Emphysema/00011481_002.png,5,Emphysema
train,train/Fibrosis/00007507_000.png,6,Fibrosis
train,train/Consolidation/00019395_009.png,2,Consolidation
train,train/Pneumothorax/00025800_003.png,11,Pneumothorax
train,train/Mass/00018373_001.png,8,Mass
train,train/Nodule/00020505_006.png,9,Nodule
train,train/Atelectasis/00000707_003.png,0,Atelectasis
train,train/Nodule/00028947_000.png,9,Nodule
train,train/Infiltration/00011144_022.png,7,Infiltration
train,train/Nodule/00028963_002.png,9,Nodule
train,train/Fibrosis/00026956_004.png,6,Fibrosis
train,train/Pneumonia/00021399_000.png,10,Pneumonia
train,train/Mass/00025630_000.png,8,Mass
train,train/Mass/00007731_002.png,8,Mass
train,train/Mass/00018808_002.png,8,Mass
train,train/Pneumothorax/00012233_008.png,11,Pneumothorax
train,train/Cardiomegaly/00028871_001.png,1,Cardiomegaly
train,train/Atelectasis/00004530_002.png,0,Atelectasis
train,train/Effusion/00013216_005.png,4,Effusion
train,train/Infiltration/00006605_004.png,7,Infiltration
train,train/Effusion/00028392_004.png,4,Effusion
train,train/Consolidation/00020340_010.png,2,Consolidation
train,train/Atelectasis/00010653_001.png,0,Atelectasis
train,train/Emphysema/00006604_001.png,5,Emphysema
train,train/Atelectasis/00013620_013.png,0,Atelectasis
train,train/Emphysema/00005757_000.png,5,Emphysema
train,train/Pneumonia/00014647_005.png,10,Pneumonia
train,train/Fibrosis/00000573_004.png,6,Fibrosis
train,train/Emphysema/00003614_000.png,5,Emphysema
train,train/Consolidation/00013457_000.png,2,Consolidation
train,train/Cardiomegaly/00027274_000.png,1,Cardiomegaly
train,train/Pneumothorax/00014406_004.png,11,Pneumothorax
train,train/Effusion/00022566_003.png,4,Effusion
train,train/Pneumonia/00015734_000.png,10,Pneumonia
train,train/Nodule/00015115_004.png,9,Nodule
train,train/Cardiomegaly/00005213_000.png,1,Cardiomegaly
train,train/Mass/00006543_000.png,8,Mass
train,train/Fibrosis/00020377_000.png,6,Fibrosis
train,train/Emphysema/00000254_002.png,5,Emphysema
train,train/Emphysema/00005132_002.png,5,Emphysema
train,train/Infiltration/00002836_000.png,7,Infiltration
train,train/Atelectasis/00003843_000.png,0,Atelectasis
train,train/Consolidation/00016410_058.png,2,Consolidation
train,train/Cardiomegaly/00017980_001.png,1,Cardiomegaly
train,train/Consolidation/00012355_004.png,2,Consolidation
train,train/Infiltration/00007576_036.png,7,Infiltration
train,train/Edema/00010887_027.png,3,Edema
train,train/Emphysema/00025650_002.png,5,Emphysema
train,train/Pneumonia/00018926_001.png,10,Pneumonia
train,train/Pneumothorax/00016772_024.png,11,Pneumothorax
train,train/Edema/00007332_001.png,3,Edema
train,train/Atelectasis/00005773_005.png,0,Atelectasis
train,train/Cardiomegaly/00010785_000.png,1,Cardiomegaly
train,train/Atelectasis/00027492_006.png,0,Atelectasis
train,train/Fibrosis/00000524_002.png,6,Fibrosis
train,train/Effusion/00010994_009.png,4,Effusion
train,train/Consolidation/00011299_000.png,2,Consolidation
train,train/Effusion/00013601_024.png,4,Effusion
train,train/Edema/00028020_007.png,3,Edema
train,train/Mass/00017819_001.png,8,Mass
train,train/Fibrosis/00002820_000.png,6,Fibrosis
train,train/Mass/00009764_001.png,8,Mass
train,train/Atelectasis/00004539_000.png,0,Atelectasis
train,train/Pneumonia/00010761_002.png,10,Pneumonia
train,train/Nodule/00028535_006.png,9,Nodule
train,train/Nodule/00003896_001.png,9,Nodule
train,train/Emphysema/00001428_000.png,5,Emphysema
train,train/Mass/00021499_018.png,8,Mass
train,train/Infiltration/00006527_002.png,7,Infiltration
train,train/Pneumothorax/00010680_000.png,11,Pneumothorax
train,train/Fibrosis/00001429_010.png,6,Fibrosis
train,train/Atelectasis/00018100_011.png,0,Atelectasis
train,train/Atelectasis/00021252_005.png,0,Atelectasis
train,train/Pneumothorax/00029903_019.png,11,Pneumothorax
train,train/Atelectasis/00005683_002.png,0,Atelectasis
train,train/Nodule/00018559_000.png,9,Nodule
train,train/Emphysema/00008468_035.png,5,Emphysema
train,train/Pneumonia/00026938_000.png,10,Pneumonia
train,train/Infiltration/00021677_000.png,7,Infiltration
train,train/Fibrosis/00016265_002.png,6,Fibrosis
train,train/Pneumonia/00016205_000.png,10,Pneumonia
train,train/Emphysema/00001233_000.png,5,Emphysema
train,train/Mass/00006827_004.png,8,Mass
train,train/Fibrosis/00008864_007.png,6,Fibrosis
train,train/Fibrosis/00021048_000.png,6,Fibrosis
train,train/Atelectasis/00005778_018.png,0,Atelectasis
train,train/Cardiomegaly/00015410_000.png,1,Cardiomegaly
train,train/Pneumonia/00009081_000.png,10,Pneumonia
train,train/Pneumothorax/00003527_006.png,11,Pneumothorax
train,train/Fibrosis/00010545_000.png,6,Fibrosis
train,train/Pneumothorax/00027391_003.png,11,Pneumothorax
train,train/Effusion/00013613_009.png,4,Effusion
train,train/Fibrosis/00024226_002.png,6,Fibrosis
train,train/Cardiomegaly/00005641_001.png,1,Cardiomegaly
train,train/Atelectasis/00030337_000.png,0,Atelectasis
train,train/Cardiomegaly/00012646_015.png,1,Cardiomegaly
train,train/Effusion/00001847_004.png,4,Effusion
train,train/Nodule/00026878_000.png,9,Nodule
train,train/Cardiomegaly/00010728_000.png,1,Cardiomegaly
train,train/Infiltration/00001385_020.png,7,Infiltration
train,train/Fibrosis/00001229_000.png,6,Fibrosis
train,train/Pneumonia/00026629_006.png,10,Pneumonia
train,train/Consolidation/00017424_012.png,2,Consolidation
train,train/Pneumonia/00011966_006.png,10,Pneumonia
train,train/Pneumothorax/00003468_001.png,11,Pneumothorax
train,train/Infiltration/00026543_005.png,7,Infiltration
train,train/Pneumonia/00017254_000.png,10,Pneumonia
train,train/Cardiomegaly/00027334_000.png,1,Cardiomegaly
train,train/Cardiomegaly/00027953_000.png,1,Cardiomegaly
train,train/Edema/00026833_003.png,3,Edema
train,train/Pneumothorax/00002685_002.png,11,Pneumothorax
train,train/Effusion/00002744_001.png,4,Effusion
train,train/Pneumothorax/00003337_003.png,11,Pneumothorax
train,train/Pneumonia/00012158_025.png,10,Pneumonia
train,train/Edema/00005195_002.png,3,Edema
train,train/Consolidation/00005626_005.png,2,Consolidation
train,train/Effusion/00004605_019.png,4,Effusion
train,train/Fibrosis/00006505_000.png,6,Fibrosis
train,train/Mass/00006380_000.png,8,Mass
train,train/Cardiomegaly/00004007_004.png,1,Cardiomegaly
train,train/Cardiomegaly/00003395_005.png,1,Cardiomegaly
train,train/Infiltration/00015929_005.png,7,Infiltration
train,train/Mass/00018331_000.png,8,Mass
train,train/Nodule/00017978_000.png,9,Nodule
train,train/Mass/00028654_001.png,8,Mass
train,train/Effusion/00012628_026.png,4,Effusion
train,train/Fibrosis/00000529_000.png,6,Fibrosis
train,train/Pneumonia/00019865_013.png,10,Pneumonia
train,train/Pneumothorax/00021865_000.png,11,Pneumothorax
train,train/Pneumonia/00027775_004.png,10,Pneumonia
train,train/Pneumothorax/00008919_003.png,11,Pneumothorax
train,train/Emphysema/00008271_000.png,5,Emphysema
train,train/Effusion/00013966_002.png,4,Effusion
train,train/Pneumonia/00014414_007.png,10,Pneumonia
train,train/Consolidation/00013617_000.png,2,Consolidation
train,train/Pneumonia/00001992_002.png,10,Pneumonia
train,train/Pneumothorax/00003026_001.png,11,Pneumothorax
train,train/Mass/00012610_006.png,8,Mass
train,train/Fibrosis/00015122_003.png,6,Fibrosis
train,train/Emphysema/00005566_003.png,5,Emphysema
train,train/Atelectasis/00011868_003.png,0,Atelectasis
train,train/Edema/00030038_013.png,3,Edema
train,train/Cardiomegaly/00006386_007.png,1,Cardiomegaly
train,train/Nodule/00004544_004.png,9,Nodule
train,train/Edema/00004090_002.png,3,Edema
train,train/Nodule/00029207_000.png,9,Nodule
train,train/Atelectasis/00009621_001.png,0,Atelectasis
train,train/Fibrosis/00002285_002.png,6,Fibrosis
train,train/Edema/00026925_015.png,3,Edema
train,train/Fibrosis/00012778_000.png,6,Fibrosis
train,train/Pneumothorax/00014314_003.png,11,Pneumothorax
train,train/Edema/00025645_004.png,3,Edema
train,train/Emphysema/00026986_002.png,5,Emphysema
train,train/Cardiomegaly/00002491_006.png,1,Cardiomegaly
train,train/Nodule/00003101_003.png,9,Nodule
train,train/Nodule/00027871_000.png,9,Nodule
train,train/Cardiomegaly/00008738_000.png,1,Cardiomegaly
train,train/Mass/00022948_003.png,8,Mass
train,train/Fibrosis/00017109_000.png,6,Fibrosis
train,train/Mass/00012804_001.png,8,Mass
train,train/Nodule/00007605_000.png,9,Nodule
train,train/Nodule/00012921_000.png,9,Nodule
train,train/Pneumonia/00019895_002.png,10,Pneumonia
train,train/Infiltration/00015628_002.png,7,Infiltration
train,train/Consolidation/00005026_002.png,2,Consolidation
train,train/Cardiomegaly/00006920_004.png,1,Cardiomegaly
train,train/Nodule/00001040_001.png,9,Nodule
train,train/Consolidation/00011798_000.png,2,Consolidation
train,train/Mass/00011943_002.png,8,Mass
train,train/Consolidation/00023296_003.png,2,Consolidation
train,train/Atelectasis/00008691_012.png,0,Atelectasis
train,train/Pneumonia/00009305_002.png,10,Pneumonia
train,train/Infiltration/00023256_000.png,7,Infiltration
train,train/Infiltration/00002398_000.png,7,Infiltration
train,train/Emphysema/00007683_005.png,5,Emphysema
train,train/Edema/00013002_011.png,3,Edema
train,train/Atelectasis/00010590_006.png,0,Atelectasis
train,train/Pneumothorax/00021611_003.png,11,Pneumothorax
train,train/Pneumothorax/00015581_011.png,11,Pneumothorax
train,train/Infiltration/00023170_002.png,7,Infiltration
train,train/Pneumothorax/00006605_026.png,11,Pneumothorax
train,train/Infiltration/00013156_001.png,7,Infiltration
train,train/Fibrosis/00021136_000.png,6,Fibrosis
train,train/Edema/00015942_002.png,3,Edema
train,train/Emphysema/00030615_001.png,5,Emphysema
train,train/Edema/00013641_006.png,3,Edema
train,train/Mass/00004104_000.png,8,Mass
train,train/Atelectasis/00019547_011.png,0,Atelectasis
train,train/Pneumonia/00013818_000.png,10,Pneumonia
train,train/Emphysema/00009716_002.png,5,Emphysema
train,train/Consolidation/00006906_023.png,2,Consolidation
train,train/Emphysema/00014543_001.png,5,Emphysema
train,train/Cardiomegaly/00018614_004.png,1,Cardiomegaly
train,train/Effusion/00025625_002.png,4,Effusion
train,train/Nodule/00021759_002.png,9,Nodule
train,train/Cardiomegaly/00004606_000.png,1,Cardiomegaly
train,train/Atelectasis/00000954_006.png,0,Atelectasis
train,train/Effusion/00022481_008.png,4,Effusion
train,train/Pneumonia/00025624_000.png,10,Pneumonia
train,train/Nodule/00012594_001.png,9,Nodule
train,train/Mass/00025158_000.png,8,Mass
train,train/Effusion/00014355_008.png,4,Effusion
train,train/Cardiomegaly/00028412_000.png,1,Cardiomegaly
train,train/Mass/00011654_001.png,8,Mass
train,train/Cardiomegaly/00015768_004.png,1,Cardiomegaly
train,train/Pneumothorax/00003468_011.png,11,Pneumothorax
train,train/Infiltration/00008081_015.png,7,Infiltration
train,train/Cardiomegaly/00013184_001.png,1,Cardiomegaly
train,train/Nodule/00028421_005.png,9,Nodule
train,train/Cardiomegaly/00013703_001.png,1,Cardiomegaly
train,train/Cardiomegaly/00022741_000.png,1,Cardiomegaly
train,train/Pneumothorax/00000275_003.png,11,Pneumothorax
train,train/Consolidation/00019785_022.png,2,Consolidation
train,train/Nodule/00022457_010.png,9,Nodule
train,train/Edema/00027045_002.png,3,Edema
train,train/Pneumonia/00018198_004.png,10,Pneumonia
train,train/Infiltration/00029883_007.png,7,Infiltration
train,train/Nodule/00002527_000.png,9,Nodule
train,train/Emphysema/00014705_007.png,5,Emphysema
train,train/Nodule/00004582_005.png,9,Nodule
train,train/Fibrosis/00008490_005.png,6,Fibrosis
train,train/Infiltration/00027804_000.png,7,Infiltration
train,train/Nodule/00006233_000.png,9,Nodule
train,train/Pneumonia/00026179_003.png,10,Pneumonia
train,train/Consolidation/00010261_002.png,2,Consolidation
train,train/Nodule/00007038_005.png,9,Nodule
train,train/Atelectasis/00006968_004.png,0,Atelectasis
train,train/Nodule/00002144_000.png,9,Nodule
train,train/Cardiomegaly/00004843_003.png,1,Cardiomegaly
train,train/Emphysema/00016772_015.png,5,Emphysema
train,train/Emphysema/00021808_005.png,5,Emphysema
train,train/Infiltration/00010727_003.png,7,Infiltration
train,train/Consolidation/00022065_023.png,2,Consolidation
train,train/Infiltration/00011021_008.png,7,Infiltration
train,train/Edema/00025189_011.png,3,Edema
train,train/Fibrosis/00008490_004.png,6,Fibrosis
train,train/Emphysema/00029646_000.png,5,Emphysema
train,train/Cardiomegaly/00007510_000.png,1,Cardiomegaly
train,train/Atelectasis/00025746_014.png,0,Atelectasis
train,train/Infiltration/00029897_001.png,7,Infiltration
train,train/Nodule/00022418_001.png,9,Nodule
train,train/Emphysema/00008168_000.png,5,Emphysema
train,train/Fibrosis/00011376_000.png,6,Fibrosis
train,train/Consolidation/00010294_035.png,2,Consolidation
train,train/Nodule/00004279_000.png,9,Nodule
train,train/Infiltration/00018226_000.png,7,Infiltration
train,train/Effusion/00020286_023.png,4,Effusion
train,train/Emphysema/00019894_009.png,5,Emphysema
train,train/Pneumonia/00012733_000.png,10,Pneumonia
train,train/Consolidation/00014721_017.png,2,Consolidation
train,train/Fibrosis/00016998_000.png,6,Fibrosis
train,train/Atelectasis/00004148_001.png,0,Atelectasis
train,train/Emphysema/00015556_006.png,5,Emphysema
train,train/Fibrosis/00004409_000.png,6,Fibrosis
train,train/Consolidation/00011140_016.png,2,Consolidation
train,train/Pneumonia/00018191_003.png,10,Pneumonia
train,train/Effusion/00002843_014.png,4,Effusion
train,train/Nodule/00020156_003.png,9,Nodule
train,train/Fibrosis/00012536_000.png,6,Fibrosis
train,train/Atelectasis/00001512_003.png,0,Atelectasis
train,train/Cardiomegaly/00000330_000.png,1,Cardiomegaly
train,train/Nodule/00008249_000.png,9,Nodule
train,train/Pneumothorax/00028256_004.png,11,Pneumothorax
train,train/Infiltration/00023260_000.png,7,Infiltration
train,train/Effusion/00011915_008.png,4,Effusion
train,train/Mass/00020027_000.png,8,Mass
train,train/Pneumothorax/00002251_009.png,11,Pneumothorax
train,train/Nodule/00012704_010.png,9,Nodule
train,train/Atelectasis/00002420_001.png,0,Atelectasis
train,train/Pneumonia/00003211_000.png,10,Pneumonia
train,train/Fibrosis/00017757_006.png,6,Fibrosis
train,train/Edema/00002655_003.png,3,Edema
train,train/Atelectasis/00004299_005.png,0,Atelectasis
train,train/Edema/00004299_011.png,3,Edema
train,train/Consolidation/00010531_004.png,2,Consolidation
train,train/Effusion/00006044_008.png,4,Effusion
train,train/Fibrosis/00022207_004.png,6,Fibrosis
train,train/Fibrosis/00010042_009.png,6,Fibrosis
train,train/Atelectasis/00001268_004.png,0,Atelectasis
train,train/Consolidation/00017110_024.png,2,Consolidation
train,train/Cardiomegaly/00006850_023.png,1,Cardiomegaly
train,train/Nodule/00015568_002.png,9,Nodule
train,train/Mass/00016086_000.png,8,Mass
train,train/Effusion/00007564_000.png,4,Effusion
train,train/Consolidation/00021182_003.png,2,Consolidation
train,train/Nodule/00017089_006.png,9,Nodule
train,train/Pneumonia/00014234_000.png,10,Pneumonia
train,train/Atelectasis/00021552_009.png,0,Atelectasis
train,train/Cardiomegaly/00028005_000.png,1,Cardiomegaly
train,train/Edema/00029839_003.png,3,Edema
train,train/Atelectasis/00018044_035.png,0,Atelectasis
train,train/Edema/00010627_000.png,3,Edema
train,train/Emphysema/00020085_010.png,5,Emphysema
train,train/Fibrosis/00000963_017.png,6,Fibrosis
train,train/Nodule/00008951_001.png,9,Nodule
train,train/Effusion/00012132_001.png,4,Effusion
train,train/Fibrosis/00000388_000.png,6,Fibrosis
train,train/Atelectasis/00007864_000.png,0,Atelectasis
train,train/Nodule/00005094_015.png,9,Nodule
train,train/Atelectasis/00008518_010.png,0,Atelectasis
train,train/Atelectasis/00005299_000.png,0,Atelectasis
train,train/Cardiomegaly/00015693_002.png,1,Cardiomegaly
train,train/Pneumothorax/00028256_001.png,11,Pneumothorax
train,train/Fibrosis/00004875_000.png,6,Fibrosis
train,train/Emphysema/00013005_000.png,5,Emphysema
train,train/Edema/00003534_037.png,3,Edema
train,train/Consolidation/00028939_007.png,2,Consolidation
train,train/Pneumothorax/00018960_001.png,11,Pneumothorax
train,train/Effusion/00017541_015.png,4,Effusion
train,train/Consolidation/00000491_000.png,2,Consolidation
train,train/Pneumothorax/00005520_007.png,11,Pneumothorax
train,train/Cardiomegaly/00027374_000.png,1,Cardiomegaly
train,train/Pneumothorax/00019680_001.png,11,Pneumothorax
train,train/Edema/00011632_018.png,3,Edema
train,train/Pneumothorax/00001583_003.png,11,Pneumothorax
train,train/Effusion/00026828_010.png,4,Effusion
train,train/Pneumonia/00021572_017.png,10,Pneumonia
train,train/Infiltration/00030471_001.png,7,Infiltration
train,train/Pneumothorax/00008535_006.png,11,Pneumothorax
train,train/Fibrosis/00012543_005.png,6,Fibrosis
train,train/Cardiomegaly/00021186_001.png,1,Cardiomegaly
train,train/Mass/00027136_000.png,8,Mass
train,train/Atelectasis/00004618_000.png,0,Atelectasis
train,train/Pneumothorax/00003337_001.png,11,Pneumothorax
train,train/Pneumothorax/00019243_000.png,11,Pneumothorax
train,train/Consolidation/00010531_005.png,2,Consolidation
train,train/Effusion/00018042_002.png,4,Effusion
train,train/Fibrosis/00006342_002.png,6,Fibrosis
train,train/Atelectasis/00006057_002.png,0,Atelectasis
train,train/Emphysema/00007342_000.png,5,Emphysema
train,train/Emphysema/00000086_001.png,5,Emphysema
train,train/Nodule/00016404_010.png,9,Nodule
train,train/Emphysema/00016410_051.png,5,Emphysema
train,train/Mass/00006817_000.png,8,Mass
train,train/Pneumothorax/00017046_013.png,11,Pneumothorax
train,train/Edema/00006446_007.png,3,Edema
train,train/Effusion/00025360_005.png,4,Effusion
train,train/Effusion/00000761_000.png,4,Effusion
train,train/Nodule/00018591_004.png,9,Nodule
train,train/Edema/00026232_004.png,3,Edema
train,train/Nodule/00024454_000.png,9,Nodule
train,train/Mass/00004302_000.png,8,Mass
train,train/Mass/00015214_003.png,8,Mass
train,train/Emphysema/00000381_001.png,5,Emphysema
train,train/Pneumonia/00018996_002.png,10,Pneumonia
train,train/Pneumothorax/00008708_011.png,11,Pneumothorax
train,train/Consolidation/00029160_000.png,2,Consolidation
train,train/Cardiomegaly/00019010_001.png,1,Cardiomegaly
train,train/Mass/00007416_001.png,8,Mass
train,train/Consolidation/00007534_032.png,2,Consolidation
train,train/Infiltration/00027472_000.png,7,Infiltration
train,train/Consolidation/00006832_002.png,2,Consolidation
train,train/Infiltration/00000459_010.png,7,Infiltration
train,train/Pneumonia/00007699_003.png,10,Pneumonia
train,train/Nodule/00019231_003.png,9,Nodule
train,train/Atelectasis/00016109_013.png,0,Atelectasis
train,train/Infiltration/00001814_008.png,7,Infiltration
train,train/Atelectasis/00018560_000.png,0,Atelectasis
train,train/Mass/00013917_022.png,8,Mass
train,train/Nodule/00005218_028.png,9,Nodule
train,train/Cardiomegaly/00018837_002.png,1,Cardiomegaly
train,train/Pneumonia/00015806_003.png,10,Pneumonia
train,train/Cardiomegaly/00002434_001.png,1,Cardiomegaly
train,train/Pneumonia/00006296_032.png,10,Pneumonia
train,train/Emphysema/00011420_007.png,5,Emphysema
train,train/Pneumothorax/00019773_006.png,11,Pneumothorax
train,train/Pneumonia/00005639_003.png,10,Pneumonia
train,train/Consolidation/00013966_010.png,2,Consolidation
train,train/Cardiomegaly/00015414_003.png,1,Cardiomegaly
train,train/Cardiomegaly/00007740_000.png,1,Cardiomegaly
train,train/Edema/00018724_023.png,3,Edema
train,train/Cardiomegaly/00022794_000.png,1,Cardiomegaly
train,train/Edema/00000938_002.png,3,Edema
train,train/Effusion/00006683_002.png,4,Effusion
train,train/Pneumonia/00011147_000.png,10,Pneumonia
train,train/Emphysema/00029692_000.png,5,Emphysema
train,train/Cardiomegaly/00011760_001.png,1,Cardiomegaly
train,train/Nodule/00000949_004.png,9,Nodule
train,train/Consolidation/00008518_009.png,2,Consolidation
train,train/Consolidation/00000627_030.png,2,Consolidation
train,train/Atelectasis/00012586_000.png,0,Atelectasis
train,train/Edema/00011816_006.png,3,Edema
train,train/Pneumonia/00021627_007.png,10,Pneumonia
train,train/Mass/00027299_006.png,8,Mass
train,train/Infiltration/00015573_001.png,7,Infiltration
train,train/Consolidation/00008369_000.png,2,Consolidation
train,train/Edema/00004338_003.png,3,Edema
train,train/Cardiomegaly/00009407_000.png,1,Cardiomegaly
train,train/Pneumonia/00017005_000.png,10,Pneumonia
train,train/Edema/00015193_007.png,3,Edema
train,train/Infiltration/00030580_000.png,7,Infiltration
train,train/Infiltration/00018362_004.png,7,Infiltration
train,train/Pneumonia/00011882_000.png,10,Pneumonia
train,train/Pneumonia/00028301_000.png,10,Pneumonia
train,train/Effusion/00002524_013.png,4,Effusion
train,train/Edema/00020458_017.png,3,Edema
train,train/Consolidation/00005224_002.png,2,Consolidation
train,train/Nodule/00022417_001.png,9,Nodule
train,train/Consolidation/00012880_006.png,2,Consolidation
train,train/Mass/00000416_008.png,8,Mass
train,train/Edema/00022767_000.png,3,Edema
train,train/Edema/00014081_002.png,3,Edema
train,train/Consolidation/00010199_001.png,2,Consolidation
train,train/Edema/00005184_000.png,3,Edema
train,train/Cardiomegaly/00025754_000.png,1,Cardiomegaly
train,train/Pneumothorax/00001756_011.png,11,Pneumothorax
train,train/Consolidation/00012028_003.png,2,Consolidation
train,train/Infiltration/00019176_025.png,7,Infiltration
train,train/Pneumothorax/00011350_002.png,11,Pneumothorax
train,train/Mass/00013626_000.png,8,Mass
train,train/Emphysema/00010896_001.png,5,Emphysema
train,train/Cardiomegaly/00018462_000.png,1,Cardiomegaly
train,train/Infiltration/00017906_024.png,7,Infiltration
train,train/Emphysema/00001944_001.png,5,Emphysema
train,train/Emphysema/00025849_058.png,5,Emphysema
train,train/Consolidation/00004738_000.png,2,Consolidation
train,train/Consolidation/00003981_014.png,2,Consolidation
train,train/Pneumothorax/00014032_013.png,11,Pneumothorax
train,train/Emphysema/00004587_000.png,5,Emphysema
train,train/Pneumonia/00009798_016.png,10,Pneumonia
train,train/Edema/00005722_051.png,3,Edema
train,train/Consolidation/00003826_002.png,2,Consolidation
train,train/Edema/00015190_005.png,3,Edema
train,train/Effusion/00026825_014.png,4,Effusion
train,train/Nodule/00014558_011.png,9,Nodule
train,train/Pneumothorax/00008156_000.png,11,Pneumothorax
train,train/Infiltration/00025072_000.png,7,Infiltration
train,train/Fibrosis/00014016_000.png,6,Fibrosis
train,train/Infiltration/00009168_001.png,7,Infiltration
train,train/Edema/00000459_034.png,3,Edema
train,train/Pneumonia/00015977_002.png,10,Pneumonia
train,train/Emphysema/00011347_000.png,5,Emphysema
train,train/Infiltration/00020204_001.png,7,Infiltration
train,train/Consolidation/00001952_010.png,2,Consolidation
train,train/Consolidation/00020471_002.png,2,Consolidation
train,train/Fibrosis/00015628_027.png,6,Fibrosis
train,train/Edema/00014904_003.png,3,Edema
train,train/Infiltration/00027450_000.png,7,Infiltration
train,train/Consolidation/00021770_008.png,2,Consolidation
train,train/Edema/00011481_017.png,3,Edema
train,train/Emphysema/00000296_001.png,5,Emphysema
train,train/Effusion/00021041_005.png,4,Effusion
train,train/Consolidation/00006517_004.png,2,Consolidation
train,train/Edema/00013342_007.png,3,Edema
train,train/Pneumothorax/00008462_005.png,11,Pneumothorax
train,train/Effusion/00015647_003.png,4,Effusion
train,train/Infiltration/00025849_000.png,7,Infiltration
train,train/Effusion/00023223_000.png,4,Effusion
train,train/Pneumothorax/00011379_023.png,11,Pneumothorax
train,train/Consolidation/00029147_002.png,2,Consolidation
train,train/Infiltration/00019142_008.png,7,Infiltration
train,train/Edema/00016410_009.png,3,Edema
train,train/Consolidation/00018052_003.png,2,Consolidation
train,train/Consolidation/00030640_000.png,2,Consolidation
train,train/Infiltration/00004425_004.png,7,Infiltration
train,train/Pneumonia/00016825_000.png,10,Pneumonia
train,train/Mass/00029196_001.png,8,Mass
train,train/Consolidation/00025110_016.png,2,Consolidation
train,train/Pneumothorax/00029863_021.png,11,Pneumothorax
train,train/Mass/00013467_001.png,8,Mass
train,train/Infiltration/00010379_002.png,7,Infiltration
train,train/Emphysema/00002935_000.png,5,Emphysema
train,train/Pneumonia/00021016_000.png,10,Pneumonia
train,train/Pneumonia/00013070_000.png,10,Pneumonia
train,train/Nodule/00021901_000.png,9,Nodule
train,train/Atelectasis/00027775_003.png,0,Atelectasis
train,train/Pneumothorax/00011379_041.png,11,Pneumothorax
train,train/Cardiomegaly/00004775_000.png,1,Cardiomegaly
train,train/Fibrosis/00028175_000.png,6,Fibrosis
train,train/Emphysema/00001701_004.png,5,Emphysema
train,train/Mass/00007936_000.png,8,Mass
train,train/Emphysema/00027700_007.png,5,Emphysema
train,train/Pneumonia/00017652_000.png,10,Pneumonia
train,train/Mass/00015167_000.png,8,Mass
train,train/Mass/00014609_000.png,8,Mass
train,train/Nodule/00012461_000.png,9,Nodule
train,train/Consolidation/00014958_012.png,2,Consolidation
train,train/Effusion/00013894_015.png,4,Effusion
train,train/Infiltration/00024856_000.png,7,Infiltration
train,train/Mass/00005935_005.png,8,Mass
train,train/Mass/00016871_001.png,8,Mass
train,train/Atelectasis/00022032_003.png,0,Atelectasis
train,train/Infiltration/00016638_004.png,7,Infiltration
train,train/Fibrosis/00010406_004.png,6,Fibrosis
train,train/Pneumonia/00014647_009.png,10,Pneumonia
train,train/Emphysema/00016200_000.png,5,Emphysema
train,train/Edema/00004925_008.png,3,Edema
train,train/Atelectasis/00022329_000.png,0,Atelectasis
train,train/Nodule/00003805_001.png,9,Nodule
train,train/Edema/00016715_010.png,3,Edema
train,train/Emphysema/00010814_001.png,5,Emphysema
train,train/Effusion/00022544_000.png,4,Effusion
train,train/Emphysema/00027700_004.png,5,Emphysema
train,train/Consolidation/00004761_006.png,2,Consolidation
train,train/Fibrosis/00026704_000.png,6,Fibrosis
train,train/Infiltration/00026037_001.png,7,Infiltration
train,train/Mass/00027893_003.png,8,Mass
train,train/Infiltration/00007576_040.png,7,Infiltration
train,train/Pneumonia/00012667_000.png,10,Pneumonia
train,train/Emphysema/00027596_000.png,5,Emphysema
train,train/Nodule/00005582_000.png,9,Nodule
train,train/Emphysema/00030561_003.png,5,Emphysema
train,train/Effusion/00021457_007.png,4,Effusion
train,train/Mass/00012648_000.png,8,Mass
train,train/Fibrosis/00012728_000.png,6,Fibrosis
train,train/Emphysema/00012002_000.png,5,Emphysema
train,train/Pneumonia/00001182_004.png,10,Pneumonia
train,train/Edema/00015034_004.png,3,Edema
train,train/Effusion/00012020_008.png,4,Effusion
train,train/Edema/00027355_009.png,3,Edema
train,train/Infiltration/00004857_012.png,7,Infiltration
train,train/Nodule/00001854_004.png,9,Nodule
train,train/Atelectasis/00018749_006.png,0,Atelectasis
train,train/Atelectasis/00029244_011.png,0,Atelectasis
train,train/Atelectasis/00002208_000.png,0,Atelectasis
train,train/Edema/00016399_019.png,3,Edema
train,train/Atelectasis/00006130_000.png,0,Atelectasis
train,train/Nodule/00021759_003.png,9,Nodule
train,train/Pneumonia/00015628_018.png,10,Pneumonia
train,train/Cardiomegaly/00028916_000.png,1,Cardiomegaly
train,train/Pneumonia/00011553_006.png,10,Pneumonia
train,train/Edema/00015809_016.png,3,Edema
train,train/Effusion/00020398_004.png,4,Effusion
train,train/Pneumothorax/00021759_016.png,11,Pneumothorax
train,train/Mass/00015343_000.png,8,Mass
train,train/Mass/00018527_008.png,8,Mass
train,train/Pneumothorax/00014143_000.png,11,Pneumothorax
train,train/Edema/00018972_031.png,3,Edema
train,train/Effusion/00006517_006.png,4,Effusion
train,train/Effusion/00009977_001.png,4,Effusion
train,train/Edema/00013890_009.png,3,Edema
train,train/Nodule/00013167_000.png,9,Nodule
train,train/Emphysema/00010704_001.png,5,Emphysema
train,train/Cardiomegaly/00005610_000.png,1,Cardiomegaly
train,train/Consolidation/00005179_005.png,2,Consolidation
train,train/Mass/00000248_015.png,8,Mass
train,train/Edema/00015606_033.png,3,Edema
train,train/Edema/00013937_004.png,3,Edema
train,train/Cardiomegaly/00003665_010.png,1,Cardiomegaly
train,train/Consolidation/00003292_005.png,2,Consolidation
train,train/Atelectasis/00009729_000.png,0,Atelectasis
train,train/Pneumothorax/00008009_014.png,11,Pneumothorax
train,train/Cardiomegaly/00023335_000.png,1,Cardiomegaly
train,train/Infiltration/00000450_000.png,7,Infiltration
train,train/Consolidation/00003722_017.png,2,Consolidation
train,train/Consolidation/00010261_003.png,2,Consolidation
train,train/Mass/00013894_051.png,8,Mass
train,train/Nodule/00016991_001.png,9,Nodule
train,train/Atelectasis/00027320_002.png,0,Atelectasis
train,train/Edema/00018724_008.png,3,Edema
train,train/Fibrosis/00025258_001.png,6,Fibrosis
train,train/Atelectasis/00010758_008.png,0,Atelectasis
train,train/Edema/00012681_048.png,3,Edema
train,train/Infiltration/00004590_003.png,7,Infiltration
train,train/Mass/00030159_014.png,8,Mass
train,train/Edema/00005110_007.png,3,Edema
train,train/Mass/00016892_000.png,8,Mass
train,train/Mass/00006829_009.png,8,Mass
train,train/Edema/00020826_006.png,3,Edema
train,train/Mass/00013523_000.png,8,Mass
train,train/Fibrosis/00020993_000.png,6,Fibrosis
train,train/Edema/00011835_001.png,3,Edema
train,train/Emphysema/00015685_001.png,5,Emphysema
train,train/Consolidation/00029672_012.png,2,Consolidation
train,train/Mass/00026113_000.png,8,Mass
train,train/Atelectasis/00000451_000.png,0,Atelectasis
train,train/Pneumonia/00021243_001.png,10,Pneumonia
train,train/Emphysema/00010800_000.png,5,Emphysema
train,train/Consolidation/00002457_001.png,2,Consolidation
train,train/Pneumonia/00019169_001.png,10,Pneumonia
train,train/Mass/00005325_000.png,8,Mass
train,train/Cardiomegaly/00002083_000.png,1,Cardiomegaly
train,train/Emphysema/00002649_013.png,5,Emphysema
train,train/Emphysema/00026793_002.png,5,Emphysema
train,train/Mass/00001637_008.png,8,Mass
train,train/Cardiomegaly/00019904_001.png,1,Cardiomegaly
train,train/Cardiomegaly/00013415_000.png,1,Cardiomegaly
train,train/Infiltration/00010050_014.png,7,Infiltration
train,train/Edema/00027623_003.png,3,Edema
train,train/Pneumothorax/00025832_007.png,11,Pneumothorax
train,train/Emphysema/00027320_004.png,5,Emphysema
train,train/Effusion/00010973_008.png,4,Effusion
train,train/Pneumothorax/00011618_004.png,11,Pneumothorax
train,train/Fibrosis/00003574_005.png,6,Fibrosis
train,train/Fibrosis/00005711_001.png,6,Fibrosis
train,train/Fibrosis/00002872_000.png,6,Fibrosis
train,train/Nodule/00010348_000.png,9,Nodule
train,train/Consolidation/00013620_000.png,2,Consolidation
train,train/Pneumonia/00016011_011.png,10,Pneumonia
train,train/Infiltration/00026099_012.png,7,Infiltration
train,train/Mass/00026282_000.png,8,Mass
train,train/Fibrosis/00007109_025.png,6,Fibrosis
train,train/Edema/00015205_001.png,3,Edema
train,train/Edema/00004007_025.png,3,Edema
train,train/Consolidation/00029213_001.png,2,Consolidation
train,train/Emphysema/00007707_000.png,5,Emphysema
train,train/Nodule/00025150_000.png,9,Nodule
train,train/Effusion/00027706_025.png,4,Effusion
train,train/Consolidation/00009689_015.png,2,Consolidation
train,train/Consolidation/00025754_003.png,2,Consolidation
train,train/Nodule/00014865_001.png,9,Nodule
train,train/Nodule/00015029_001.png,9,Nodule
train,train/Pneumonia/00013662_005.png,10,Pneumonia
train,train/Emphysema/00010341_001.png,5,Emphysema
train,train/Edema/00013941_002.png,3,Edema
train,train/Pneumonia/00008470_008.png,10,Pneumonia
train,train/Effusion/00001473_002.png,4,Effusion
train,train/Atelectasis/00001917_004.png,0,Atelectasis
train,train/Emphysema/00021212_009.png,5,Emphysema
train,train/Cardiomegaly/00012207_000.png,1,Cardiomegaly
train,train/Nodule/00016166_006.png,9,Nodule
train,train/Infiltration/00013601_017.png,7,Infiltration
train,train/Emphysema/00025924_012.png,5,Emphysema
train,train/Emphysema/00012030_001.png,5,Emphysema
train,train/Emphysema/00015997_000.png,5,Emphysema
train,train/Edema/00010427_001.png,3,Edema
train,train/Atelectasis/00027142_004.png,0,Atelectasis
train,train/Edema/00018724_013.png,3,Edema
train,train/Consolidation/00026569_000.png,2,Consolidation
train,train/Nodule/00005493_011.png,9,Nodule
train,train/Fibrosis/00008155_000.png,6,Fibrosis
train,train/Pneumothorax/00026828_018.png,11,Pneumothorax
train,train/Pneumothorax/00006881_008.png,11,Pneumothorax
train,train/Pneumonia/00000798_025.png,10,Pneumonia
train,train/Emphysema/00001664_001.png,5,Emphysema
train,train/Edema/00006057_003.png,3,Edema
train,train/Pneumothorax/00025761_006.png,11,Pneumothorax
train,train/Nodule/00028258_006.png,9,Nodule
train,train/Edema/00016991_012.png,3,Edema
train,train/Fibrosis/00001974_015.png,6,Fibrosis
train,train/Atelectasis/00008452_004.png,0,Atelectasis
train,train/Mass/00015039_008.png,8,Mass
train,train/Cardiomegaly/00014637_009.png,1,Cardiomegaly
train,train/Consolidation/00021770_012.png,2,Consolidation
train,train/Infiltration/00000011_005.png,7,Infiltration
train,train/Cardiomegaly/00008096_000.png,1,Cardiomegaly
train,train/Atelectasis/00006856_003.png,0,Atelectasis
train,train/Nodule/00006471_002.png,9,Nodule
train,train/Atelectasis/00008395_004.png,0,Atelectasis
train,train/Pneumonia/00003053_007.png,10,Pneumonia
train,train/Infiltration/00022035_000.png,7,Infiltration
train,train/Nodule/00019473_003.png,9,Nodule
train,train/Pneumothorax/00002469_005.png,11,Pneumothorax
train,train/Infiltration/00017635_001.png,7,Infiltration
train,train/Emphysema/00016355_000.png,5,Emphysema
train,train/Atelectasis/00015355_013.png,0,Atelectasis
train,train/Emphysema/00012471_001.png,5,Emphysema
train,train/Emphysema/00018225_005.png,5,Emphysema
train,train/Atelectasis/00002325_000.png,0,Atelectasis
train,train/Effusion/00022648_000.png,4,Effusion
train,train/Consolidation/00000489_003.png,2,Consolidation
train,train/Edema/00016213_004.png,3,Edema
train,train/Effusion/00018019_013.png,4,Effusion
train,train/Pneumothorax/00010996_000.png,11,Pneumothorax
train,train/Infiltration/00011140_020.png,7,Infiltration
train,train/Fibrosis/00009021_012.png,6,Fibrosis
train,train/Emphysema/00016883_001.png,5,Emphysema
train,train/Edema/00014236_008.png,3,Edema
train,train/Emphysema/00010384_005.png,5,Emphysema
train,train/Consolidation/00010294_038.png,2,Consolidation
train,train/Consolidation/00008846_001.png,2,Consolidation
train,train/Emphysema/00028958_003.png,5,Emphysema
train,train/Infiltration/00010718_007.png,7,Infiltration
train,train/Infiltration/00026072_002.png,7,Infiltration
train,train/Pneumonia/00011553_045.png,10,Pneumonia
train,train/Pneumonia/00005138_009.png,10,Pneumonia
train,train/Effusion/00004613_002.png,4,Effusion
train,train/Infiltration/00022864_002.png,7,Infiltration
train,train/Atelectasis/00022832_008.png,0,Atelectasis
train,train/Edema/00004435_005.png,3,Edema
train,train/Mass/00011885_001.png,8,Mass
train,train/Edema/00019172_002.png,3,Edema
train,train/Cardiomegaly/00015803_001.png,1,Cardiomegaly
train,train/Edema/00016376_012.png,3,Edema
train,train/Fibrosis/00002760_000.png,6,Fibrosis
train,train/Atelectasis/00010944_000.png,0,Atelectasis
train,train/Emphysema/00000248_002.png,5,Emphysema
train,train/Cardiomegaly/00028537_001.png,1,Cardiomegaly
train,train/Nodule/00004519_010.png,9,Nodule
train,train/Nodule/00004995_000.png,9,Nodule
train,train/Effusion/00003704_001.png,4,Effusion
train,train/Mass/00017364_000.png,8,Mass
train,train/Effusion/00022888_001.png,4,Effusion
train,train/Nodule/00027117_003.png,9,Nodule
train,train/Atelectasis/00004667_000.png,0,Atelectasis
train,train/Effusion/00012191_001.png,4,Effusion
train,train/Effusion/00005626_002.png,4,Effusion
train,train/Consolidation/00012942_000.png,2,Consolidation
train,train/Fibrosis/00008806_001.png,6,Fibrosis
train,train/Edema/00010427_006.png,3,Edema
train,train/Edema/00003610_014.png,3,Edema
train,train/Emphysema/00007461_000.png,5,Emphysema
train,train/Consolidation/00008922_025.png,2,Consolidation
train,train/Nodule/00014458_001.png,9,Nodule
train,train/Pneumothorax/00029688_006.png,11,Pneumothorax
train,train/Effusion/00025451_001.png,4,Effusion
train,train/Infiltration/00011870_005.png,7,Infiltration
train,train/Fibrosis/00006258_000.png,6,Fibrosis
train,train/Consolidation/00002048_013.png,2,Consolidation
train,train/Mass/00012792_000.png,8,Mass
train,train/Mass/00000627_036.png,8,Mass
train,train/Nodule/00007947_000.png,9,Nodule
train,train/Consolidation/00030582_003.png,2,Consolidation
train,train/Nodule/00004436_002.png,9,Nodule
train,train/Mass/00023190_013.png,8,Mass
train,train/Consolidation/00010270_009.png,2,Consolidation
train,train/Mass/00017618_017.png,8,Mass
train,train/Emphysema/00029826_000.png,5,Emphysema
train,train/Nodule/00016982_000.png,9,Nodule
train,train/Nodule/00025611_000.png,9,Nodule
train,train/Effusion/00030609_014.png,4,Effusion
train,train/Nodule/00016805_000.png,9,Nodule
train,train/Nodule/00022651_026.png,9,Nodule
train,train/Edema/00006381_025.png,3,Edema
train,train/Mass/00006308_005.png,8,Mass
train,train/Fibrosis/00005164_000.png,6,Fibrosis
train,train/Infiltration/00003523_009.png,7,Infiltration
train,train/Mass/00012315_013.png,8,Mass
train,train/Emphysema/00002718_001.png,5,Emphysema
train,train/Emphysema/00005566_002.png,5,Emphysema
train,train/Emphysema/00020450_020.png,5,Emphysema
train,train/Consolidation/00007762_010.png,2,Consolidation
train,train/Infiltration/00013799_007.png,7,Infiltration
train,train/Consolidation/00013849_013.png,2,Consolidation
train,train/Effusion/00012628_039.png,4,Effusion
train,train/Pneumonia/00018237_028.png,10,Pneumonia
train,train/Cardiomegaly/00010531_037.png,1,Cardiomegaly
train,train/Effusion/00001377_005.png,4,Effusion
train,train/Edema/00012863_006.png,3,Edema
train,train/Nodule/00022729_003.png,9,Nodule
train,train/Edema/00028431_003.png,3,Edema
train,train/Infiltration/00017181_005.png,7,Infiltration
train,train/Mass/00020286_001.png,8,Mass
train,train/Mass/00007716_003.png,8,Mass
train,train/Pneumonia/00010375_000.png,10,Pneumonia
train,train/Cardiomegaly/00021105_000.png,1,Cardiomegaly
train,train/Nodule/00017786_001.png,9,Nodule
train,train/Emphysema/00029759_000.png,5,Emphysema
train,train/Mass/00025570_000.png,8,Mass
train,train/Effusion/00015068_016.png,4,Effusion
train,train/Effusion/00004281_000.png,4,Effusion
train,train/Emphysema/00002158_000.png,5,Emphysema
train,train/Mass/00001951_019.png,8,Mass
train,train/Pneumonia/00022436_000.png,10,Pneumonia
train,train/Pneumothorax/00015214_012.png,11,Pneumothorax
train,train/Fibrosis/00011005_000.png,6,Fibrosis
train,train/Atelectasis/00002589_001.png,0,Atelectasis
train,train/Nodule/00006411_002.png,9,Nodule
train,train/Effusion/00001385_005.png,4,Effusion
train,train/Mass/00009764_005.png,8,Mass
train,train/Nodule/00018918_000.png,9,Nodule
train,train/Mass/00015966_000.png,8,Mass
train,train/Emphysema/00011752_024.png,5,Emphysema
train,train/Edema/00018972_034.png,3,Edema
train,train/Infiltration/00013305_006.png,7,Infiltration
train,train/Effusion/00007545_000.png,4,Effusion
train,train/Mass/00004767_000.png,8,Mass
train,train/Pneumonia/00017659_000.png,10,Pneumonia
train,train/Edema/00005218_007.png,3,Edema
train,train/Edema/00027582_001.png,3,Edema
train,train/Atelectasis/00003446_000.png,0,Atelectasis
train,train/Pneumothorax/00008232_010.png,11,Pneumothorax
train,train/Pneumonia/00005069_001.png,10,Pneumonia
train,train/Infiltration/00019087_024.png,7,Infiltration
train,train/Effusion/00021441_004.png,4,Effusion
train,train/Emphysema/00013205_002.png,5,Emphysema
train,train/Pneumothorax/00003527_009.png,11,Pneumothorax
train,train/Pneumonia/00001018_005.png,10,Pneumonia
train,train/Cardiomegaly/00029373_000.png,1,Cardiomegaly
train,train/Pneumonia/00027784_007.png,10,Pneumonia
train,train/Nodule/00013924_000.png,9,Nodule
train,train/Fibrosis/00005611_000.png,6,Fibrosis
train,train/Fibrosis/00004065_001.png,6,Fibrosis
train,train/Nodule/00028335_000.png,9,Nodule
train,train/Infiltration/00020258_000.png,7,Infiltration
train,train/Cardiomegaly/00002256_012.png,1,Cardiomegaly
train,train/Atelectasis/00008092_000.png,0,Atelectasis
train,train/Nodule/00009690_002.png,9,Nodule
train,train/Effusion/00006592_000.png,4,Effusion
train,train/Infiltration/00025234_002.png,7,Infiltration
train,train/Effusion/00002524_022.png,4,Effusion
train,train/Pneumonia/00001837_002.png,10,Pneumonia
train,train/Pneumothorax/00005852_001.png,11,Pneumothorax
train,train/Nodule/00003490_007.png,9,Nodule
train,train/Emphysema/00017266_008.png,5,Emphysema
train,train/Fibrosis/00004006_036.png,6,Fibrosis
train,train/Pneumothorax/00016829_001.png,11,Pneumothorax
train,train/Emphysema/00010128_005.png,5,Emphysema
train,train/Effusion/00007534_007.png,4,Effusion
train,train/Atelectasis/00012028_005.png,0,Atelectasis
train,train/Consolidation/00004673_007.png,2,Consolidation
train,train/Fibrosis/00011567_001.png,6,Fibrosis
train,train/Emphysema/00008580_000.png,5,Emphysema
train,train/Nodule/00010369_007.png,9,Nodule
train,train/Effusion/00007339_002.png,4,Effusion
train,train/Pneumothorax/00005666_019.png,11,Pneumothorax
train,train/Atelectasis/00001770_001.png,0,Atelectasis
train,train/Consolidation/00012848_005.png,2,Consolidation
train,train/Fibrosis/00000359_007.png,6,Fibrosis
train,train/Pneumonia/00019176_076.png,10,Pneumonia
train,train/Nodule/00009390_000.png,9,Nodule
train,train/Emphysema/00009825_000.png,5,Emphysema
train,train/Effusion/00016312_001.png,4,Effusion
train,train/Atelectasis/00020624_014.png,0,Atelectasis
train,train/Cardiomegaly/00020042_006.png,1,Cardiomegaly
train,train/Nodule/00029891_001.png,9,Nodule
train,train/Cardiomegaly/00026381_000.png,1,Cardiomegaly
train,train/Mass/00001808_000.png,8,Mass
train,train/Cardiomegaly/00008871_001.png,1,Cardiomegaly
train,train/Pneumothorax/00007459_000.png,11,Pneumothorax
train,train/Nodule/00004971_000.png,9,Nodule
train,train/Edema/00012585_006.png,3,Edema
train,train/Nodule/00004754_000.png,9,Nodule
train,train/Mass/00005798_003.png,8,Mass
train,train/Effusion/00026027_003.png,4,Effusion
train,train/Edema/00018103_012.png,3,Edema
train,train/Edema/00026742_001.png,3,Edema
train,train/Consolidation/00013282_003.png,2,Consolidation
train,train/Atelectasis/00003221_010.png,0,Atelectasis
train,train/Pneumonia/00016991_002.png,10,Pneumonia
train,train/Mass/00023303_000.png,8,Mass
train,train/Mass/00029658_000.png,8,Mass
train,train/Pneumothorax/00021127_012.png,11,Pneumothorax
train,train/Consolidation/00008745_011.png,2,Consolidation
train,train/Nodule/00008435_008.png,9,Nodule
train,train/Cardiomegaly/00011622_001.png,1,Cardiomegaly
train,train/Emphysema/00029708_000.png,5,Emphysema
train,train/Cardiomegaly/00004857_000.png,1,Cardiomegaly
train,train/Fibrosis/00001315_000.png,6,Fibrosis
train,train/Effusion/00019594_006.png,4,Effusion
train,train/Pneumonia/00010544_000.png,10,Pneumonia
train,train/Effusion/00027703_000.png,4,Effusion
train,train/Fibrosis/00000199_004.png,6,Fibrosis
train,train/Fibrosis/00001303_004.png,6,Fibrosis
train,train/Atelectasis/00007697_000.png,0,Atelectasis
train,train/Pneumothorax/00028493_000.png,11,Pneumothorax
train,train/Mass/00028765_001.png,8,Mass
train,train/Consolidation/00007576_017.png,2,Consolidation
train,train/Effusion/00014930_010.png,4,Effusion
train,train/Infiltration/00017721_002.png,7,Infiltration
train,train/Cardiomegaly/00000442_003.png,1,Cardiomegaly
train,train/Infiltration/00030519_006.png,7,Infiltration
train,train/Atelectasis/00013341_002.png,0,Atelectasis
train,train/Consolidation/00016484_017.png,2,Consolidation
train,train/Fibrosis/00017189_000.png,6,Fibrosis
train,train/Pneumonia/00006289_005.png,10,Pneumonia
train,train/Pneumothorax/00022826_000.png,11,Pneumothorax
train,train/Nodule/00028763_000.png,9,Nodule
train,train/Cardiomegaly/00021373_010.png,1,Cardiomegaly
train,train/Mass/00015196_003.png,8,Mass
train,train/Fibrosis/00005499_000.png,6,Fibrosis
train,train/Infiltration/00025421_005.png,7,Infiltration
train,train/Fibrosis/00000387_000.png,6,Fibrosis
train,train/Atelectasis/00010352_047.png,0,Atelectasis
train,train/Pneumothorax/00013855_000.png,11,Pneumothorax
train,train/Emphysema/00000682_002.png,5,Emphysema
train,train/Edema/00014106_008.png,3,Edema
train,train/Consolidation/00012628_056.png,2,Consolidation
train,train/Infiltration/00009386_004.png,7,Infiltration
train,train/Pneumothorax/00000296_000.png,11,Pneumothorax
train,train/Fibrosis/00019896_004.png,6,Fibrosis
train,train/Nodule/00019282_000.png,9,Nodule
train,train/Mass/00017819_008.png,8,Mass
train,train/Edema/00011959_009.png,3,Edema
train,train/Consolidation/00013774_020.png,2,Consolidation
train,train/Infiltration/00018849_000.png,7,Infiltration
train,train/Consolidation/00026072_011.png,2,Consolidation
train,train/Pneumonia/00025583_005.png,10,Pneumonia
train,train/Mass/00006856_005.png,8,Mass
train,train/Edema/00004646_006.png,3,Edema
train,train/Edema/00014971_006.png,3,Edema
train,train/Nodule/00024281_000.png,9,Nodule
train,train/Pneumonia/00026825_008.png,10,Pneumonia
train,train/Fibrosis/00012472_000.png,6,Fibrosis
train,train/Emphysema/00008468_019.png,5,Emphysema
train,train/Pneumonia/00013304_002.png,10,Pneumonia
train,train/Emphysema/00013653_005.png,5,Emphysema
train,train/Nodule/00028601_000.png,9,Nodule
train,train/Mass/00016211_000.png,8,Mass
train,train/Effusion/00007534_015.png,4,Effusion
train,train/Cardiomegaly/00028946_000.png,1,Cardiomegaly
train,train/Mass/00009183_001.png,8,Mass
train,train/Pneumonia/00011188_002.png,10,Pneumonia
train,train/Consolidation/00021036_001.png,2,Consolidation
train,train/Fibrosis/00006167_000.png,6,Fibrosis
train,train/Pneumonia/00010334_010.png,10,Pneumonia
train,train/Fibrosis/00010995_001.png,6,Fibrosis
train,train/Mass/00015196_008.png,8,Mass
train,train/Nodule/00007501_000.png,9,Nodule
train,train/Effusion/00004909_006.png,4,Effusion
train,train/Cardiomegaly/00018181_001.png,1,Cardiomegaly
train,train/Mass/00004519_014.png,8,Mass
train,train/Infiltration/00022457_000.png,7,Infiltration
train,train/Mass/00019439_003.png,8,Mass
train,train/Infiltration/00027918_000.png,7,Infiltration
train,train/Consolidation/00013003_005.png,2,Consolidation
train,train/Fibrosis/00000945_000.png,6,Fibrosis
train,train/Emphysema/00012648_003.png,5,Emphysema
train,train/Edema/00017532_002.png,3,Edema
train,train/Cardiomegaly/00022945_000.png,1,Cardiomegaly
train,train/Cardiomegaly/00015122_006.png,1,Cardiomegaly
train,train/Fibrosis/00012366_000.png,6,Fibrosis
train,train/Fibrosis/00013870_000.png,6,Fibrosis
train,train/Cardiomegaly/00015286_000.png,1,Cardiomegaly
train,train/Edema/00018853_004.png,3,Edema
train,train/Emphysema/00021226_000.png,5,Emphysema
train,train/Fibrosis/00008223_000.png,6,Fibrosis
train,train/Cardiomegaly/00013447_007.png,1,Cardiomegaly
train,train/Cardiomegaly/00015494_001.png,1,Cardiomegaly
train,train/Consolidation/00000573_007.png,2,Consolidation
train,train/Fibrosis/00023332_000.png,6,Fibrosis
train,train/Effusion/00007352_013.png,4,Effusion
train,train/Infiltration/00001577_001.png,7,Infiltration
train,train/Mass/00017383_000.png,8,Mass
train,train/Consolidation/00001255_033.png,2,Consolidation
train,train/Fibrosis/00007257_000.png,6,Fibrosis
train,train/Cardiomegaly/00004954_000.png,1,Cardiomegaly
train,train/Pneumothorax/00014945_003.png,11,Pneumothorax
train,train/Atelectasis/00018217_009.png,0,Atelectasis
train,train/Emphysema/00006138_006.png,5,Emphysema
train,train/Infiltration/00017906_012.png,7,Infiltration
train,train/Consolidation/00005026_005.png,2,Consolidation
train,train/Emphysema/00002041_001.png,5,Emphysema
train,train/Pneumothorax/00022792_000.png,11,Pneumothorax
train,train/Cardiomegaly/00014449_001.png,1,Cardiomegaly
train,train/Effusion/00006818_005.png,4,Effusion
train,train/Edema/00018972_027.png,3,Edema
train,train/Pneumonia/00013930_001.png,10,Pneumonia
train,train/Edema/00011632_002.png,3,Edema
train,train/Effusion/00007621_004.png,4,Effusion
train,train/Infiltration/00022045_000.png,7,Infiltration
train,train/Pneumothorax/00000859_002.png,11,Pneumothorax
train,train/Infiltration/00027753_000.png,7,Infiltration
train,train/Edema/00004435_006.png,3,Edema
train,train/Fibrosis/00006571_001.png,6,Fibrosis
train,train/Emphysema/00009716_001.png,5,Emphysema
train,train/Nodule/00005211_000.png,9,Nodule
train,train/Mass/00009093_000.png,8,Mass
train,train/Atelectasis/00003390_001.png,0,Atelectasis
train,train/Nodule/00017455_000.png,9,Nodule
train,train/Atelectasis/00019390_002.png,0,Atelectasis
train,train/Infiltration/00019087_016.png,7,Infiltration
train,train/Pneumothorax/00002143_000.png,11,Pneumothorax
train,train/Fibrosis/00000536_000.png,6,Fibrosis
train,train/Infiltration/00018677_001.png,7,Infiltration
train,train/Mass/00019513_001.png,8,Mass
train,train/Pneumothorax/00006330_009.png,11,Pneumothorax
train,train/Effusion/00005493_013.png,4,Effusion
train,train/Emphysema/00008861_001.png,5,Emphysema
train,train/Fibrosis/00003022_000.png,6,Fibrosis
train,train/Pneumothorax/00012144_018.png,11,Pneumothorax
train,train/Fibrosis/00017443_000.png,6,Fibrosis
train,train/Mass/00017110_006.png,8,Mass
train,train/Nodule/00026330_000.png,9,Nodule
train,train/Cardiomegaly/00000131_001.png,1,Cardiomegaly
train,train/Atelectasis/00022869_007.png,0,Atelectasis
train,train/Nodule/00015074_000.png,9,Nodule
train,train/Pneumothorax/00019871_000.png,11,Pneumothorax
train,train/Fibrosis/00002471_000.png,6,Fibrosis
train,train/Fibrosis/00000713_000.png,6,Fibrosis
train,train/Emphysema/00000243_001.png,5,Emphysema
train,train/Infiltration/00022776_008.png,7,Infiltration
train,train/Pneumothorax/00018117_005.png,11,Pneumothorax
train,train/Nodule/00014695_006.png,9,Nodule
train,train/Cardiomegaly/00017070_006.png,1,Cardiomegaly
train,train/Consolidation/00011379_004.png,2,Consolidation
train,train/Pneumothorax/00003611_006.png,11,Pneumothorax
train,train/Edema/00015414_011.png,3,Edema
train,train/Fibrosis/00017858_000.png,6,Fibrosis
train,train/Mass/00017467_014.png,8,Mass
train,train/Pneumonia/00010531_073.png,10,Pneumonia
train,train/Emphysema/00016122_005.png,5,Emphysema
train,train/Fibrosis/00016244_001.png,6,Fibrosis
train,train/Emphysema/00014393_001.png,5,Emphysema
train,train/Cardiomegaly/00010994_000.png,1,Cardiomegaly
train,train/Effusion/00001775_002.png,4,Effusion
train,train/Pneumothorax/00008232_014.png,11,Pneumothorax
train,train/Edema/00013641_020.png,3,Edema
train,train/Nodule/00006233_001.png,9,Nodule
train,train/Fibrosis/00004946_000.png,6,Fibrosis
train,train/Infiltration/00012276_012.png,7,Infiltration
train,train/Effusion/00028671_000.png,4,Effusion
train,train/Nodule/00010350_004.png,9,Nodule
train,train/Atelectasis/00025623_009.png,0,Atelectasis
train,train/Mass/00009374_000.png,8,Mass
train,train/Atelectasis/00003097_001.png,0,Atelectasis
train,train/Fibrosis/00018052_000.png,6,Fibrosis
train,train/Pneumothorax/00026683_007.png,11,Pneumothorax
train,train/Emphysema/00000682_001.png,5,Emphysema
train,train/Mass/00008012_002.png,8,Mass
train,train/Atelectasis/00005523_001.png,0,Atelectasis
train,train/Pneumonia/00002109_000.png,10,Pneumonia
train,train/Infiltration/00000143_006.png,7,Infiltration
train,train/Pneumonia/00001529_005.png,10,Pneumonia
train,train/Nodule/00016336_000.png,9,Nodule
train,train/Cardiomegaly/00001022_001.png,1,Cardiomegaly
train,train/Pneumothorax/00019093_002.png,11,Pneumothorax
train,train/Edema/00018724_009.png,3,Edema
train,train/Mass/00015384_009.png,8,Mass
train,train/Pneumothorax/00008230_019.png,11,Pneumothorax
train,train/Fibrosis/00017750_003.png,6,Fibrosis
train,train/Effusion/00022267_005.png,4,Effusion
train,train/Consolidation/00026374_009.png,2,Consolidation
train,train/Infiltration/00004961_001.png,7,Infiltration
train,train/Edema/00018027_009.png,3,Edema
train,train/Edema/00014046_003.png,3,Edema
train,train/Cardiomegaly/00012987_002.png,1,Cardiomegaly
train,train/Effusion/00009361_002.png,4,Effusion
train,train/Effusion/00016142_006.png,4,Effusion
train,train/Pneumothorax/00027725_063.png,11,Pneumothorax
train,train/Emphysema/00006817_001.png,5,Emphysema
train,train/Infiltration/00024462_000.png,7,Infiltration
train,train/Mass/00015173_001.png,8,Mass
train,train/Consolidation/00001531_000.png,2,Consolidation
train,train/Pneumonia/00020171_000.png,10,Pneumonia
train,train/Consolidation/00013894_004.png,2,Consolidation
train,train/Pneumonia/00011386_000.png,10,Pneumonia
train,train/Atelectasis/00016867_002.png,0,Atelectasis
train,train/Consolidation/00021176_000.png,2,Consolidation
train,train/Infiltration/00022313_005.png,7,Infiltration
train,train/Infiltration/00002608_003.png,7,Infiltration
train,train/Fibrosis/00012451_001.png,6,Fibrosis
train,train/Infiltration/00011999_000.png,7,Infiltration
train,train/Pneumonia/00022965_004.png,10,Pneumonia
train,train/Pneumothorax/00008705_002.png,11,Pneumothorax
train,train/Atelectasis/00006781_000.png,0,Atelectasis
train,train/Mass/00028623_000.png,8,Mass
train,train/Pneumothorax/00018263_003.png,11,Pneumothorax
train,train/Emphysema/00025295_003.png,5,Emphysema
train,train/Mass/00010294_042.png,8,Mass
train,train/Atelectasis/00023170_006.png,0,Atelectasis
train,train/Cardiomegaly/00017436_000.png,1,Cardiomegaly
train,train/Pneumonia/00001021_000.png,10,Pneumonia
train,train/Atelectasis/00007223_007.png,0,Atelectasis
train,train/Emphysema/00029979_000.png,5,Emphysema
train,train/Atelectasis/00004746_025.png,0,Atelectasis
train,train/Emphysema/00009651_000.png,5,Emphysema
train,train/Mass/00006986_000.png,8,Mass
train,train/Nodule/00006515_000.png,9,Nodule
train,train/Fibrosis/00011760_000.png,6,Fibrosis
train,train/Pneumonia/00015809_015.png,10,Pneumonia
train,train/Pneumothorax/00004034_002.png,11,Pneumothorax
train,train/Atelectasis/00014355_000.png,0,Atelectasis
train,train/Infiltration/00011971_010.png,7,Infiltration
train,train/Pneumothorax/00025081_015.png,11,Pneumothorax
train,train/Fibrosis/00023353_000.png,6,Fibrosis
train,train/Effusion/00011380_020.png,4,Effusion
train,train/Atelectasis/00016332_001.png,0,Atelectasis
train,train/Emphysema/00002843_008.png,5,Emphysema
train,train/Mass/00011287_005.png,8,Mass
train,train/Edema/00016315_002.png,3,Edema
train,train/Atelectasis/00012904_008.png,0,Atelectasis
train,train/Nodule/00014427_007.png,9,Nodule
train,train/Infiltration/00029549_000.png,7,Infiltration
train,train/Mass/00011741_009.png,8,Mass
train,train/Pneumonia/00003640_004.png,10,Pneumonia
train,train/Emphysema/00012511_002.png,5,Emphysema
train,train/Infiltration/00010352_074.png,7,Infiltration
train,train/Pneumothorax/00005539_001.png,11,Pneumothorax
train,train/Pneumonia/00016362_000.png,10,Pneumonia
train,train/Emphysema/00007618_009.png,5,Emphysema
train,train/Pneumonia/00025383_001.png,10,Pneumonia
train,train/Infiltration/00012057_008.png,7,Infiltration
train,train/Infiltration/00017845_000.png,7,Infiltration
train,train/Pneumothorax/00016265_001.png,11,Pneumothorax
train,train/Emphysema/00006960_009.png,5,Emphysema
train,train/Fibrosis/00013286_000.png,6,Fibrosis
train,train/Effusion/00022431_009.png,4,Effusion
train,train/Cardiomegaly/00014897_003.png,1,Cardiomegaly
train,train/Nodule/00007317_022.png,9,Nodule
train,train/Mass/00003752_003.png,8,Mass
train,train/Infiltration/00016468_001.png,7,Infiltration
train,train/Pneumonia/00010586_000.png,10,Pneumonia
train,train/Mass/00015915_010.png,8,Mass
train,train/Cardiomegaly/00007428_004.png,1,Cardiomegaly
train,train/Emphysema/00019201_003.png,5,Emphysema
train,train/Infiltration/00019014_000.png,7,Infiltration
train,train/Effusion/00025924_018.png,4,Effusion
train,train/Edema/00007864_007.png,3,Edema
train,train/Mass/00006856_006.png,8,Mass
train,train/Cardiomegaly/00016001_000.png,1,Cardiomegaly
train,train/Atelectasis/00006447_000.png,0,Atelectasis
train,train/Atelectasis/00015193_009.png,0,Atelectasis
train,train/Nodule/00009697_000.png,9,Nodule
train,train/Edema/00010824_001.png,3,Edema
train,train/Mass/00020843_001.png,8,Mass
train,train/Emphysema/00002339_004.png,5,Emphysema
train,train/Atelectasis/00013309_000.png,0,Atelectasis
train,train/Pneumothorax/00003468_002.png,11,Pneumothorax
train,train/Consolidation/00001103_000.png,2,Consolidation
train,train/Pneumonia/00005963_025.png,10,Pneumonia
train,train/Edema/00010427_002.png,3,Edema
train,train/Emphysema/00006142_005.png,5,Emphysema
train,train/Pneumonia/00025776_000.png,10,Pneumonia
train,train/Pneumothorax/00008970_002.png,11,Pneumothorax
train,train/Atelectasis/00011785_001.png,0,Atelectasis
train,train/Pneumonia/00010773_017.png,10,Pneumonia
train,train/Atelectasis/00007340_010.png,0,Atelectasis
train,train/Mass/00028380_010.png,8,Mass
train,train/Fibrosis/00001326_003.png,6,Fibrosis
train,train/Effusion/00030152_009.png,4,Effusion
train,train/Fibrosis/00007309_000.png,6,Fibrosis
train,train/Atelectasis/00006342_005.png,0,Atelectasis
train,train/Pneumonia/00013611_001.png,10,Pneumonia
train,train/Emphysema/00018592_006.png,5,Emphysema
train,train/Pneumothorax/00003527_007.png,11,Pneumothorax
train,train/Edema/00006381_026.png,3,Edema
train,train/Effusion/00006996_003.png,4,Effusion
train,train/Effusion/00021954_003.png,4,Effusion
train,train/Mass/00012460_004.png,8,Mass
train,train/Infiltration/00005963_001.png,7,Infiltration
train,train/Pneumonia/00010531_012.png,10,Pneumonia
train,train/Infiltration/00000766_028.png,7,Infiltration
train,train/Effusion/00018437_002.png,4,Effusion
train,train/Nodule/00007391_003.png,9,Nodule
train,train/Nodule/00030697_000.png,9,Nodule
train,train/Nodule/00011587_011.png,9,Nodule
train,train/Effusion/00028483_005.png,4,Effusion
train,train/Infiltration/00001200_019.png,7,Infiltration
train,train/Pneumothorax/00020286_015.png,11,Pneumothorax
train,train/Cardiomegaly/00004843_000.png,1,Cardiomegaly
train,train/Effusion/00006981_014.png,4,Effusion
train,train/Emphysema/00001030_000.png,5,Emphysema
train,train/Pneumonia/00018464_027.png,10,Pneumonia
train,train/Edema/00015075_002.png,3,Edema
train,train/Pneumothorax/00012047_003.png,11,Pneumothorax
train,train/Cardiomegaly/00025740_000.png,1,Cardiomegaly
train,train/Edema/00016715_009.png,3,Edema
train,train/Atelectasis/00006422_001.png,0,Atelectasis
train,train/Fibrosis/00001395_010.png,6,Fibrosis
train,train/Pneumonia/00019021_001.png,10,Pneumonia
train,train/Emphysema/00002213_000.png,5,Emphysema
train,train/Effusion/00001397_002.png,4,Effusion
train,train/Nodule/00015108_001.png,9,Nodule
train,train/Nodule/00017417_006.png,9,Nodule
train,train/Nodule/00006727_000.png,9,Nodule
train,train/Edema/00020966_006.png,3,Edema
train,train/Pneumonia/00000893_000.png,10,Pneumonia
train,train/Atelectasis/00029889_002.png,0,Atelectasis
train,train/Pneumonia/00008745_034.png,10,Pneumonia
train,train/Cardiomegaly/00021572_016.png,1,Cardiomegaly
train,train/Fibrosis/00014050_000.png,6,Fibrosis
train,train/Fibrosis/00008367_000.png,6,Fibrosis
train,train/Mass/00007033_000.png,8,Mass
train,train/Mass/00019436_000.png,8,Mass
train,train/Mass/00025181_014.png,8,Mass
train,train/Fibrosis/00000710_001.png,6,Fibrosis
train,train/Consolidation/00015038_000.png,2,Consolidation
train,train/Edema/00018373_003.png,3,Edema
train,train/Fibrosis/00016413_001.png,6,Fibrosis
train,train/Pneumothorax/00011423_000.png,11,Pneumothorax
train,train/Emphysema/00017136_011.png,5,Emphysema
train,train/Consolidation/00000566_001.png,2,Consolidation
train,train/Pneumonia/00013678_006.png,10,Pneumonia
train,train/Atelectasis/00004006_026.png,0,Atelectasis
train,train/Infiltration/00019339_000.png,7,Infiltration
train,train/Consolidation/00004846_003.png,2,Consolidation
train,train/Edema/00026223_004.png,3,Edema
train,train/Cardiomegaly/00026236_013.png,1,Cardiomegaly
train,train/Infiltration/00001855_014.png,7,Infiltration
train,train/Pneumonia/00013997_000.png,10,Pneumonia
train,train/Effusion/00022826_011.png,4,Effusion
train,train/Edema/00017356_008.png,3,Edema
train,train/Nodule/00002544_003.png,9,Nodule
train,train/Mass/00029704_003.png,8,Mass
train,train/Mass/00008188_002.png,8,Mass
train,train/Nodule/00004957_005.png,9,Nodule
train,train/Edema/00025849_010.png,3,Edema
train,train/Mass/00014029_003.png,8,Mass
train,train/Cardiomegaly/00014772_000.png,1,Cardiomegaly
train,train/Effusion/00027789_005.png,4,Effusion
train,train/Mass/00029971_000.png,8,Mass
train,train/Atelectasis/00021508_003.png,0,Atelectasis
train,train/Fibrosis/00006980_001.png,6,Fibrosis
train,train/Pneumothorax/00016142_035.png,11,Pneumothorax
train,train/Effusion/00013620_022.png,4,Effusion
train,train/Cardiomegaly/00017490_000.png,1,Cardiomegaly
train,train/Pneumothorax/00002355_006.png,11,Pneumothorax
train,train/Consolidation/00016696_002.png,2,Consolidation
train,train/Infiltration/00021231_001.png,7,Infiltration
train,train/Cardiomegaly/00015414_000.png,1,Cardiomegaly
train,train/Pneumonia/00001855_008.png,10,Pneumonia
train,train/Effusion/00009628_008.png,4,Effusion
train,train/Effusion/00003393_017.png,4,Effusion
train,train/Mass/00013917_016.png,8,Mass
train,train/Pneumonia/00018525_000.png,10,Pneumonia
train,train/Cardiomegaly/00015401_007.png,1,Cardiomegaly
train,train/Pneumothorax/00026793_006.png,11,Pneumothorax
train,train/Pneumonia/00006832_001.png,10,Pneumonia
train,train/Pneumonia/00010693_012.png,10,Pneumonia
train,train/Infiltration/00026825_016.png,7,Infiltration
train,train/Consolidation/00008850_010.png,2,Consolidation
train,train/Nodule/00000372_007.png,9,Nodule
train,train/Edema/00026421_002.png,3,Edema
train,train/Pneumonia/00016036_001.png,10,Pneumonia
train,train/Emphysema/00013834_010.png,5,Emphysema
train,train/Atelectasis/00027618_010.png,0,Atelectasis
train,train/Pneumonia/00003535_025.png,10,Pneumonia
train,train/Fibrosis/00021315_000.png,6,Fibrosis
train,train/Infiltration/00029017_006.png,7,Infiltration
train,train/Mass/00005110_006.png,8,Mass
train,train/Effusion/00022282_004.png,4,Effusion
train,train/Consolidation/00004961_005.png,2,Consolidation
train,train/Effusion/00009628_006.png,4,Effusion
train,train/Infiltration/00002197_001.png,7,Infiltration
train,train/Atelectasis/00025510_001.png,0,Atelectasis
train,train/Effusion/00027500_002.png,4,Effusion
train,train/Nodule/00014880_000.png,9,Nodule
train,train/Effusion/00017651_002.png,4,Effusion
train,train/Infiltration/00026155_000.png,7,Infiltration
train,train/Mass/00002510_004.png,8,Mass
train,train/Consolidation/00004833_027.png,2,Consolidation
train,train/Fibrosis/00011543_002.png,6,Fibrosis
train,train/Pneumothorax/00015523_004.png,11,Pneumothorax
train,train/Mass/00027995_000.png,8,Mass
train,train/Atelectasis/00013620_015.png,0,Atelectasis
train,train/Nodule/00005663_004.png,9,Nodule
train,train/Atelectasis/00018044_016.png,0,Atelectasis
train,train/Edema/00013714_008.png,3,Edema
train,train/Pneumonia/00008401_006.png,10,Pneumonia
train,train/Edema/00010547_005.png,3,Edema
train,train/Consolidation/00014715_013.png,2,Consolidation
train,train/Emphysema/00015765_000.png,5,Emphysema
train,train/Consolidation/00005693_000.png,2,Consolidation
train,train/Pneumonia/00014958_001.png,10,Pneumonia
train,train/Pneumothorax/00003494_001.png,11,Pneumothorax
train,train/Fibrosis/00010914_010.png,6,Fibrosis
train,train/Pneumonia/00029889_000.png,10,Pneumonia
train,train/Infiltration/00018115_000.png,7,Infiltration
train,train/Pneumothorax/00007745_003.png,11,Pneumothorax
train,train/Mass/00009273_003.png,8,Mass
train,train/Consolidation/00009365_020.png,2,Consolidation
train,train/Effusion/00018829_011.png,4,Effusion
train,train/Edema/00030280_005.png,3,Edema
train,train/Pneumonia/00001749_003.png,10,Pneumonia
train,train/Atelectasis/00010585_000.png,0,Atelectasis
train,train/Fibrosis/00008462_006.png,6,Fibrosis
train,train/Infiltration/00023211_011.png,7,Infiltration
train,train/Consolidation/00011845_015.png,2,Consolidation
train,train/Fibrosis/00021307_023.png,6,Fibrosis
train,train/Atelectasis/00004611_000.png,0,Atelectasis
train,train/Edema/00011987_006.png,3,Edema
train,train/Atelectasis/00013961_001.png,0,Atelectasis
train,train/Nodule/00016117_000.png,9,Nodule
train,train/Nodule/00001395_001.png,9,Nodule
train,train/Infiltration/00007133_003.png,7,Infiltration
train,train/Atelectasis/00006422_000.png,0,Atelectasis
train,train/Effusion/00028846_000.png,4,Effusion
train,train/Effusion/00000591_009.png,4,Effusion
train,train/Pneumothorax/00029437_014.png,11,Pneumothorax
train,train/Infiltration/00026870_000.png,7,Infiltration
train,train/Pneumothorax/00030561_011.png,11,Pneumothorax
train,train/Emphysema/00009644_003.png,5,Emphysema
train,train/Infiltration/00030220_001.png,7,Infiltration
train,train/Consolidation/00002673_005.png,2,Consolidation
train,train/Pneumothorax/00001974_005.png,11,Pneumothorax
train,train/Nodule/00017807_003.png,9,Nodule
train,train/Cardiomegaly/00010177_000.png,1,Cardiomegaly
train,train/Atelectasis/00004737_002.png,0,Atelectasis
train,train/Pneumonia/00009323_005.png,10,Pneumonia
train,train/Fibrosis/00007228_000.png,6,Fibrosis
train,train/Consolidation/00013938_000.png,2,Consolidation
train,train/Cardiomegaly/00006875_031.png,1,Cardiomegaly
train,train/Atelectasis/00028283_000.png,0,Atelectasis
train,train/Pneumothorax/00015492_002.png,11,Pneumothorax
train,train/Mass/00003556_000.png,8,Mass
train,train/Effusion/00026016_004.png,4,Effusion
train,train/Fibrosis/00030720_000.png,6,Fibrosis
train,train/Cardiomegaly/00025250_001.png,1,Cardiomegaly
train,train/Cardiomegaly/00010897_008.png,1,Cardiomegaly
train,train/Emphysema/00030541_003.png,5,Emphysema
train,train/Infiltration/00000662_010.png,7,Infiltration
train,train/Effusion/00019348_006.png,4,Effusion
train,train/Consolidation/00011303_005.png,2,Consolidation
train,train/Mass/00006927_000.png,8,Mass
train,train/Mass/00010773_000.png,8,Mass
train,train/Emphysema/00029981_002.png,5,Emphysema
train,train/Cardiomegaly/00010372_002.png,1,Cardiomegaly
train,train/Infiltration/00018683_003.png,7,Infiltration
train,train/Cardiomegaly/00012845_001.png,1,Cardiomegaly
train,train/Pneumonia/00017231_001.png,10,Pneumonia
train,train/Fibrosis/00013185_001.png,6,Fibrosis
train,train/Atelectasis/00026747_002.png,0,Atelectasis
train,train/Atelectasis/00016781_000.png,0,Atelectasis
train,train/Effusion/00010973_001.png,4,Effusion
train,train/Fibrosis/00004924_000.png,6,Fibrosis
train,train/Atelectasis/00008888_039.png,0,Atelectasis
train,train/Mass/00015147_005.png,8,Mass
train,train/Cardiomegaly/00006875_029.png,1,Cardiomegaly
train,train/Fibrosis/00003246_000.png,6,Fibrosis
train,train/Atelectasis/00026382_009.png,0,Atelectasis
train,train/Fibrosis/00015166_004.png,6,Fibrosis
train,train/Emphysema/00009132_000.png,5,Emphysema
train,train/Effusion/00003337_000.png,4,Effusion
train,train/Pneumothorax/00028211_008.png,11,Pneumothorax
train,train/Emphysema/00008927_000.png,5,Emphysema
train,train/Effusion/00006449_003.png,4,Effusion
train,train/Mass/00026768_001.png,8,Mass
train,train/Infiltration/00025424_001.png,7,Infiltration
train,train/Edema/00009932_001.png,3,Edema
train,train/Edema/00013052_004.png,3,Edema
train,train/Edema/00018027_010.png,3,Edema
train,train/Cardiomegaly/00023158_000.png,1,Cardiomegaly
train,train/Effusion/00017831_000.png,4,Effusion
train,train/Pneumonia/00022156_007.png,10,Pneumonia
train,train/Emphysema/00015886_000.png,5,Emphysema
train,train/Edema/00010294_036.png,3,Edema
train,train/Fibrosis/00011243_000.png,6,Fibrosis
train,train/Fibrosis/00000359_008.png,6,Fibrosis
train,train/Pneumothorax/00001724_010.png,11,Pneumothorax
train,train/Effusion/00012620_003.png,4,Effusion
train,train/Consolidation/00021114_004.png,2,Consolidation
train,train/Pneumothorax/00021817_002.png,11,Pneumothorax
train,train/Edema/00015075_004.png,3,Edema
train,train/Cardiomegaly/00021565_023.png,1,Cardiomegaly
train,train/Mass/00018650_000.png,8,Mass
train,train/Mass/00009604_006.png,8,Mass
train,train/Fibrosis/00011875_000.png,6,Fibrosis
train,train/Fibrosis/00008009_019.png,6,Fibrosis
train,train/Nodule/00005115_001.png,9,Nodule
train,train/Infiltration/00022304_002.png,7,Infiltration
train,train/Pneumonia/00000144_001.png,10,Pneumonia
train,train/Mass/00012660_002.png,8,Mass
train,train/Atelectasis/00026461_001.png,0,Atelectasis
train,train/Infiltration/00022240_000.png,7,Infiltration
train,train/Effusion/00007804_002.png,4,Effusion
train,train/Cardiomegaly/00013876_007.png,1,Cardiomegaly
train,train/Atelectasis/00025281_000.png,0,Atelectasis
train,train/Emphysema/00008760_000.png,5,Emphysema
train,train/Emphysema/00011454_004.png,5,Emphysema
train,train/Pneumothorax/00003574_000.png,11,Pneumothorax
train,train/Nodule/00013079_002.png,9,Nodule
train,train/Pneumonia/00006985_002.png,10,Pneumonia
train,train/Cardiomegaly/00019349_001.png,1,Cardiomegaly
train,train/Pneumonia/00020928_000.png,10,Pneumonia
train,train/Effusion/00029661_002.png,4,Effusion
train,train/Pneumonia/00021706_004.png,10,Pneumonia
train,train/Fibrosis/00002022_004.png,6,Fibrosis
train,train/Nodule/00006598_001.png,9,Nodule
train,train/Infiltration/00006162_003.png,7,Infiltration
train,train/Consolidation/00007185_004.png,2,Consolidation
train,train/Effusion/00028211_018.png,4,Effusion
train,train/Atelectasis/00012937_005.png,0,Atelectasis
train,train/Cardiomegaly/00029246_000.png,1,Cardiomegaly
train,train/Edema/00021942_006.png,3,Edema
train,train/Pneumothorax/00025650_005.png,11,Pneumothorax
train,train/Emphysema/00002041_000.png,5,Emphysema
train,train/Fibrosis/00000676_000.png,6,Fibrosis
train,train/Cardiomegaly/00009734_000.png,1,Cardiomegaly
train,train/Effusion/00005759_011.png,4,Effusion
train,train/Effusion/00013307_009.png,4,Effusion
train,train/Consolidation/00016861_006.png,2,Consolidation
train,train/Pneumonia/00000061_015.png,10,Pneumonia
train,train/Effusion/00006215_001.png,4,Effusion
train,train/Cardiomegaly/00016415_000.png,1,Cardiomegaly
train,train/Consolidation/00025426_001.png,2,Consolidation
train,train/Atelectasis/00017367_000.png,0,Atelectasis
train,train/Fibrosis/00000517_000.png,6,Fibrosis
train,train/Infiltration/00006816_003.png,7,Infiltration
train,train/Atelectasis/00027415_001.png,0,Atelectasis
train,train/Fibrosis/00001989_004.png,6,Fibrosis
train,train/Emphysema/00008468_037.png,5,Emphysema
train,train/Effusion/00027887_001.png,4,Effusion
train,train/Nodule/00026885_000.png,9,Nodule
train,train/Pneumothorax/00012492_010.png,11,Pneumothorax
train,train/Consolidation/00002248_001.png,2,Consolidation
train,train/Edema/00010350_023.png,3,Edema
train,train/Effusion/00003190_010.png,4,Effusion
train,train/Mass/00007534_021.png,8,Mass
train,train/Effusion/00006220_005.png,4,Effusion
train,train/Infiltration/00022925_000.png,7,Infiltration
train,train/Edema/00027105_001.png,3,Edema
train,train/Nodule/00004436_000.png,9,Nodule
train,train/Infiltration/00029991_008.png,7,Infiltration
train,train/Fibrosis/00005228_001.png,6,Fibrosis
train,train/Effusion/00029674_000.png,4,Effusion
train,train/Fibrosis/00026337_006.png,6,Fibrosis
train,train/Emphysema/00011143_001.png,5,Emphysema
train,train/Infiltration/00022952_002.png,7,Infiltration
train,train/Edema/00014274_006.png,3,Edema
train,train/Consolidation/00016177_015.png,2,Consolidation
train,train/Cardiomegaly/00025290_028.png,1,Cardiomegaly
train,train/Effusion/00010693_022.png,4,Effusion
train,train/Atelectasis/00019216_003.png,0,Atelectasis
train,train/Edema/00022677_004.png,3,Edema
train,train/Cardiomegaly/00006806_001.png,1,Cardiomegaly
train,train/Pneumothorax/00011454_003.png,11,Pneumothorax
train,train/Emphysema/00022245_013.png,5,Emphysema
train,train/Atelectasis/00025450_000.png,0,Atelectasis
train,train/Mass/00008857_000.png,8,Mass
train,train/Nodule/00014567_004.png,9,Nodule
train,train/Fibrosis/00006786_000.png,6,Fibrosis
train,train/Nodule/00026993_000.png,9,Nodule
train,train/Infiltration/00020752_000.png,7,Infiltration
train,train/Atelectasis/00023790_000.png,0,Atelectasis
train,train/Cardiomegaly/00025987_000.png,1,Cardiomegaly
train,train/Pneumonia/00002288_004.png,10,Pneumonia
train,train/Consolidation/00009365_014.png,2,Consolidation
train,train/Mass/00016060_000.png,8,Mass
train,train/Pneumothorax/00004727_003.png,11,Pneumothorax
train,train/Emphysema/00008540_001.png,5,Emphysema
train,train/Atelectasis/00030379_001.png,0,Atelectasis
train,train/Atelectasis/00007422_002.png,0,Atelectasis
train,train/Edema/00020826_005.png,3,Edema
train,train/Fibrosis/00001810_000.png,6,Fibrosis
train,train/Mass/00006116_000.png,8,Mass
train,train/Atelectasis/00021383_005.png,0,Atelectasis
train,train/Fibrosis/00016975_004.png,6,Fibrosis
train,train/Effusion/00010465_004.png,4,Effusion
train,train/Atelectasis/00022677_000.png,0,Atelectasis
train,train/Nodule/00009397_009.png,9,Nodule
train,train/Pneumothorax/00023319_000.png,11,Pneumothorax
train,train/Edema/00001880_003.png,3,Edema
train,train/Edema/00018829_004.png,3,Edema
train,train/Atelectasis/00016918_010.png,0,Atelectasis
train,train/Atelectasis/00000213_003.png,0,Atelectasis
train,train/Effusion/00008817_002.png,4,Effusion
train,train/Cardiomegaly/00003087_000.png,1,Cardiomegaly
train,train/Edema/00011959_001.png,3,Edema
train,train/Infiltration/00006008_016.png,7,Infiltration
train,train/Emphysema/00011952_000.png,5,Emphysema
train,train/Cardiomegaly/00010437_003.png,1,Cardiomegaly
train,train/Edema/00008875_022.png,3,Edema
train,train/Pneumonia/00025383_002.png,10,Pneumonia
train,train/Atelectasis/00005181_000.png,0,Atelectasis
train,train/Emphysema/00025219_001.png,5,Emphysema
train,train/Consolidation/00002457_008.png,2,Consolidation
train,train/Edema/00017605_005.png,3,Edema
train,train/Consolidation/00030631_001.png,2,Consolidation
train,train/Fibrosis/00016684_000.png,6,Fibrosis
train,train/Consolidation/00011379_014.png,2,Consolidation
train,train/Edema/00018254_016.png,3,Edema
train,train/Pneumothorax/00015214_011.png,11,Pneumothorax
train,train/Emphysema/00020548_002.png,5,Emphysema
train,train/Fibrosis/00000316_001.png,6,Fibrosis
train,train/Fibrosis/00004747_001.png,6,Fibrosis
train,train/Effusion/00007458_002.png,4,Effusion
train,train/Consolidation/00006514_006.png,2,Consolidation
train,train/Nodule/00007274_001.png,9,Nodule
train,train/Cardiomegaly/00012898_000.png,1,Cardiomegaly
train,train/Pneumothorax/00002939_003.png,11,Pneumothorax
train,train/Edema/00016376_002.png,3,Edema
train,train/Edema/00027725_044.png,3,Edema
train,train/Nodule/00011764_005.png,9,Nodule
train,train/Atelectasis/00026713_013.png,0,Atelectasis
train,train/Pneumonia/00027320_010.png,10,Pneumonia
train,train/Infiltration/00013594_046.png,7,Infiltration
train,train/Nodule/00005218_023.png,9,Nodule
train,train/Pneumothorax/00002206_006.png,11,Pneumothorax
train,train/Infiltration/00019335_000.png,7,Infiltration
train,train/Nodule/00018087_002.png,9,Nodule
train,train/Edema/00006679_013.png,3,Edema
train,train/Pneumonia/00001162_000.png,10,Pneumonia
train,train/Consolidation/00002412_005.png,2,Consolidation
train,train/Pneumonia/00026729_000.png,10,Pneumonia
train,train/Mass/00016667_000.png,8,Mass
train,train/Atelectasis/00012487_019.png,0,Atelectasis
train,train/Fibrosis/00011747_000.png,6,Fibrosis
train,train/Pneumonia/00013779_000.png,10,Pneumonia
train,train/Edema/00028846_002.png,3,Edema
train,train/Edema/00018164_002.png,3,Edema
train,train/Fibrosis/00001799_000.png,6,Fibrosis
train,train/Fibrosis/00029376_000.png,6,Fibrosis
train,train/Nodule/00011885_000.png,9,Nodule
train,train/Pneumonia/00014436_008.png,10,Pneumonia
train,train/Pneumonia/00013641_048.png,10,Pneumonia
train,train/Emphysema/00020070_002.png,5,Emphysema
train,train/Fibrosis/00000426_001.png,6,Fibrosis
train,train/Cardiomegaly/00012992_001.png,1,Cardiomegaly
train,train/Pneumothorax/00015556_008.png,11,Pneumothorax
train,train/Atelectasis/00014710_012.png,0,Atelectasis
train,train/Consolidation/00008734_002.png,2,Consolidation
train,train/Edema/00027725_009.png,3,Edema
train,train/Edema/00029422_006.png,3,Edema
train,train/Effusion/00005589_001.png,4,Effusion
train,train/Emphysema/00000073_002.png,5,Emphysema
train,train/Cardiomegaly/00003229_000.png,1,Cardiomegaly
train,train/Pneumonia/00026883_001.png,10,Pneumonia
train,train/Nodule/00030679_001.png,9,Nodule
train,train/Mass/00001014_000.png,8,Mass
train,train/Atelectasis/00003447_002.png,0,Atelectasis
train,train/Fibrosis/00008224_000.png,6,Fibrosis
train,train/Emphysema/00030541_004.png,5,Emphysema
train,train/Infiltration/00027358_003.png,7,Infiltration
train,train/Atelectasis/00014674_003.png,0,Atelectasis
train,train/Mass/00019613_000.png,8,Mass
train,train/Infiltration/00014236_007.png,7,Infiltration
train,train/Pneumonia/00025075_006.png,10,Pneumonia
train,train/Pneumonia/00002118_009.png,10,Pneumonia
train,train/Effusion/00020204_005.png,4,Effusion
train,train/Atelectasis/00019092_013.png,0,Atelectasis
train,train/Pneumothorax/00007411_004.png,11,Pneumothorax
train,train/Edema/00010142_007.png,3,Edema
train,train/Infiltration/00017424_016.png,7,Infiltration
train,train/Emphysema/00019935_005.png,5,Emphysema
train,train/Cardiomegaly/00003992_000.png,1,Cardiomegaly
train,train/Fibrosis/00007409_000.png,6,Fibrosis
train,train/Infiltration/00017555_009.png,7,Infiltration
train,train/Pneumothorax/00003574_012.png,11,Pneumothorax
train,train/Emphysema/00022422_001.png,5,Emphysema
train,train/Edema/00018104_006.png,3,Edema
train,train/Effusion/00007055_007.png,4,Effusion
train,train/Cardiomegaly/00029291_000.png,1,Cardiomegaly
train,train/Cardiomegaly/00009595_000.png,1,Cardiomegaly
train,train/Atelectasis/00011021_011.png,0,Atelectasis
train,train/Mass/00010391_001.png,8,Mass
train,train/Effusion/00028934_001.png,4,Effusion
train,train/Nodule/00004519_012.png,9,Nodule
train,train/Pneumothorax/00005365_013.png,11,Pneumothorax
train,train/Consolidation/00029872_000.png,2,Consolidation
train,train/Nodule/00008275_002.png,9,Nodule
train,train/Cardiomegaly/00025810_000.png,1,Cardiomegaly
train,train/Mass/00016798_006.png,8,Mass
train,train/Infiltration/00014599_000.png,7,Infiltration
train,train/Nodule/00011173_000.png,9,Nodule
train,train/Consolidation/00017862_001.png,2,Consolidation
train,train/Pneumothorax/00029903_014.png,11,Pneumothorax
train,train/Cardiomegaly/00001122_016.png,1,Cardiomegaly
train,train/Consolidation/00019176_091.png,2,Consolidation
train,train/Edema/00015572_011.png,3,Edema
train,train/Mass/00009022_001.png,8,Mass
train,train/Effusion/00015679_015.png,4,Effusion
train,train/Cardiomegaly/00023647_000.png,1,Cardiomegaly
train,train/Pneumonia/00026085_000.png,10,Pneumonia
train,train/Infiltration/00013213_002.png,7,Infiltration
train,train/Nodule/00003393_005.png,9,Nodule
train,train/Atelectasis/00005403_018.png,0,Atelectasis
train,train/Cardiomegaly/00006068_002.png,1,Cardiomegaly
train,train/Pneumonia/00000310_001.png,10,Pneumonia
train,train/Fibrosis/00013000_001.png,6,Fibrosis
train,train/Pneumonia/00018960_023.png,10,Pneumonia
train,train/Infiltration/00029774_006.png,7,Infiltration
train,train/Infiltration/00005456_000.png,7,Infiltration
train,train/Pneumonia/00021369_002.png,10,Pneumonia
train,train/Edema/00014435_000.png,3,Edema
train,train/Nodule/00029477_000.png,9,Nodule
train,train/Pneumonia/00022329_001.png,10,Pneumonia
train,train/Consolidation/00007718_012.png,2,Consolidation
train,train/Fibrosis/00029606_000.png,6,Fibrosis
train,train/Consolidation/00015501_000.png,2,Consolidation
train,train/Atelectasis/00001088_016.png,0,Atelectasis
train,train/Fibrosis/00012265_000.png,6,Fibrosis
train,train/Effusion/00012628_023.png,4,Effusion
train,train/Nodule/00021150_000.png,9,Nodule
train,train/Pneumonia/00012158_021.png,10,Pneumonia
train,train/Fibrosis/00013046_000.png,6,Fibrosis
train,train/Pneumonia/00007992_006.png,10,Pneumonia
train,train/Cardiomegaly/00016661_000.png,1,Cardiomegaly
train,train/Edema/00001650_004.png,3,Edema
train,train/Infiltration/00004156_008.png,7,Infiltration
train,train/Fibrosis/00006919_000.png,6,Fibrosis
train,train/Edema/00012426_004.png,3,Edema
train,train/Mass/00016516_000.png,8,Mass
train,train/Consolidation/00014362_011.png,2,Consolidation
train,train/Edema/00014187_000.png,3,Edema
train,train/Cardiomegaly/00000683_002.png,1,Cardiomegaly
train,train/Atelectasis/00019785_000.png,0,Atelectasis
train,train/Mass/00015240_000.png,8,Mass
train,train/Fibrosis/00010758_003.png,6,Fibrosis
train,train/Atelectasis/00018936_003.png,0,Atelectasis
train,train/Atelectasis/00017546_015.png,0,Atelectasis
train,train/Effusion/00002723_007.png,4,Effusion
train,train/Mass/00020477_002.png,8,Mass
train,train/Effusion/00006500_010.png,4,Effusion
train,train/Mass/00007691_004.png,8,Mass
train,train/Infiltration/00019643_024.png,7,Infiltration
train,train/Mass/00014753_002.png,8,Mass
train,train/Pneumothorax/00007700_004.png,11,Pneumothorax
train,train/Mass/00016470_000.png,8,Mass
train,train/Pneumonia/00025806_005.png,10,Pneumonia
train,train/Fibrosis/00000820_025.png,6,Fibrosis
train,train/Pneumothorax/00001429_003.png,11,Pneumothorax
train,train/Effusion/00007848_001.png,4,Effusion
train,train/Infiltration/00017696_000.png,7,Infiltration
train,train/Emphysema/00005826_000.png,5,Emphysema
train,train/Emphysema/00008468_020.png,5,Emphysema
train,train/Fibrosis/00006047_001.png,6,Fibrosis
train,train/Mass/00000624_001.png,8,Mass
train,train/Cardiomegaly/00011498_000.png,1,Cardiomegaly
train,train/Edema/00016232_005.png,3,Edema
train,train/Nodule/00023714_000.png,9,Nodule
train,train/Edema/00012976_004.png,3,Edema
train,train/Cardiomegaly/00027570_000.png,1,Cardiomegaly
train,train/Effusion/00016128_001.png,4,Effusion
train,train/Fibrosis/00003348_006.png,6,Fibrosis
train,train/Emphysema/00008500_000.png,5,Emphysema
train,train/Consolidation/00001788_001.png,2,Consolidation
train,train/Consolidation/00005400_007.png,2,Consolidation
train,train/Infiltration/00003875_009.png,7,Infiltration
train,train/Nodule/00004266_000.png,9,Nodule
train,train/Infiltration/00015122_004.png,7,Infiltration
train,train/Consolidation/00004648_000.png,2,Consolidation
train,train/Cardiomegaly/00001249_009.png,1,Cardiomegaly
train,train/Emphysema/00014565_002.png,5,Emphysema
train,train/Pneumothorax/00001029_002.png,11,Pneumothorax
train,train/Effusion/00008038_002.png,4,Effusion
train,train/Effusion/00014006_006.png,4,Effusion
train,train/Cardiomegaly/00012081_000.png,1,Cardiomegaly
train,train/Consolidation/00017617_001.png,2,Consolidation
train,train/Emphysema/00008468_017.png,5,Emphysema
train,train/Nodule/00006794_002.png,9,Nodule
train,train/Emphysema/00007161_001.png,5,Emphysema
train,train/Cardiomegaly/00000338_000.png,1,Cardiomegaly
train,train/Edema/00010203_005.png,3,Edema
train,train/Effusion/00013231_004.png,4,Effusion
train,train/Fibrosis/00012646_011.png,6,Fibrosis
train,train/Edema/00020094_004.png,3,Edema
train,train/Pneumonia/00028764_002.png,10,Pneumonia
train,train/Effusion/00002720_003.png,4,Effusion
train,train/Cardiomegaly/00013064_002.png,1,Cardiomegaly
train,train/Emphysema/00002337_001.png,5,Emphysema
train,train/Pneumothorax/00021264_004.png,11,Pneumothorax
train,train/Pneumothorax/00003393_054.png,11,Pneumothorax
train,train/Mass/00025128_005.png,8,Mass
train,train/Atelectasis/00003863_009.png,0,Atelectasis
train,train/Edema/00004857_047.png,3,Edema
train,train/Atelectasis/00028814_000.png,0,Atelectasis
train,train/Edema/00017365_003.png,3,Edema
train,train/Mass/00015196_006.png,8,Mass
train,train/Consolidation/00019395_013.png,2,Consolidation
train,train/Mass/00007932_008.png,8,Mass
train,train/Edema/00005254_003.png,3,Edema
train,train/Pneumothorax/00008464_001.png,11,Pneumothorax
train,train/Infiltration/00021239_009.png,7,Infiltration
train,train/Cardiomegaly/00012987_003.png,1,Cardiomegaly
train,train/Pneumothorax/00007590_006.png,11,Pneumothorax
train,train/Pneumothorax/00006506_002.png,11,Pneumothorax
train,train/Effusion/00029672_006.png,4,Effusion
train,train/Pneumonia/00007191_001.png,10,Pneumonia
train,train/Atelectasis/00007497_001.png,0,Atelectasis
train,train/Edema/00019407_002.png,3,Edema
train,train/Emphysema/00006622_001.png,5,Emphysema
train,train/Nodule/00007757_007.png,9,Nodule
train,train/Pneumothorax/00011845_009.png,11,Pneumothorax
train,train/Consolidation/00006469_009.png,2,Consolidation
train,train/Effusion/00021795_000.png,4,Effusion
train,train/Nodule/00022520_003.png,9,Nodule
train,train/Pneumonia/00013447_012.png,10,Pneumonia
train,train/Atelectasis/00016692_001.png,0,Atelectasis
train,train/Fibrosis/00000022_001.png,6,Fibrosis
train,train/Atelectasis/00008004_002.png,0,Atelectasis
train,train/Pneumonia/00009048_002.png,10,Pneumonia
train,train/Mass/00015721_000.png,8,Mass
train,train/Infiltration/00009302_023.png,7,Infiltration
train,train/Effusion/00009659_008.png,4,Effusion
train,train/Atelectasis/00011835_003.png,0,Atelectasis
train,train/Emphysema/00010396_001.png,5,Emphysema
train,train/Effusion/00026835_004.png,4,Effusion
train,train/Infiltration/00008694_005.png,7,Infiltration
train,train/Edema/00013594_012.png,3,Edema
train,train/Pneumonia/00003426_017.png,10,Pneumonia
train,train/Edema/00010524_002.png,3,Edema
train,train/Nodule/00020085_007.png,9,Nodule
train,train/Infiltration/00010319_006.png,7,Infiltration
train,train/Edema/00025905_003.png,3,Edema
train,train/Atelectasis/00028211_015.png,0,Atelectasis
train,train/Emphysema/00012780_000.png,5,Emphysema
train,train/Mass/00014265_027.png,8,Mass
train,train/Effusion/00008039_005.png,4,Effusion
train,train/Fibrosis/00000204_004.png,6,Fibrosis
train,train/Fibrosis/00010825_000.png,6,Fibrosis
train,train/Cardiomegaly/00017953_000.png,1,Cardiomegaly
train,train/Pneumonia/00027266_001.png,10,Pneumonia
train,train/Mass/00007691_006.png,8,Mass
train,train/Consolidation/00011251_008.png,2,Consolidation
train,train/Atelectasis/00003841_002.png,0,Atelectasis
train,train/Pneumothorax/00002766_001.png,11,Pneumothorax
train,train/Atelectasis/00018541_000.png,0,Atelectasis
train,train/Effusion/00003361_009.png,4,Effusion
train,train/Nodule/00010200_002.png,9,Nodule
train,train/Cardiomegaly/00002806_005.png,1,Cardiomegaly
train,train/Nodule/00029196_000.png,9,Nodule
train,train/Pneumonia/00016896_012.png,10,Pneumonia
train,train/Fibrosis/00013842_000.png,6,Fibrosis
train,train/Emphysema/00005167_000.png,5,Emphysema
train,train/Nodule/00010872_006.png,9,Nodule
train,train/Cardiomegaly/00008226_004.png,1,Cardiomegaly
train,train/Atelectasis/00012628_017.png,0,Atelectasis
train,train/Effusion/00007534_008.png,4,Effusion
train,train/Pneumothorax/00010544_016.png,11,Pneumothorax
train,train/Effusion/00028961_003.png,4,Effusion
train,train/Edema/00006679_012.png,3,Edema
train,train/Consolidation/00007007_001.png,2,Consolidation
train,train/Atelectasis/00019784_001.png,0,Atelectasis
train,train/Mass/00017266_001.png,8,Mass
train,train/Emphysema/00025849_028.png,5,Emphysema
train,train/Consolidation/00003478_006.png,2,Consolidation
train,train/Effusion/00005372_009.png,4,Effusion
train,train/Emphysema/00019248_002.png,5,Emphysema
train,train/Mass/00005505_000.png,8,Mass
train,train/Emphysema/00025295_001.png,5,Emphysema
train,train/Infiltration/00020749_001.png,7,Infiltration
train,train/Pneumothorax/00003827_000.png,11,Pneumothorax
train,train/Consolidation/00012735_000.png,2,Consolidation
train,train/Nodule/00000626_001.png,9,Nodule
train,train/Fibrosis/00001974_008.png,6,Fibrosis
train,train/Pneumothorax/00008230_006.png,11,Pneumothorax
train,train/Pneumonia/00020505_022.png,10,Pneumonia
train,train/Cardiomegaly/00023003_002.png,1,Cardiomegaly
train,train/Emphysema/00014299_009.png,5,Emphysema
train,train/Atelectasis/00005485_000.png,0,Atelectasis
train,train/Effusion/00003230_003.png,4,Effusion
train,train/Atelectasis/00008856_000.png,0,Atelectasis
train,train/Cardiomegaly/00016361_000.png,1,Cardiomegaly
train,train/Pneumothorax/00000372_003.png,11,Pneumothorax
train,train/Mass/00005632_000.png,8,Mass
train,train/Pneumonia/00000499_008.png,10,Pneumonia
train,train/Fibrosis/00022069_001.png,6,Fibrosis
train,train/Atelectasis/00014578_000.png,0,Atelectasis
train,train/Effusion/00006996_006.png,4,Effusion
train,train/Cardiomegaly/00002968_000.png,1,Cardiomegaly
train,train/Mass/00005395_000.png,8,Mass
train,train/Mass/00010924_004.png,8,Mass
train,train/Emphysema/00029165_003.png,5,Emphysema
train,train/Atelectasis/00003867_001.png,0,Atelectasis
train,train/Nodule/00003896_005.png,9,Nodule
train,train/Pneumothorax/00003066_000.png,11,Pneumothorax
train,train/Nodule/00005502_002.png,9,Nodule
train,train/Fibrosis/00006192_000.png,6,Fibrosis
train,train/Effusion/00022265_000.png,4,Effusion
train,train/Pneumonia/00011842_002.png,10,Pneumonia
train,train/Consolidation/00012911_003.png,2,Consolidation
train,train/Mass/00007487_000.png,8,Mass
train,train/Fibrosis/00018806_005.png,6,Fibrosis
train,train/Effusion/00016797_002.png,4,Effusion
train,train/Emphysema/00027131_002.png,5,Emphysema
train,train/Edema/00001684_002.png,3,Edema
train,train/Infiltration/00020339_001.png,7,Infiltration
train,train/Effusion/00022070_003.png,4,Effusion
train,train/Nodule/00000093_000.png,9,Nodule
train,train/Infiltration/00009870_000.png,7,Infiltration
train,train/Fibrosis/00001741_003.png,6,Fibrosis
train,train/Effusion/00027465_007.png,4,Effusion
train,train/Fibrosis/00004641_001.png,6,Fibrosis
train,train/Mass/00030157_001.png,8,Mass
train,train/Emphysema/00012416_005.png,5,Emphysema
train,train/Pneumothorax/00027725_064.png,11,Pneumothorax
train,train/Pneumothorax/00026597_007.png,11,Pneumothorax
train,train/Pneumothorax/00027066_012.png,11,Pneumothorax
train,train/Cardiomegaly/00018944_010.png,1,Cardiomegaly
train,train/Pneumonia/00002572_006.png,10,Pneumonia
train,train/Pneumonia/00005638_000.png,10,Pneumonia
train,train/Fibrosis/00007603_000.png,6,Fibrosis
train,train/Effusion/00003523_024.png,4,Effusion
train,train/Edema/00010509_006.png,3,Edema
train,train/Consolidation/00018643_003.png,2,Consolidation
train,train/Consolidation/00009641_006.png,2,Consolidation
train,train/Infiltration/00015803_002.png,7,Infiltration
train,train/Pneumothorax/00007076_015.png,11,Pneumothorax
train,train/Mass/00014657_001.png,8,Mass
train,train/Mass/00014265_015.png,8,Mass
train,train/Nodule/00010516_001.png,9,Nodule
train,train/Infiltration/00025901_000.png,7,Infiltration
train,train/Emphysema/00004317_003.png,5,Emphysema
train,train/Nodule/00020009_000.png,9,Nodule
train,train/Pneumothorax/00019233_006.png,11,Pneumothorax
train,train/Atelectasis/00000627_028.png,0,Atelectasis
train,train/Atelectasis/00000086_002.png,0,Atelectasis
train,train/Edema/00001847_005.png,3,Edema
train,train/Cardiomegaly/00007858_004.png,1,Cardiomegaly
train,train/Cardiomegaly/00021958_000.png,1,Cardiomegaly
train,train/Nodule/00013449_001.png,9,Nodule
train,train/Atelectasis/00021537_000.png,0,Atelectasis
train,train/Effusion/00021939_004.png,4,Effusion
train,train/Mass/00007932_005.png,8,Mass
train,train/Pneumonia/00027415_064.png,10,Pneumonia
train,train/Consolidation/00004833_019.png,2,Consolidation
train,train/Pneumothorax/00008465_004.png,11,Pneumothorax
train,train/Fibrosis/00000924_000.png,6,Fibrosis
train,train/Consolidation/00010531_081.png,2,Consolidation
train,train/Cardiomegaly/00016589_000.png,1,Cardiomegaly
train,train/Nodule/00020631_000.png,9,Nodule
train,train/Consolidation/00028583_000.png,2,Consolidation
train,train/Atelectasis/00029959_005.png,0,Atelectasis
train,train/Infiltration/00020908_003.png,7,Infiltration
train,train/Fibrosis/00004048_012.png,6,Fibrosis
train,train/Atelectasis/00014683_001.png,0,Atelectasis
train,train/Atelectasis/00025429_000.png,0,Atelectasis
train,train/Emphysema/00003985_000.png,5,Emphysema
train,train/Effusion/00007185_009.png,4,Effusion
train,train/Pneumothorax/00012687_008.png,11,Pneumothorax
train,train/Nodule/00003759_000.png,9,Nodule
train,train/Edema/00002412_000.png,3,Edema
train,train/Consolidation/00003702_001.png,2,Consolidation
train,train/Edema/00011711_004.png,3,Edema
train,train/Fibrosis/00023261_000.png,6,Fibrosis
train,train/Atelectasis/00013849_000.png,0,Atelectasis
train,train/Consolidation/00019299_011.png,2,Consolidation
train,train/Pneumonia/00016778_028.png,10,Pneumonia
train,train/Nodule/00000199_005.png,9,Nodule
train,train/Fibrosis/00007317_019.png,6,Fibrosis
train,train/Nodule/00006881_002.png,9,Nodule
train,train/Atelectasis/00014059_000.png,0,Atelectasis
train,train/Atelectasis/00020642_004.png,0,Atelectasis
train,train/Pneumonia/00005274_011.png,10,Pneumonia
train,train/Edema/00007944_003.png,3,Edema
train,train/Consolidation/00003005_020.png,2,Consolidation
train,train/Atelectasis/00024299_000.png,0,Atelectasis
train,train/Atelectasis/00002321_000.png,0,Atelectasis
train,train/Edema/00016406_002.png,3,Edema
train,train/Pneumonia/00006490_006.png,10,Pneumonia
train,train/Pneumothorax/00010864_009.png,11,Pneumothorax
train,train/Emphysema/00009736_007.png,5,Emphysema
train,train/Effusion/00001616_012.png,4,Effusion
train,train/Pneumothorax/00002146_007.png,11,Pneumothorax
train,train/Pneumothorax/00011752_007.png,11,Pneumothorax
train,train/Infiltration/00023722_001.png,7,Infiltration
train,train/Pneumothorax/00003423_019.png,11,Pneumothorax
train,train/Infiltration/00015700_010.png,7,Infiltration
train,train/Effusion/00007564_003.png,4,Effusion
train,train/Consolidation/00002425_000.png,2,Consolidation
train,train/Pneumothorax/00008376_001.png,11,Pneumothorax
train,train/Infiltration/00013823_001.png,7,Infiltration
train,train/Cardiomegaly/00009841_000.png,1,Cardiomegaly
train,train/Edema/00016410_011.png,3,Edema
train,train/Atelectasis/00019041_003.png,0,Atelectasis
train,train/Mass/00014653_000.png,8,Mass
train,train/Emphysema/00012620_000.png,5,Emphysema
train,train/Emphysema/00017266_002.png,5,Emphysema
train,train/Infiltration/00000634_003.png,7,Infiltration
train,train/Infiltration/00016220_003.png,7,Infiltration
train,train/Atelectasis/00019176_029.png,0,Atelectasis
train,train/Cardiomegaly/00003989_003.png,1,Cardiomegaly
train,train/Infiltration/00005138_007.png,7,Infiltration
train,train/Emphysema/00015319_000.png,5,Emphysema
train,train/Emphysema/00020020_006.png,5,Emphysema
train,train/Fibrosis/00000938_001.png,6,Fibrosis
train,train/Emphysema/00019141_001.png,5,Emphysema
train,train/Fibrosis/00012570_000.png,6,Fibrosis
train,train/Pneumothorax/00026738_005.png,11,Pneumothorax
train,train/Fibrosis/00010837_000.png,6,Fibrosis
train,train/Effusion/00012935_024.png,4,Effusion
train,train/Atelectasis/00010794_005.png,0,Atelectasis
train,train/Effusion/00018845_000.png,4,Effusion
train,train/Pneumothorax/00021976_012.png,11,Pneumothorax
train,train/Infiltration/00026209_000.png,7,Infiltration
train,train/Fibrosis/00003104_004.png,6,Fibrosis
train,train/Pneumothorax/00000071_001.png,11,Pneumothorax
train,train/Cardiomegaly/00002742_000.png,1,Cardiomegaly
train,train/Pneumonia/00014393_007.png,10,Pneumonia
train,train/Mass/00021383_001.png,8,Mass
train,train/Emphysema/00014849_004.png,5,Emphysema
train,train/Pneumothorax/00006605_025.png,11,Pneumothorax
train,train/Effusion/00013641_050.png,4,Effusion
train,train/Pneumonia/00020076_002.png,10,Pneumonia
train,train/Cardiomegaly/00004003_000.png,1,Cardiomegaly
train,train/Cardiomegaly/00000038_003.png,1,Cardiomegaly
train,train/Edema/00018972_052.png,3,Edema
train,train/Emphysema/00025295_002.png,5,Emphysema
train,train/Mass/00019774_004.png,8,Mass
train,train/Nodule/00019396_001.png,9,Nodule
train,train/Cardiomegaly/00006875_022.png,1,Cardiomegaly
train,train/Nodule/00020967_021.png,9,Nodule
train,train/Nodule/00018852_001.png,9,Nodule
train,train/Consolidation/00013418_000.png,2,Consolidation
train,train/Consolidation/00019899_006.png,2,Consolidation
train,train/Emphysema/00014831_000.png,5,Emphysema
train,train/Pneumonia/00019962_002.png,10,Pneumonia
train,train/Effusion/00010794_001.png,4,Effusion
train,train/Emphysema/00011143_006.png,5,Emphysema
train,train/Nodule/00002834_003.png,9,Nodule
train,train/Consolidation/00012072_005.png,2,Consolidation
train,train/Consolidation/00005403_006.png,2,Consolidation
train,train/Nodule/00012704_002.png,9,Nodule
train,train/Infiltration/00018884_003.png,7,Infiltration
train,train/Infiltration/00024411_000.png,7,Infiltration
train,train/Emphysema/00014224_001.png,5,Emphysema
train,train/Fibrosis/00008009_012.png,6,Fibrosis
train,train/Infiltration/00025994_001.png,7,Infiltration
train,train/Pneumonia/00011553_007.png,10,Pneumonia
train,train/Infiltration/00002491_007.png,7,Infiltration
train,train/Cardiomegaly/00004728_001.png,1,Cardiomegaly
train,train/Cardiomegaly/00013601_022.png,1,Cardiomegaly
train,train/Consolidation/00002048_003.png,2,Consolidation
train,train/Cardiomegaly/00016322_000.png,1,Cardiomegaly
train,train/Mass/00000711_000.png,8,Mass
train,train/Cardiomegaly/00010388_001.png,1,Cardiomegaly
train,train/Pneumothorax/00022182_001.png,11,Pneumothorax
train,train/Pneumothorax/00027066_008.png,11,Pneumothorax
train,train/Pneumothorax/00005395_007.png,11,Pneumothorax
train,train/Pneumonia/00021571_000.png,10,Pneumonia
train,train/Atelectasis/00003459_024.png,0,Atelectasis
train,train/Fibrosis/00025096_002.png,6,Fibrosis
train,train/Pneumothorax/00008230_004.png,11,Pneumothorax
train,train/Edema/00010222_016.png,3,Edema
train,train/Fibrosis/00018325_005.png,6,Fibrosis
train,train/Nodule/00002204_001.png,9,Nodule
train,train/Consolidation/00019176_054.png,2,Consolidation
train,train/Effusion/00029348_000.png,4,Effusion
train,train/Edema/00000459_043.png,3,Edema
train,train/Effusion/00002860_009.png,4,Effusion
train,train/Cardiomegaly/00023246_000.png,1,Cardiomegaly
train,train/Emphysema/00010583_007.png,5,Emphysema
train,train/Mass/00015685_002.png,8,Mass
train,train/Consolidation/00016079_001.png,2,Consolidation
train,train/Consolidation/00016410_010.png,2,Consolidation
train,train/Mass/00001637_010.png,8,Mass
train,train/Nodule/00022326_003.png,9,Nodule
train,train/Edema/00004646_007.png,3,Edema
train,train/Edema/00011632_004.png,3,Edema
train,train/Effusion/00002339_007.png,4,Effusion
train,train/Pneumonia/00010544_029.png,10,Pneumonia
train,train/Infiltration/00002308_000.png,7,Infiltration
train,train/Effusion/00000572_001.png,4,Effusion
train,train/Mass/00010032_010.png,8,Mass
train,train/Cardiomegaly/00019801_000.png,1,Cardiomegaly
train,train/Edema/00001650_005.png,3,Edema
train,train/Edema/00013601_014.png,3,Edema
train,train/Edema/00025181_010.png,3,Edema
train,train/Edema/00016821_008.png,3,Edema
train,train/Mass/00022055_000.png,8,Mass
train,train/Cardiomegaly/00030490_000.png,1,Cardiomegaly
train,train/Cardiomegaly/00006799_002.png,1,Cardiomegaly
train,train/Emphysema/00005811_001.png,5,Emphysema
train,train/Consolidation/00012726_001.png,2,Consolidation
train,train/Pneumothorax/00022651_009.png,11,Pneumothorax
train,train/Effusion/00009595_014.png,4,Effusion
train,train/Pneumothorax/00018117_015.png,11,Pneumothorax
train,train/Infiltration/00027141_003.png,7,Infiltration
train,train/Cardiomegaly/00021790_000.png,1,Cardiomegaly
train,train/Fibrosis/00007255_000.png,6,Fibrosis
train,train/Nodule/00009955_000.png,9,Nodule
train,train/Pneumonia/00011966_007.png,10,Pneumonia
train,train/Pneumonia/00019770_000.png,10,Pneumonia
train,train/Edema/00007256_016.png,3,Edema
train,train/Emphysema/00006325_004.png,5,Emphysema
train,train/Cardiomegaly/00017047_000.png,1,Cardiomegaly
train,train/Effusion/00010091_000.png,4,Effusion
train,train/Pneumothorax/00010695_015.png,11,Pneumothorax
train,train/Emphysema/00028515_000.png,5,Emphysema
train,train/Cardiomegaly/00023452_000.png,1,Cardiomegaly
train,train/Consolidation/00024963_000.png,2,Consolidation
train,train/Atelectasis/00009640_006.png,0,Atelectasis
train,train/Pneumothorax/00004517_005.png,11,Pneumothorax
train,train/Effusion/00012935_006.png,4,Effusion
train,train/Pneumothorax/00008664_001.png,11,Pneumothorax
train,train/Nodule/00013737_000.png,9,Nodule
train,train/Nodule/00020194_000.png,9,Nodule
train,train/Pneumonia/00015826_036.png,10,Pneumonia
train,train/Fibrosis/00010409_000.png,6,Fibrosis
train,train/Nodule/00027574_000.png,9,Nodule
train,train/Pneumonia/00002451_007.png,10,Pneumonia
train,train/Fibrosis/00001238_000.png,6,Fibrosis
train,train/Nodule/00001722_000.png,9,Nodule
train,train/Pneumothorax/00002355_004.png,11,Pneumothorax
train,train/Edema/00007864_006.png,3,Edema
train,train/Pneumonia/00028874_003.png,10,Pneumonia
train,train/Effusion/00011950_002.png,4,Effusion
train,train/Atelectasis/00013116_000.png,0,Atelectasis
train,train/Effusion/00004269_002.png,4,Effusion
train,train/Infiltration/00005069_015.png,7,Infiltration
train,train/Edema/00000459_044.png,3,Edema
train,train/Infiltration/00027416_000.png,7,Infiltration
train,train/Pneumonia/00022201_000.png,10,Pneumonia
train,train/Cardiomegaly/00009174_000.png,1,Cardiomegaly
train,train/Emphysema/00009165_000.png,5,Emphysema
train,train/Pneumonia/00011472_001.png,10,Pneumonia
train,train/Pneumothorax/00002206_009.png,11,Pneumothorax
train,train/Cardiomegaly/00010454_000.png,1,Cardiomegaly
train,train/Atelectasis/00001984_014.png,0,Atelectasis
train,train/Emphysema/00017266_009.png,5,Emphysema
train,train/Effusion/00015886_006.png,4,Effusion
train,train/Emphysema/00022559_007.png,5,Emphysema
train,train/Edema/00001684_004.png,3,Edema
train,train/Consolidation/00017941_011.png,2,Consolidation
train,train/Emphysema/00020450_011.png,5,Emphysema
train,train/Fibrosis/00018806_000.png,6,Fibrosis
train,train/Infiltration/00017792_001.png,7,Infiltration
train,train/Consolidation/00007437_000.png,2,Consolidation
train,train/Mass/00005348_015.png,8,Mass
train,train/Effusion/00016780_004.png,4,Effusion
train,train/Atelectasis/00008462_002.png,0,Atelectasis
train,train/Consolidation/00012628_049.png,2,Consolidation
train,train/Nodule/00009293_002.png,9,Nodule
train,train/Pneumothorax/00021976_011.png,11,Pneumothorax
train,train/Effusion/00016574_001.png,4,Effusion
train,train/Nodule/00027621_009.png,9,Nodule
train,train/Pneumothorax/00003190_022.png,11,Pneumothorax
train,train/Pneumothorax/00020286_002.png,11,Pneumothorax
train,train/Consolidation/00019660_001.png,2,Consolidation
train,train/Atelectasis/00003002_020.png,0,Atelectasis
train,train/Emphysema/00006960_006.png,5,Emphysema
train,train/Edema/00019605_008.png,3,Edema
train,train/Mass/00019959_002.png,8,Mass
train,train/Nodule/00022684_001.png,9,Nodule
train,train/Consolidation/00008518_008.png,2,Consolidation
train,train/Effusion/00008341_005.png,4,Effusion
train,train/Emphysema/00005993_001.png,5,Emphysema
train,train/Infiltration/00021283_000.png,7,Infiltration
train,train/Consolidation/00001255_013.png,2,Consolidation
train,train/Pneumothorax/00015892_002.png,11,Pneumothorax
train,train/Pneumothorax/00011423_008.png,11,Pneumothorax
train,train/Pneumothorax/00015044_006.png,11,Pneumothorax
train,train/Atelectasis/00020529_000.png,0,Atelectasis
train,train/Atelectasis/00006653_004.png,0,Atelectasis
train,train/Consolidation/00019092_007.png,2,Consolidation
train,train/Pneumothorax/00010548_000.png,11,Pneumothorax
train,train/Pneumonia/00015809_014.png,10,Pneumonia
train,train/Pneumonia/00021706_005.png,10,Pneumonia
train,train/Cardiomegaly/00016649_015.png,1,Cardiomegaly
train,train/Effusion/00011230_001.png,4,Effusion
train,train/Mass/00013359_005.png,8,Mass
train,train/Mass/00013747_002.png,8,Mass
train,train/Effusion/00026099_000.png,4,Effusion
train,train/Pneumothorax/00001894_003.png,11,Pneumothorax
train,train/Infiltration/00000005_006.png,7,Infiltration
train,train/Effusion/00008567_004.png,4,Effusion
train,train/Fibrosis/00009319_000.png,6,Fibrosis
train,train/Emphysema/00007643_000.png,5,Emphysema
train,train/Cardiomegaly/00019940_002.png,1,Cardiomegaly
train,train/Effusion/00020326_095.png,4,Effusion
train,train/Edema/00010315_005.png,3,Edema
train,train/Pneumothorax/00020458_019.png,11,Pneumothorax
train,train/Cardiomegaly/00007654_000.png,1,Cardiomegaly
train,train/Infiltration/00015897_000.png,7,Infiltration
train,train/Mass/00015793_005.png,8,Mass
train,train/Infiltration/00006162_005.png,7,Infiltration
train,train/Mass/00009671_000.png,8,Mass
train,train/Emphysema/00011065_005.png,5,Emphysema
train,train/Mass/00009939_000.png,8,Mass
train,train/Effusion/00010613_016.png,4,Effusion
train,train/Mass/00011630_004.png,8,Mass
train,train/Effusion/00004772_001.png,4,Effusion
train,train/Consolidation/00001255_034.png,2,Consolidation
train,train/Atelectasis/00018044_030.png,0,Atelectasis
train,train/Cardiomegaly/00003989_024.png,1,Cardiomegaly
train,train/Mass/00001410_000.png,8,Mass
train,train/Infiltration/00002479_002.png,7,Infiltration
train,train/Nodule/00028195_000.png,9,Nodule
train,train/Emphysema/00003523_032.png,5,Emphysema
train,train/Pneumothorax/00020450_003.png,11,Pneumothorax
train,train/Consolidation/00002412_007.png,2,Consolidation
train,train/Infiltration/00019785_020.png,7,Infiltration
train,train/Atelectasis/00006237_007.png,0,Atelectasis
train,train/Consolidation/00020469_010.png,2,Consolidation
train,train/Consolidation/00019726_006.png,2,Consolidation
train,train/Consolidation/00006480_007.png,2,Consolidation
train,train/Atelectasis/00027492_003.png,0,Atelectasis
train,train/Edema/00016167_008.png,3,Edema
train,train/Atelectasis/00017061_004.png,0,Atelectasis
train,train/Nodule/00001738_002.png,9,Nodule
train,train/Nodule/00001974_012.png,9,Nodule
train,train/Consolidation/00004360_003.png,2,Consolidation
train,train/Fibrosis/00005277_002.png,6,Fibrosis
train,train/Edema/00026515_005.png,3,Edema
train,train/Cardiomegaly/00026522_000.png,1,Cardiomegaly
train,train/Consolidation/00016577_014.png,2,Consolidation
train,train/Infiltration/00022885_000.png,7,Infiltration
train,train/Cardiomegaly/00009932_002.png,1,Cardiomegaly
train,train/Nodule/00013737_001.png,9,Nodule
train,train/Pneumonia/00025607_001.png,10,Pneumonia
train,train/Atelectasis/00005521_000.png,0,Atelectasis
train,train/Pneumothorax/00009325_005.png,11,Pneumothorax
train,train/Infiltration/00008023_005.png,7,Infiltration
train,train/Pneumonia/00027648_005.png,10,Pneumonia
train,train/Fibrosis/00003675_000.png,6,Fibrosis
train,train/Consolidation/00030268_001.png,2,Consolidation
train,train/Cardiomegaly/00030276_000.png,1,Cardiomegaly
train,train/Effusion/00017258_011.png,4,Effusion
train,train/Mass/00006113_002.png,8,Mass
train,train/Emphysema/00016821_001.png,5,Emphysema
train,train/Cardiomegaly/00028216_000.png,1,Cardiomegaly
train,train/Fibrosis/00001409_002.png,6,Fibrosis
train,train/Cardiomegaly/00026225_000.png,1,Cardiomegaly
train,train/Consolidation/00015152_003.png,2,Consolidation
train,train/Edema/00010315_007.png,3,Edema
train,train/Nodule/00015809_022.png,9,Nodule
train,train/Pneumothorax/00020880_003.png,11,Pneumothorax
train,train/Infiltration/00026970_001.png,7,Infiltration
train,train/Infiltration/00029215_000.png,7,Infiltration
train,train/Pneumonia/00021895_001.png,10,Pneumonia
train,train/Consolidation/00013467_020.png,2,Consolidation
train,train/Pneumothorax/00016805_012.png,11,Pneumothorax
train,train/Consolidation/00030410_002.png,2,Consolidation
train,train/Pneumothorax/00017731_007.png,11,Pneumothorax
train,train/Cardiomegaly/00027292_001.png,1,Cardiomegaly
train,train/Fibrosis/00019522_008.png,6,Fibrosis
train,train/Fibrosis/00022537_001.png,6,Fibrosis
train,train/Edema/00003534_031.png,3,Edema
train,train/Cardiomegaly/00007326_000.png,1,Cardiomegaly
train,train/Effusion/00002860_020.png,4,Effusion
train,train/Cardiomegaly/00018450_000.png,1,Cardiomegaly
train,train/Cardiomegaly/00000287_000.png,1,Cardiomegaly
train,train/Cardiomegaly/00002806_000.png,1,Cardiomegaly
train,train/Mass/00014601_000.png,8,Mass
train,train/Edema/00018104_005.png,3,Edema
train,train/Emphysema/00010369_002.png,5,Emphysema
train,train/Pneumothorax/00021610_025.png,11,Pneumothorax
train,train/Mass/00021581_000.png,8,Mass
train,train/Consolidation/00004798_008.png,2,Consolidation
train,train/Pneumonia/00002360_002.png,10,Pneumonia
train,train/Pneumothorax/00023258_002.png,11,Pneumothorax
train,train/Edema/00000459_053.png,3,Edema
train,train/Consolidation/00015914_009.png,2,Consolidation
train,train/Edema/00005195_001.png,3,Edema
train,train/Mass/00007932_010.png,8,Mass
train,train/Consolidation/00010097_005.png,2,Consolidation
train,train/Consolidation/00003606_001.png,2,Consolidation
train,train/Cardiomegaly/00013407_003.png,1,Cardiomegaly
train,train/Edema/00013073_004.png,3,Edema
train,train/Mass/00004416_000.png,8,Mass
train,train/Nodule/00027365_000.png,9,Nodule
train,train/Mass/00015848_000.png,8,Mass
train,train/Nodule/00021074_000.png,9,Nodule
train,train/Pneumothorax/00007121_002.png,11,Pneumothorax
train,train/Atelectasis/00012472_001.png,0,Atelectasis
train,train/Pneumonia/00001317_002.png,10,Pneumonia
train,train/Nodule/00018765_001.png,9,Nodule
train,train/Consolidation/00001853_000.png,2,Consolidation
train,train/Mass/00001034_000.png,8,Mass
train,train/Pneumonia/00003248_007.png,10,Pneumonia
train,train/Edema/00016074_007.png,3,Edema
train,train/Fibrosis/00001689_005.png,6,Fibrosis
train,train/Atelectasis/00011508_000.png,0,Atelectasis
val,train/Nodule/00028765_000.png,9,Nodule
val,train/Nodule/00021035_016.png,9,Nodule
val,train/Cardiomegaly/00006875_011.png,1,Cardiomegaly
val,train/Nodule/00007206_000.png,9,Nodule
val,train/Pneumothorax/00029165_000.png,11,Pneumothorax
val,train/Emphysema/00003523_037.png,5,Emphysema
val,train/Mass/00025169_000.png,8,Mass
val,train/Pneumonia/00003523_011.png,10,Pneumonia
val,train/Infiltration/00003392_036.png,7,Infiltration
val,train/Effusion/00006010_004.png,4,Effusion
val,train/Cardiomegaly/00006531_001.png,1,Cardiomegaly
val,train/Fibrosis/00003728_000.png,6,Fibrosis
val,train/Nodule/00000157_000.png,9,Nodule
val,train/Effusion/00026167_004.png,4,Effusion
val,train/Pneumonia/00026366_001.png,10,Pneumonia
val,train/Atelectasis/00030054_000.png,0,Atelectasis
val,train/Emphysema/00029155_000.png,5,Emphysema
val,train/Edema/00015376_031.png,3,Edema
val,train/Effusion/00014153_000.png,4,Effusion
val,train/Effusion/00019978_003.png,4,Effusion
val,train/Cardiomegaly/00003283_000.png,1,Cardiomegaly
val,train/Fibrosis/00014676_000.png,6,Fibrosis
val,train/Mass/00025924_028.png,8,Mass
val,train/Consolidation/00019660_000.png,2,Consolidation
val,train/Consolidation/00028912_003.png,2,Consolidation
val,train/Fibrosis/00013610_000.png,6,Fibrosis
val,train/Consolidation/00010901_003.png,2,Consolidation
val,train/Pneumothorax/00008815_000.png,11,Pneumothorax
val,train/Infiltration/00010233_000.png,7,Infiltration
val,train/Infiltration/00013714_007.png,7,Infiltration
val,train/Pneumonia/00001637_001.png,10,Pneumonia
val,train/Nodule/00014219_000.png,9,Nodule
val,train/Pneumonia/00016213_007.png,10,Pneumonia
val,train/Mass/00007532_000.png,8,Mass
val,train/Consolidation/00003329_001.png,2,Consolidation
val,train/Edema/00017365_005.png,3,Edema
val,train/Nodule/00018964_000.png,9,Nodule
val,train/Cardiomegaly/00003414_000.png,1,Cardiomegaly
val,train/Atelectasis/00008922_017.png,0,Atelectasis
val,train/Atelectasis/00003691_000.png,0,Atelectasis
val,train/Fibrosis/00010278_000.png,6,Fibrosis
val,train/Consolidation/00026966_002.png,2,Consolidation
val,train/Mass/00003470_003.png,8,Mass
val,train/Fibrosis/00008491_000.png,6,Fibrosis
val,train/Cardiomegaly/00016220_023.png,1,Cardiomegaly
val,train/Infiltration/00028308_001.png,7,Infiltration
val,train/Cardiomegaly/00012250_001.png,1,Cardiomegaly
val,train/Infiltration/00025766_001.png,7,Infiltration
val,train/Effusion/00009988_005.png,4,Effusion
val,train/Atelectasis/00019788_001.png,0,Atelectasis
val,train/Pneumonia/00009903_000.png,10,Pneumonia
val,train/Emphysema/00025849_030.png,5,Emphysema
val,train/Emphysema/00012761_006.png,5,Emphysema
val,train/Consolidation/00007762_011.png,2,Consolidation
val,train/Nodule/00001654_001.png,9,Nodule
val,train/Emphysema/00015606_051.png,5,Emphysema
val,train/Pneumonia/00026908_002.png,10,Pneumonia
val,train/Nodule/00012520_006.png,9,Nodule
val,train/Effusion/00028612_002.png,4,Effusion
val,train/Pneumothorax/00014129_013.png,11,Pneumothorax
val,train/Consolidation/00006248_000.png,2,Consolidation
val,train/Nodule/00005722_046.png,9,Nodule
val,train/Infiltration/00012907_019.png,7,Infiltration
val,train/Nodule/00014981_001.png,9,Nodule
val,train/Consolidation/00021808_003.png,2,Consolidation
val,train/Pneumothorax/00003126_011.png,11,Pneumothorax
val,train/Consolidation/00025600_003.png,2,Consolidation
val,train/Emphysema/00008468_042.png,5,Emphysema
val,train/Infiltration/00016143_003.png,7,Infiltration
val,train/Pneumonia/00018843_000.png,10,Pneumonia
val,train/Nodule/00029891_000.png,9,Nodule
val,train/Atelectasis/00015879_002.png,0,Atelectasis
val,train/Pneumonia/00015338_015.png,10,Pneumonia
val,train/Cardiomegaly/00021058_000.png,1,Cardiomegaly
val,train/Cardiomegaly/00003091_000.png,1,Cardiomegaly
val,train/Mass/00025234_004.png,8,Mass
val,train/Emphysema/00005666_008.png,5,Emphysema
val,train/Effusion/00019677_001.png,4,Effusion
val,train/Infiltration/00028167_000.png,7,Infiltration
val,train/Infiltration/00008275_006.png,7,Infiltration
val,train/Pneumothorax/00030541_002.png,11,Pneumothorax
val,train/Nodule/00022491_000.png,9,Nodule
val,train/Consolidation/00017793_000.png,2,Consolidation
val,train/Atelectasis/00016124_002.png,0,Atelectasis
val,train/Consolidation/00002666_007.png,2,Consolidation
val,train/Edema/00014129_007.png,3,Edema
val,train/Cardiomegaly/00012276_018.png,1,Cardiomegaly
val,train/Emphysema/00025849_043.png,5,Emphysema
val,train/Emphysema/00011723_000.png,5,Emphysema
val,train/Pneumothorax/00000322_010.png,11,Pneumothorax
val,train/Cardiomegaly/00011235_003.png,1,Cardiomegaly
val,train/Fibrosis/00002438_000.png,6,Fibrosis
val,train/Nodule/00008950_000.png,9,Nodule
val,train/Mass/00006440_001.png,8,Mass
val,train/Infiltration/00013798_003.png,7,Infiltration
val,train/Atelectasis/00013831_000.png,0,Atelectasis
val,train/Consolidation/00012315_012.png,2,Consolidation
val,train/Atelectasis/00016099_001.png,0,Atelectasis
val,train/Effusion/00005467_009.png,4,Effusion
val,train/Pneumothorax/00020286_003.png,11,Pneumothorax
val,train/Effusion/00012880_022.png,4,Effusion
val,train/Edema/00011122_005.png,3,Edema
val,train/Emphysema/00015606_048.png,5,Emphysema
val,train/Pneumonia/00007624_024.png,10,Pneumonia
val,train/Effusion/00013019_002.png,4,Effusion
val,train/Effusion/00012935_014.png,4,Effusion
val,train/Pneumothorax/00002796_010.png,11,Pneumothorax
val,train/Cardiomegaly/00012985_000.png,1,Cardiomegaly
val,train/Nodule/00030638_000.png,9,Nodule
val,train/Effusion/00004034_013.png,4,Effusion
val,train/Atelectasis/00022283_002.png,0,Atelectasis
val,train/Mass/00004222_000.png,8,Mass
val,train/Effusion/00001473_004.png,4,Effusion
val,train/Cardiomegaly/00029459_002.png,1,Cardiomegaly
val,train/Atelectasis/00023014_000.png,0,Atelectasis
val,train/Fibrosis/00000586_000.png,6,Fibrosis
val,train/Pneumothorax/00020773_007.png,11,Pneumothorax
val,train/Nodule/00021942_016.png,9,Nodule
val,train/Infiltration/00026117_000.png,7,Infiltration
val,train/Fibrosis/00002649_019.png,6,Fibrosis
val,train/Edema/00006978_004.png,3,Edema
val,train/Effusion/00007960_001.png,4,Effusion
val,train/Fibrosis/00003344_001.png,6,Fibrosis
val,train/Effusion/00010390_002.png,4,Effusion
val,train/Pneumonia/00021584_001.png,10,Pneumonia
val,train/Nodule/00015162_000.png,9,Nodule
val,train/Infiltration/00008036_005.png,7,Infiltration
val,train/Infiltration/00025865_000.png,7,Infiltration
val,train/Infiltration/00000062_000.png,7,Infiltration
val,train/Cardiomegaly/00005942_001.png,1,Cardiomegaly
val,train/Pneumothorax/00007576_014.png,11,Pneumothorax
val,train/Mass/00012513_000.png,8,Mass
val,train/Fibrosis/00010698_012.png,6,Fibrosis
val,train/Emphysema/00029165_006.png,5,Emphysema
val,train/Atelectasis/00002723_004.png,0,Atelectasis
val,train/Effusion/00014074_004.png,4,Effusion
val,train/Edema/00001249_006.png,3,Edema
val,train/Edema/00013231_008.png,3,Edema
val,train/Consolidation/00006296_013.png,2,Consolidation
val,train/Cardiomegaly/00017705_004.png,1,Cardiomegaly
val,train/Emphysema/00004571_006.png,5,Emphysema
val,train/Nodule/00004928_002.png,9,Nodule
val,train/Cardiomegaly/00025144_000.png,1,Cardiomegaly
val,train/Pneumonia/00019894_038.png,10,Pneumonia
val,train/Edema/00011711_007.png,3,Edema
val,train/Pneumothorax/00007572_003.png,11,Pneumothorax
val,train/Pneumothorax/00016410_038.png,11,Pneumothorax
val,train/Mass/00013543_000.png,8,Mass
val,train/Nodule/00015376_032.png,9,Nodule
val,train/Pneumothorax/00011491_001.png,11,Pneumothorax
val,train/Pneumothorax/00005957_000.png,11,Pneumothorax
val,train/Infiltration/00006375_000.png,7,Infiltration
val,train/Nodule/00022030_004.png,9,Nodule
val,train/Fibrosis/00001303_003.png,6,Fibrosis
val,train/Edema/00007862_005.png,3,Edema
val,train/Consolidation/00010672_003.png,2,Consolidation
val,train/Emphysema/00001929_000.png,5,Emphysema
val,train/Pneumonia/00030621_002.png,10,Pneumonia
val,train/Consolidation/00030772_002.png,2,Consolidation
val,train/Pneumonia/00002052_002.png,10,Pneumonia
val,train/Mass/00015549_002.png,8,Mass
val,train/Cardiomegaly/00006469_000.png,1,Cardiomegaly
val,train/Nodule/00022585_000.png,9,Nodule
val,train/Nodule/00015446_002.png,9,Nodule
val,train/Cardiomegaly/00003552_003.png,1,Cardiomegaly
val,train/Pneumonia/00015968_000.png,10,Pneumonia
val,train/Fibrosis/00005787_000.png,6,Fibrosis
val,train/Edema/00027322_007.png,3,Edema
val,train/Effusion/00014444_000.png,4,Effusion
val,train/Consolidation/00007953_002.png,2,Consolidation
val,train/Effusion/00009925_031.png,4,Effusion
val,train/Emphysema/00026546_003.png,5,Emphysema
val,train/Cardiomegaly/00019321_000.png,1,Cardiomegaly
val,train/Edema/00025322_007.png,3,Edema
val,train/Pneumothorax/00019894_000.png,11,Pneumothorax
val,train/Pneumothorax/00012014_002.png,11,Pneumothorax
val,train/Consolidation/00000363_001.png,2,Consolidation
val,train/Fibrosis/00003016_000.png,6,Fibrosis
val,train/Effusion/00008341_006.png,4,Effusion
val,train/Fibrosis/00012594_002.png,6,Fibrosis
val,train/Pneumothorax/00011350_003.png,11,Pneumothorax
val,train/Consolidation/00006763_007.png,2,Consolidation
val,train/Effusion/00017947_018.png,4,Effusion
val,train/Nodule/00004436_005.png,9,Nodule
val,train/Edema/00013447_011.png,3,Edema
val,train/Edema/00013534_001.png,3,Edema
val,train/Emphysema/00023316_004.png,5,Emphysema
val,train/Emphysema/00010932_002.png,5,Emphysema
val,train/Mass/00006664_000.png,8,Mass
val,train/Atelectasis/00021802_001.png,0,Atelectasis
val,train/Fibrosis/00018015_016.png,6,Fibrosis
val,train/Effusion/00009595_008.png,4,Effusion
val,train/Emphysema/00008509_001.png,5,Emphysema
val,train/Emphysema/00000353_000.png,5,Emphysema
val,train/Consolidation/00014332_010.png,2,Consolidation
val,train/Pneumonia/00019707_017.png,10,Pneumonia
val,train/Atelectasis/00015814_008.png,0,Atelectasis
val,train/Infiltration/00020490_000.png,7,Infiltration
val,train/Mass/00016526_000.png,8,Mass
val,train/Consolidation/00010357_003.png,2,Consolidation
val,train/Pneumothorax/00003658_010.png,11,Pneumothorax
val,train/Cardiomegaly/00008861_000.png,1,Cardiomegaly
val,train/Pneumonia/00001906_004.png,10,Pneumonia
val,train/Fibrosis/00024226_000.png,6,Fibrosis
val,train/Consolidation/00005640_000.png,2,Consolidation
val,train/Atelectasis/00003952_000.png,0,Atelectasis
val,train/Pneumothorax/00008663_006.png,11,Pneumothorax
val,train/Emphysema/00010932_003.png,5,Emphysema
val,train/Cardiomegaly/00001086_000.png,1,Cardiomegaly
val,train/Nodule/00028589_004.png,9,Nodule
val,train/Pneumonia/00008362_013.png,10,Pneumonia
val,train/Effusion/00026622_001.png,4,Effusion
val,train/Edema/00017111_004.png,3,Edema
val,train/Pneumonia/00016936_000.png,10,Pneumonia
val,train/Effusion/00018080_016.png,4,Effusion
val,train/Atelectasis/00004909_000.png,0,Atelectasis
val,train/Emphysema/00020057_000.png,5,Emphysema
val,train/Atelectasis/00023311_009.png,0,Atelectasis
val,train/Fibrosis/00016244_005.png,6,Fibrosis
val,train/Atelectasis/00021251_004.png,0,Atelectasis
val,train/Consolidation/00001255_019.png,2,Consolidation
val,train/Fibrosis/00023606_000.png,6,Fibrosis
val,train/Emphysema/00008594_002.png,5,Emphysema
val,train/Infiltration/00001989_002.png,7,Infiltration
val,train/Infiltration/00016442_001.png,7,Infiltration
val,train/Atelectasis/00003109_008.png,0,Atelectasis
val,train/Pneumonia/00010509_003.png,10,Pneumonia
val,train/Infiltration/00001637_012.png,7,Infiltration
val,train/Cardiomegaly/00016596_002.png,1,Cardiomegaly
val,train/Atelectasis/00001992_005.png,0,Atelectasis
val,train/Pneumonia/00022156_008.png,10,Pneumonia
val,train/Emphysema/00019850_001.png,5,Emphysema
val,train/Consolidation/00017691_006.png,2,Consolidation
val,train/Edema/00011885_005.png,3,Edema
val,train/Effusion/00022233_000.png,4,Effusion
val,train/Atelectasis/00015805_000.png,0,Atelectasis
val,train/Fibrosis/00023556_000.png,6,Fibrosis
val,train/Infiltration/00022869_005.png,7,Infiltration
val,train/Nodule/00015495_009.png,9,Nodule
val,train/Mass/00017429_001.png,8,Mass
val,train/Effusion/00021023_014.png,4,Effusion
val,train/Cardiomegaly/00002103_001.png,1,Cardiomegaly
val,train/Pneumonia/00014616_011.png,10,Pneumonia
val,train/Effusion/00006142_012.png,4,Effusion
val,train/Cardiomegaly/00000001_000.png,1,Cardiomegaly
val,train/Edema/00002860_003.png,3,Edema
val,train/Nodule/00010162_000.png,9,Nodule
val,train/Infiltration/00006342_006.png,7,Infiltration
val,train/Atelectasis/00020894_006.png,0,Atelectasis
val,train/Edema/00015028_005.png,3,Edema
val,train/Edema/00009894_003.png,3,Edema
val,train/Atelectasis/00009356_002.png,0,Atelectasis
val,train/Nodule/00005666_003.png,9,Nodule
val,train/Fibrosis/00008981_003.png,6,Fibrosis
val,train/Consolidation/00018464_026.png,2,Consolidation
val,train/Edema/00029108_002.png,3,Edema
val,train/Infiltration/00018157_000.png,7,Infiltration
val,train/Consolidation/00011719_019.png,2,Consolidation
val,train/Infiltration/00016379_003.png,7,Infiltration
val,train/Pneumothorax/00022651_001.png,11,Pneumothorax
val,train/Pneumonia/00003510_009.png,10,Pneumonia
val,train/Consolidation/00028431_002.png,2,Consolidation
val,train/Pneumothorax/00028765_009.png,11,Pneumothorax
val,train/Cardiomegaly/00015494_004.png,1,Cardiomegaly
val,train/Effusion/00018404_015.png,4,Effusion
val,train/Pneumonia/00006759_001.png,10,Pneumonia
val,train/Atelectasis/00016238_003.png,0,Atelectasis
val,train/Edema/00005288_004.png,3,Edema
val,train/Fibrosis/00001429_000.png,6,Fibrosis
val,train/Effusion/00008905_000.png,4,Effusion
val,train/Pneumothorax/00015423_004.png,11,Pneumothorax
val,train/Edema/00013342_006.png,3,Edema
val,train/Atelectasis/00003349_001.png,0,Atelectasis
val,train/Mass/00008612_000.png,8,Mass
val,train/Cardiomegaly/00000688_001.png,1,Cardiomegaly
val,train/Fibrosis/00000311_000.png,6,Fibrosis
val,train/Consolidation/00005369_002.png,2,Consolidation
val,train/Mass/00014018_001.png,8,Mass
val,train/Nodule/00008998_005.png,9,Nodule
val,train/Mass/00018733_000.png,8,Mass
val,train/Infiltration/00019710_001.png,7,Infiltration
val,train/Effusion/00002523_002.png,4,Effusion
val,train/Emphysema/00006333_000.png,5,Emphysema
val,train/Fibrosis/00015214_013.png,6,Fibrosis
val,train/Infiltration/00007157_035.png,7,Infiltration
val,train/Mass/00014018_003.png,8,Mass
val,train/Edema/00001971_002.png,3,Edema
val,train/Pneumonia/00005032_000.png,10,Pneumonia
val,train/Emphysema/00025849_046.png,5,Emphysema
val,train/Pneumothorax/00028544_015.png,11,Pneumothorax
val,train/Mass/00016778_022.png,8,Mass
val,train/Nodule/00017423_001.png,9,Nodule
val,train/Nodule/00006905_001.png,9,Nodule
val,train/Emphysema/00008755_001.png,5,Emphysema
val,train/Pneumonia/00001749_002.png,10,Pneumonia
val,train/Cardiomegaly/00019809_000.png,1,Cardiomegaly
val,train/Infiltration/00019280_000.png,7,Infiltration
val,train/Nodule/00003899_001.png,9,Nodule
val,train/Mass/00030184_003.png,8,Mass
val,train/Cardiomegaly/00006129_000.png,1,Cardiomegaly
val,train/Mass/00015173_000.png,8,Mass
val,train/Fibrosis/00005260_000.png,6,Fibrosis
val,train/Consolidation/00025877_011.png,2,Consolidation
val,train/Effusion/00015584_005.png,4,Effusion
val,train/Pneumothorax/00011454_002.png,11,Pneumothorax
val,train/Pneumonia/00012777_005.png,10,Pneumonia
val,train/Effusion/00026828_022.png,4,Effusion
val,train/Mass/00015903_004.png,8,Mass
val,train/Pneumonia/00021127_018.png,10,Pneumonia
val,train/Fibrosis/00001992_004.png,6,Fibrosis
val,train/Cardiomegaly/00009323_004.png,1,Cardiomegaly
val,train/Mass/00028059_001.png,8,Mass
val,train/Cardiomegaly/00006359_000.png,1,Cardiomegaly
val,train/Nodule/00011319_000.png,9,Nodule
val,train/Consolidation/00017044_008.png,2,Consolidation
val,train/Cardiomegaly/00011052_000.png,1,Cardiomegaly
val,train/Consolidation/00018418_001.png,2,Consolidation
val,train/Mass/00008012_000.png,8,Mass
val,train/Infiltration/00018557_009.png,7,Infiltration
val,train/Edema/00016399_017.png,3,Edema
val,train/Fibrosis/00029604_001.png,6,Fibrosis
val,train/Infiltration/00026430_000.png,7,Infiltration
val,train/Fibrosis/00010763_017.png,6,Fibrosis
val,train/Emphysema/00001952_006.png,5,Emphysema
val,train/Edema/00018027_008.png,3,Edema
val,train/Atelectasis/00002843_011.png,0,Atelectasis
val,train/Nodule/00023140_004.png,9,Nodule
val,train/Cardiomegaly/00010531_047.png,1,Cardiomegaly
val,train/Infiltration/00005927_010.png,7,Infiltration
val,train/Nodule/00028195_003.png,9,Nodule
val,train/Cardiomegaly/00030173_000.png,1,Cardiomegaly
val,train/Infiltration/00010471_002.png,7,Infiltration
val,train/Edema/00011948_002.png,3,Edema
val,train/Fibrosis/00008881_000.png,6,Fibrosis
val,train/Atelectasis/00011357_002.png,0,Atelectasis
val,train/Emphysema/00025454_006.png,5,Emphysema
val,train/Mass/00022577_000.png,8,Mass
val,train/Effusion/00030152_008.png,4,Effusion
val,train/Cardiomegaly/00003610_018.png,1,Cardiomegaly
val,train/Cardiomegaly/00007798_001.png,1,Cardiomegaly
val,train/Atelectasis/00003841_003.png,0,Atelectasis
val,train/Atelectasis/00012549_007.png,0,Atelectasis
val,train/Pneumonia/00026374_004.png,10,Pneumonia
val,train/Pneumothorax/00007650_001.png,11,Pneumothorax
val,train/Cardiomegaly/00004857_013.png,1,Cardiomegaly
val,train/Cardiomegaly/00011301_000.png,1,Cardiomegaly
val,train/Fibrosis/00027729_000.png,6,Fibrosis
val,train/Consolidation/00029755_010.png,2,Consolidation
val,train/Emphysema/00005666_006.png,5,Emphysema
val,train/Pneumonia/00005778_001.png,10,Pneumonia
val,train/Edema/00018373_004.png,3,Edema
val,train/Edema/00011122_004.png,3,Edema
val,train/Infiltration/00029555_000.png,7,Infiltration
val,train/Pneumothorax/00011805_000.png,11,Pneumothorax
val,train/Pneumonia/00003510_010.png,10,Pneumonia
val,train/Infiltration/00028298_000.png,7,Infiltration
val,train/Consolidation/00013307_006.png,2,Consolidation
val,train/Effusion/00023007_000.png,4,Effusion
val,train/Emphysema/00029821_011.png,5,Emphysema
val,train/Infiltration/00013774_040.png,7,Infiltration
val,train/Fibrosis/00002566_001.png,6,Fibrosis
val,train/Mass/00013937_009.png,8,Mass
val,train/Pneumothorax/00007684_002.png,11,Pneumothorax
val,train/Mass/00008326_000.png,8,Mass
val,train/Infiltration/00006605_042.png,7,Infiltration
val,train/Infiltration/00026099_004.png,7,Infiltration
val,train/Fibrosis/00005577_003.png,6,Fibrosis
val,train/Pneumonia/00000261_002.png,10,Pneumonia
val,train/Atelectasis/00012718_002.png,0,Atelectasis
val,train/Nodule/00015754_003.png,9,Nodule
val,train/Cardiomegaly/00016639_000.png,1,Cardiomegaly
val,train/Emphysema/00005460_004.png,5,Emphysema
val,train/Edema/00012993_017.png,3,Edema
val,train/Edema/00018972_007.png,3,Edema
val,train/Pneumonia/00006260_001.png,10,Pneumonia
val,train/Emphysema/00000289_007.png,5,Emphysema
val,train/Edema/00020458_007.png,3,Edema
val,train/Fibrosis/00002991_001.png,6,Fibrosis
val,train/Consolidation/00029108_003.png,2,Consolidation
val,train/Mass/00019927_006.png,8,Mass
val,train/Consolidation/00013894_044.png,2,Consolidation
val,train/Effusion/00026627_005.png,4,Effusion
val,train/Pneumothorax/00030561_010.png,11,Pneumothorax
val,train/Infiltration/00012832_006.png,7,Infiltration
val,train/Effusion/00015494_003.png,4,Effusion
val,train/Pneumonia/00003092_000.png,10,Pneumonia
val,train/Emphysema/00012761_005.png,5,Emphysema
val,train/Mass/00027320_000.png,8,Mass
val,train/Nodule/00007312_000.png,9,Nodule
val,train/Fibrosis/00014809_021.png,6,Fibrosis
val,train/Pneumothorax/00029124_000.png,11,Pneumothorax
val,train/Infiltration/00012907_015.png,7,Infiltration
val,train/Atelectasis/00017903_005.png,0,Atelectasis
val,train/Consolidation/00002000_000.png,2,Consolidation
val,train/Edema/00016577_010.png,3,Edema
val,train/Emphysema/00016410_031.png,5,Emphysema
val,train/Emphysema/00008468_045.png,5,Emphysema
val,train/Mass/00010458_000.png,8,Mass
val,train/Pneumonia/00026112_001.png,10,Pneumonia
val,train/Cardiomegaly/00014962_001.png,1,Cardiomegaly
val,train/Mass/00002878_012.png,8,Mass
val,train/Fibrosis/00003246_001.png,6,Fibrosis
val,train/Nodule/00022263_002.png,9,Nodule
val,train/Atelectasis/00020693_000.png,0,Atelectasis
val,train/Effusion/00004366_000.png,4,Effusion
val,train/Edema/00011587_006.png,3,Edema
val,train/Pneumothorax/00029866_003.png,11,Pneumothorax
val,train/Effusion/00013894_018.png,4,Effusion
val,train/Effusion/00013736_000.png,4,Effusion
val,train/Nodule/00009120_006.png,9,Nodule
val,train/Mass/00023190_016.png,8,Mass
val,train/Pneumonia/00010544_007.png,10,Pneumonia
val,train/Mass/00009963_011.png,8,Mass
val,train/Cardiomegaly/00001268_000.png,1,Cardiomegaly
val,train/Consolidation/00022449_008.png,2,Consolidation
val,train/Pneumothorax/00026071_002.png,11,Pneumothorax
val,train/Atelectasis/00022622_008.png,0,Atelectasis
val,train/Pneumothorax/00010841_003.png,11,Pneumothorax
val,train/Emphysema/00002294_000.png,5,Emphysema
val,train/Pneumonia/00012297_004.png,10,Pneumonia
val,train/Effusion/00022282_005.png,4,Effusion
val,train/Effusion/00013695_005.png,4,Effusion
val,train/Edema/00020826_004.png,3,Edema
val,train/Emphysema/00014829_000.png,5,Emphysema
val,train/Edema/00010627_001.png,3,Edema
val,train/Nodule/00007274_005.png,9,Nodule
val,train/Emphysema/00008563_001.png,5,Emphysema
val,train/Mass/00021581_002.png,8,Mass
val,train/Emphysema/00002673_009.png,5,Emphysema
val,train/Edema/00012653_003.png,3,Edema
val,train/Fibrosis/00004185_000.png,6,Fibrosis
val,train/Mass/00000711_005.png,8,Mass
val,train/Mass/00019305_000.png,8,Mass
val,train/Emphysema/00011065_002.png,5,Emphysema
val,train/Atelectasis/00001974_009.png,0,Atelectasis
val,train/Consolidation/00021835_024.png,2,Consolidation
val,train/Pneumonia/00005892_001.png,10,Pneumonia
val,train/Edema/00004646_005.png,3,Edema
val,train/Atelectasis/00022539_000.png,0,Atelectasis
val,train/Nodule/00013714_004.png,9,Nodule
val,train/Nodule/00007366_000.png,9,Nodule
val,train/Nodule/00012072_003.png,9,Nodule
val,train/Pneumothorax/00009890_003.png,11,Pneumothorax
val,train/Infiltration/00027805_000.png,7,Infiltration
val,train/Fibrosis/00004126_000.png,6,Fibrosis
val,train/Emphysema/00008468_015.png,5,Emphysema
val,train/Pneumothorax/00002042_003.png,11,Pneumothorax
val,train/Nodule/00026185_004.png,9,Nodule
val,train/Consolidation/00006653_020.png,2,Consolidation
val,train/Effusion/00015845_005.png,4,Effusion
val,train/Atelectasis/00027168_006.png,0,Atelectasis
val,train/Pneumothorax/00022792_003.png,11,Pneumothorax
val,train/Consolidation/00006306_000.png,2,Consolidation
val,train/Atelectasis/00001698_007.png,0,Atelectasis
val,train/Infiltration/00025610_001.png,7,Infiltration
val,train/Edema/00014226_007.png,3,Edema
val,train/Infiltration/00026179_004.png,7,Infiltration
val,train/Fibrosis/00002042_002.png,6,Fibrosis
val,train/Atelectasis/00014844_003.png,0,Atelectasis
val,train/Nodule/00030541_000.png,9,Nodule
val,train/Mass/00014578_001.png,8,Mass
val,train/Fibrosis/00012572_003.png,6,Fibrosis
val,train/Cardiomegaly/00004007_002.png,1,Cardiomegaly
val,train/Cardiomegaly/00030471_002.png,1,Cardiomegaly
val,train/Cardiomegaly/00027779_000.png,1,Cardiomegaly
val,train/Emphysema/00015606_049.png,5,Emphysema
val,train/Fibrosis/00006868_008.png,6,Fibrosis
val,train/Pneumothorax/00003005_015.png,11,Pneumothorax
val,train/Atelectasis/00012010_002.png,0,Atelectasis
val,train/Mass/00009972_000.png,8,Mass
val,train/Effusion/00009925_024.png,4,Effusion
val,train/Atelectasis/00027167_000.png,0,Atelectasis
val,train/Pneumothorax/00027725_068.png,11,Pneumothorax
val,train/Pneumothorax/00026597_006.png,11,Pneumothorax
val,train/Pneumonia/00007787_001.png,10,Pneumonia
val,train/Pneumonia/00001529_002.png,10,Pneumonia
val,train/Pneumonia/00003510_008.png,10,Pneumonia
val,train/Edema/00004992_015.png,3,Edema
val,train/Edema/00018972_049.png,3,Edema
val,train/Cardiomegaly/00019581_000.png,1,Cardiomegaly
val,train/Effusion/00015495_010.png,4,Effusion
val,train/Consolidation/00014332_005.png,2,Consolidation
val,train/Fibrosis/00028634_001.png,6,Fibrosis
val,train/Edema/00018104_007.png,3,Edema
val,train/Pneumonia/00028076_000.png,10,Pneumonia
val,train/Edema/00010471_004.png,3,Edema
val,train/Emphysema/00014543_003.png,5,Emphysema
val,train/Fibrosis/00001500_002.png,6,Fibrosis
val,train/Infiltration/00001952_008.png,7,Infiltration
val,train/Fibrosis/00017066_000.png,6,Fibrosis
val,train/Mass/00027843_001.png,8,Mass
val,train/Pneumothorax/00021976_013.png,11,Pneumothorax
val,train/Atelectasis/00016518_003.png,0,Atelectasis
val,train/Nodule/00005935_003.png,9,Nodule
val,train/Pneumothorax/00022668_000.png,11,Pneumothorax
val,train/Atelectasis/00001477_000.png,0,Atelectasis
val,train/Cardiomegaly/00025290_019.png,1,Cardiomegaly
val,train/Edema/00017800_007.png,3,Edema
val,train/Atelectasis/00010146_004.png,0,Atelectasis
val,train/Pneumonia/00014603_006.png,10,Pneumonia
val,train/Nodule/00013175_014.png,9,Nodule
val,train/Pneumonia/00000963_007.png,10,Pneumonia
val,train/Mass/00010085_000.png,8,Mass
val,train/Fibrosis/00014259_000.png,6,Fibrosis
val,train/Edema/00017625_001.png,3,Edema
val,train/Infiltration/00013245_001.png,7,Infiltration
val,train/Mass/00003681_005.png,8,Mass
val,train/Mass/00015592_000.png,8,Mass
val,train/Pneumonia/00000165_001.png,10,Pneumonia
val,train/Effusion/00003369_010.png,4,Effusion
val,train/Emphysema/00029619_000.png,5,Emphysema
val,train/Emphysema/00014725_006.png,5,Emphysema
val,train/Edema/00015809_017.png,3,Edema
val,train/Nodule/00006710_002.png,9,Nodule
val,train/Pneumonia/00010505_018.png,10,Pneumonia
val,train/Mass/00009640_002.png,8,Mass
val,train/Infiltration/00025423_000.png,7,Infiltration
val,train/Atelectasis/00016305_004.png,0,Atelectasis
val,train/Nodule/00028392_000.png,9,Nodule
val,train/Atelectasis/00012010_010.png,0,Atelectasis
val,train/Cardiomegaly/00029369_000.png,1,Cardiomegaly
val,train/Emphysema/00018767_001.png,5,Emphysema
val,train/Emphysema/00029898_000.png,5,Emphysema
val,train/Consolidation/00001805_004.png,2,Consolidation
val,train/Effusion/00018644_007.png,4,Effusion
val,train/Effusion/00027602_000.png,4,Effusion
val,train/Pneumonia/00025421_001.png,10,Pneumonia
val,train/Pneumonia/00026580_000.png,10,Pneumonia
val,train/Consolidation/00006382_005.png,2,Consolidation
val,train/Mass/00010780_005.png,8,Mass
val,train/Infiltration/00027656_001.png,7,Infiltration
val,train/Atelectasis/00018462_001.png,0,Atelectasis
val,train/Pneumothorax/00001806_004.png,11,Pneumothorax
val,train/Consolidation/00015151_002.png,2,Consolidation
val,train/Fibrosis/00002517_000.png,6,Fibrosis
val,train/Emphysema/00020450_016.png,5,Emphysema
val,train/Consolidation/00026916_000.png,2,Consolidation
val,train/Cardiomegaly/00016630_003.png,1,Cardiomegaly
val,train/Pneumothorax/00016052_013.png,11,Pneumothorax
val,train/Consolidation/00018414_001.png,2,Consolidation
val,train/Edema/00000652_007.png,3,Edema
val,train/Fibrosis/00018608_003.png,6,Fibrosis
val,train/Infiltration/00017353_000.png,7,Infiltration
val,train/Cardiomegaly/00012565_000.png,1,Cardiomegaly
val,train/Infiltration/00021970_004.png,7,Infiltration
val,train/Infiltration/00009609_008.png,7,Infiltration
val,train/Mass/00006938_000.png,8,Mass
val,train/Mass/00009592_001.png,8,Mass
val,train/Fibrosis/00026236_006.png,6,Fibrosis
val,train/Pneumothorax/00029165_011.png,11,Pneumothorax
val,train/Edema/00021835_018.png,3,Edema
val,train/Consolidation/00019201_012.png,2,Consolidation
val,train/Atelectasis/00016975_000.png,0,Atelectasis
val,train/Pneumothorax/00019594_012.png,11,Pneumothorax
val,train/Pneumothorax/00010841_001.png,11,Pneumothorax
val,train/Atelectasis/00012355_003.png,0,Atelectasis
val,train/Fibrosis/00006388_000.png,6,Fibrosis
val,train/Effusion/00014176_007.png,4,Effusion
val,train/Mass/00013917_008.png,8,Mass
val,train/Edema/00013085_000.png,3,Edema
val,train/Consolidation/00013894_050.png,2,Consolidation
val,train/Pneumothorax/00027831_001.png,11,Pneumothorax
val,train/Pneumothorax/00029998_006.png,11,Pneumothorax
val,train/Mass/00017645_010.png,8,Mass
test,test/Cardiomegaly/00000211_000.png,1,Cardiomegaly
test,test/Atelectasis/00026848_000.png,0,Atelectasis
test,test/Infiltration/00019861_014.png,7,Infiltration
test,test/Emphysema/00027833_020.png,5,Emphysema
test,test/Fibrosis/00003460_003.png,6,Fibrosis
test,test/Cardiomegaly/00011136_012.png,1,Cardiomegaly
test,test/Emphysema/00006378_004.png,5,Emphysema
test,test/Pneumonia/00016291_015.png,10,Pneumonia
test,test/Cardiomegaly/00018233_006.png,1,Cardiomegaly
test,test/Consolidation/00030323_042.png,2,Consolidation
test,test/Mass/00023309_010.png,8,Mass
test,test/Pneumothorax/00029861_006.png,11,Pneumothorax
test,test/Fibrosis/00004893_029.png,6,Fibrosis
test,test/Nodule/00002066_014.png,9,Nodule
test,test/Cardiomegaly/00018233_054.png,1,Cardiomegaly
test,test/Consolidation/00012005_005.png,2,Consolidation
test,test/Emphysema/00012094_055.png,5,Emphysema
test,test/Cardiomegaly/00007018_014.png,1,Cardiomegaly
test,test/Atelectasis/00026818_030.png,0,Atelectasis
test,test/Infiltration/00030323_054.png,7,Infiltration
test,test/Atelectasis/00014956_004.png,0,Atelectasis
test,test/Nodule/00012045_047.png,9,Nodule
test,test/Edema/00004381_031.png,3,Edema
test,test/Emphysema/00028173_011.png,5,Emphysema
test,test/Pneumothorax/00016009_002.png,11,Pneumothorax
test,test/Atelectasis/00005567_020.png,0,Atelectasis
test,test/Effusion/00018360_016.png,4,Effusion
test,test/Consolidation/00010012_014.png,2,Consolidation
test,test/Pneumonia/00001946_024.png,10,Pneumonia
test,test/Pneumothorax/00025252_047.png,11,Pneumothorax
test,test/Effusion/00029088_006.png,4,Effusion
test,test/Consolidation/00030636_012.png,2,Consolidation
test,test/Effusion/00002856_006.png,4,Effusion
test,test/Mass/00028433_003.png,8,Mass
test,test/Mass/00027838_003.png,8,Mass
test,test/Consolidation/00027213_022.png,2,Consolidation
test,test/Nodule/00013346_019.png,9,Nodule
test,test/Effusion/00017036_020.png,4,Effusion
test,test/Emphysema/00015530_038.png,5,Emphysema
test,test/Nodule/00012364_047.png,9,Nodule
test,test/Atelectasis/00004578_000.png,0,Atelectasis
test,test/Edema/00014125_056.png,3,Edema
test,test/Mass/00009953_038.png,8,Mass
test,test/Cardiomegaly/00006991_007.png,1,Cardiomegaly
test,test/Edema/00019157_006.png,3,Edema
test,test/Infiltration/00012141_012.png,7,Infiltration
test,test/Infiltration/00017236_093.png,7,Infiltration
test,test/Consolidation/00007322_015.png,2,Consolidation
test,test/Consolidation/00001373_055.png,2,Consolidation
test,test/Emphysema/00015530_089.png,5,Emphysema
test,test/Consolidation/00013111_034.png,2,Consolidation
test,test/Mass/00016064_013.png,8,Mass
test,test/Nodule/00021772_007.png,9,Nodule
test,test/Consolidation/00026412_002.png,2,Consolidation
test,test/Edema/00016568_054.png,3,Edema
test,test/Nodule/00030454_000.png,9,Nodule
test,test/Nodule/00026285_000.png,9,Nodule
test,test/Cardiomegaly/00001369_000.png,1,Cardiomegaly
test,test/Effusion/00012576_023.png,4,Effusion
test,test/Emphysema/00004943_003.png,5,Emphysema
test,test/Atelectasis/00013807_012.png,0,Atelectasis
test,test/Fibrosis/00009239_001.png,6,Fibrosis
test,test/Atelectasis/00004893_065.png,0,Atelectasis
test,test/Consolidation/00029809_013.png,2,Consolidation
test,test/Atelectasis/00021700_005.png,0,Atelectasis
test,test/Nodule/00023033_012.png,9,Nodule
test,test/Pneumonia/00017138_068.png,10,Pneumonia
test,test/Pneumothorax/00010767_016.png,11,Pneumothorax
test,test/Effusion/00016732_007.png,4,Effusion
test,test/Effusion/00010007_173.png,4,Effusion
test,test/Edema/00016184_041.png,3,Edema
test,test/Consolidation/00014663_029.png,2,Consolidation
test,test/Atelectasis/00008269_004.png,0,Atelectasis
test,test/Nodule/00016291_050.png,9,Nodule
test,test/Edema/00015956_018.png,3,Edema
test,test/Consolidation/00013471_003.png,2,Consolidation
test,test/Emphysema/00028208_033.png,5,Emphysema
test,test/Nodule/00029579_006.png,9,Nodule
test,test/Pneumothorax/00030636_009.png,11,Pneumothorax
test,test/Mass/00016971_032.png,8,Mass
test,test/Edema/00013670_136.png,3,Edema
test,test/Infiltration/00030573_015.png,7,Infiltration
test,test/Atelectasis/00000150_003.png,0,Atelectasis
test,test/Cardiomegaly/00005066_065.png,1,Cardiomegaly
test,test/Pneumothorax/00011460_003.png,11,Pneumothorax
test,test/Pneumonia/00016972_028.png,10,Pneumonia
test,test/Effusion/00010007_172.png,4,Effusion
test,test/Consolidation/00026098_025.png,2,Consolidation
test,test/Emphysema/00026132_015.png,5,Emphysema
test,test/Emphysema/00014700_000.png,5,Emphysema
test,test/Cardiomegaly/00010007_103.png,1,Cardiomegaly
test,test/Edema/00014675_005.png,3,Edema
test,test/Edema/00009574_026.png,3,Edema
test,test/Edema/00027479_004.png,3,Edema
test,test/Atelectasis/00008269_000.png,0,Atelectasis
test,test/Edema/00006271_012.png,3,Edema
test,test/Edema/00023310_005.png,3,Edema
test,test/Nodule/00019124_071.png,9,Nodule
test,test/Cardiomegaly/00004822_042.png,1,Cardiomegaly
test,test/Mass/00011804_007.png,8,Mass
test,test/Pneumonia/00008727_009.png,10,Pneumonia
test,test/Edema/00011973_002.png,3,Edema
test,test/Atelectasis/00015018_012.png,0,Atelectasis
test,test/Fibrosis/00002101_002.png,6,Fibrosis
test,test/Infiltration/00017641_011.png,7,Infiltration
test,test/Nodule/00001093_003.png,9,Nodule
test,test/Pneumothorax/00009863_041.png,11,Pneumothorax
test,test/Edema/00027657_023.png,3,Edema
test,test/Effusion/00017606_035.png,4,Effusion
test,test/Effusion/00000013_021.png,4,Effusion
test,test/Fibrosis/00012291_015.png,6,Fibrosis
test,test/Pneumonia/00028173_010.png,10,Pneumonia
test,test/Atelectasis/00017582_005.png,0,Atelectasis
test,test/Infiltration/00023168_008.png,7,Infiltration
test,test/Atelectasis/00004822_025.png,0,Atelectasis
test,test/Mass/00022837_002.png,8,Mass
test,test/Infiltration/00022470_000.png,7,Infiltration
test,test/Mass/00010092_053.png,8,Mass
test,test/Fibrosis/00004991_004.png,6,Fibrosis
test,test/Mass/00027652_006.png,8,Mass
test,test/Fibrosis/00012808_000.png,6,Fibrosis
test,test/Nodule/00020393_008.png,9,Nodule
test,test/Edema/00013807_005.png,3,Edema
test,test/Cardiomegaly/00004381_049.png,1,Cardiomegaly
test,test/Pneumothorax/00022707_013.png,11,Pneumothorax
test,test/Cardiomegaly/00004526_016.png,1,Cardiomegaly
test,test/Effusion/00012141_008.png,4,Effusion
test,test/Mass/00014798_010.png,8,Mass
test,test/Cardiomegaly/00005532_007.png,1,Cardiomegaly
test,test/Emphysema/00017504_044.png,5,Emphysema
test,test/Pneumothorax/00022155_011.png,11,Pneumothorax
test,test/Effusion/00026818_029.png,4,Effusion
test,test/Pneumothorax/00019766_012.png,11,Pneumothorax
test,test/Pneumonia/00009863_058.png,10,Pneumonia
test,test/Fibrosis/00001836_065.png,6,Fibrosis
test,test/Fibrosis/00002763_002.png,6,Fibrosis
test,test/Fibrosis/00006717_006.png,6,Fibrosis
test,test/Cardiomegaly/00012793_000.png,1,Cardiomegaly
test,test/Consolidation/00020405_038.png,2,Consolidation
test,test/Cardiomegaly/00007551_015.png,1,Cardiomegaly
test,test/Emphysema/00013111_065.png,5,Emphysema
test,test/Consolidation/00003528_027.png,2,Consolidation
test,test/Atelectasis/00003072_008.png,0,Atelectasis
test,test/Fibrosis/00007471_005.png,6,Fibrosis
test,test/Nodule/00019124_129.png,9,Nodule
test,test/Mass/00008008_001.png,8,Mass
test,test/Infiltration/00003789_003.png,7,Infiltration
test,test/Emphysema/00004858_087.png,5,Emphysema
test,test/Pneumonia/00016184_037.png,10,Pneumonia
test,test/Pneumothorax/00025252_056.png,11,Pneumothorax
test,test/Edema/00015264_005.png,3,Edema
test,test/Cardiomegaly/00004822_010.png,1,Cardiomegaly
test,test/Pneumothorax/00023156_010.png,11,Pneumothorax
test,test/Atelectasis/00017747_046.png,0,Atelectasis
test,test/Pneumonia/00028873_017.png,10,Pneumonia
test,test/Mass/00018284_020.png,8,Mass
test,test/Mass/00009431_005.png,8,Mass
test,test/Effusion/00005609_024.png,4,Effusion
test,test/Effusion/00017606_037.png,4,Effusion
test,test/Fibrosis/00017405_006.png,6,Fibrosis
test,test/Emphysema/00015956_023.png,5,Emphysema
test,test/Emphysema/00001555_000.png,5,Emphysema
test,test/Pneumothorax/00030389_009.png,11,Pneumothorax
test,test/Effusion/00014675_033.png,4,Effusion
test,test/Cardiomegaly/00013249_041.png,1,Cardiomegaly
test,test/Consolidation/00010007_147.png,2,Consolidation
test,test/Consolidation/00010007_182.png,2,Consolidation
test,test/Consolidation/00029663_003.png,2,Consolidation
test,test/Effusion/00019124_036.png,4,Effusion
test,test/Emphysema/00019406_009.png,5,Emphysema
test,test/Nodule/00014663_017.png,9,Nodule
test,test/Cardiomegaly/00004893_007.png,1,Cardiomegaly
test,test/Edema/00010012_004.png,3,Edema
test,test/Mass/00020437_000.png,8,Mass
test,test/Effusion/00028844_006.png,4,Effusion
test,test/Emphysema/00000882_000.png,5,Emphysema
test,test/Pneumonia/00017236_034.png,10,Pneumonia
test,test/Cardiomegaly/00010381_000.png,1,Cardiomegaly
test,test/Mass/00019124_068.png,8,Mass
test,test/Atelectasis/00014551_008.png,0,Atelectasis
test,test/Pneumonia/00021201_037.png,10,Pneumonia
test,test/Atelectasis/00004578_003.png,0,Atelectasis
test,test/Consolidation/00010828_032.png,2,Consolidation
test,test/Fibrosis/00007914_008.png,6,Fibrosis
test,test/Pneumothorax/00018860_027.png,11,Pneumothorax
test,test/Atelectasis/00018412_007.png,0,Atelectasis
test,test/Fibrosis/00009166_012.png,6,Fibrosis
test,test/Effusion/00013993_047.png,4,Effusion
test,test/Cardiomegaly/00008508_002.png,1,Cardiomegaly
test,test/Mass/00017036_006.png,8,Mass
test,test/Pneumonia/00017236_075.png,10,Pneumonia
test,test/Atelectasis/00008727_013.png,0,Atelectasis
test,test/Consolidation/00028774_034.png,2,Consolidation
test,test/Consolidation/00023271_017.png,2,Consolidation
test,test/Pneumothorax/00025954_033.png,11,Pneumothorax
test,test/Pneumothorax/00011460_012.png,11,Pneumothorax
test,test/Cardiomegaly/00005066_048.png,1,Cardiomegaly
test,test/Mass/00007120_005.png,8,Mass
test,test/Infiltration/00002529_014.png,7,Infiltration
test,test/Nodule/00015792_008.png,9,Nodule
test,test/Cardiomegaly/00013249_009.png,1,Cardiomegaly
test,test/Pneumothorax/00002176_010.png,11,Pneumothorax
test,test/Edema/00018091_015.png,3,Edema
test,test/Mass/00010092_044.png,8,Mass
test,test/Pneumothorax/00006912_005.png,11,Pneumothorax
test,test/Effusion/00018253_008.png,4,Effusion
test,test/Pneumothorax/00021381_033.png,11,Pneumothorax
test,test/Consolidation/00012413_004.png,2,Consolidation
test,test/Effusion/00010172_000.png,4,Effusion
test,test/Atelectasis/00015843_008.png,0,Atelectasis
test,test/Mass/00027833_000.png,8,Mass
test,test/Infiltration/00019271_022.png,7,Infiltration
test,test/Infiltration/00002437_040.png,7,Infiltration
test,test/Nodule/00019124_050.png,9,Nodule
test,test/Mass/00007943_005.png,8,Mass
test,test/Cardiomegaly/00004381_011.png,1,Cardiomegaly
test,test/Pneumothorax/00001248_036.png,11,Pneumothorax
test,test/Atelectasis/00023156_001.png,0,Atelectasis
test,test/Pneumonia/00004893_027.png,10,Pneumonia
test,test/Infiltration/00001736_000.png,7,Infiltration
test,test/Atelectasis/00030206_012.png,0,Atelectasis
test,test/Consolidation/00010828_054.png,2,Consolidation
test,test/Emphysema/00027592_017.png,5,Emphysema
test,test/Pneumothorax/00020318_022.png,11,Pneumothorax
test,test/Nodule/00008386_002.png,9,Nodule
test,test/Consolidation/00005609_016.png,2,Consolidation
test,test/Cardiomegaly/00013062_003.png,1,Cardiomegaly
test,test/Consolidation/00003789_007.png,2,Consolidation
test,test/Atelectasis/00022155_019.png,0,Atelectasis
test,test/Pneumothorax/00012087_024.png,11,Pneumothorax
test,test/Edema/00018867_024.png,3,Edema
test,test/Cardiomegaly/00008399_007.png,1,Cardiomegaly
test,test/Cardiomegaly/00007735_025.png,1,Cardiomegaly
test,test/Edema/00022290_010.png,3,Edema
test,test/Edema/00006160_003.png,3,Edema
test,test/Pneumonia/00003528_043.png,10,Pneumonia
test,test/Effusion/00025664_010.png,4,Effusion
test,test/Mass/00016971_006.png,8,Mass
test,test/Effusion/00026451_071.png,4,Effusion
test,test/Cardiomegaly/00014706_024.png,1,Cardiomegaly
test,test/Fibrosis/00002350_013.png,6,Fibrosis
test,test/Nodule/00010815_021.png,9,Nodule
test,test/Nodule/00023309_032.png,9,Nodule
test,test/Effusion/00019767_012.png,4,Effusion
test,test/Emphysema/00030389_002.png,5,Emphysema
test,test/Cardiomegaly/00026136_003.png,1,Cardiomegaly
test,test/Consolidation/00006271_096.png,2,Consolidation
test,test/Edema/00028499_004.png,3,Edema
test,test/Fibrosis/00012765_000.png,6,Fibrosis
test,test/Mass/00026810_003.png,8,Mass
test,test/Fibrosis/00002236_004.png,6,Fibrosis
test,test/Pneumonia/00013615_024.png,10,Pneumonia
test,test/Mass/00018284_019.png,8,Mass
test,test/Emphysema/00002417_001.png,5,Emphysema
test,test/Emphysema/00016270_002.png,5,Emphysema
test,test/Consolidation/00006271_023.png,2,Consolidation
test,test/Consolidation/00015530_020.png,2,Consolidation
test,test/Nodule/00002578_000.png,9,Nodule
test,test/Cardiomegaly/00013635_002.png,1,Cardiomegaly
test,test/Atelectasis/00010380_001.png,0,Atelectasis
test,test/Mass/00014731_001.png,8,Mass
test,test/Effusion/00022416_006.png,4,Effusion
test,test/Emphysema/00017504_039.png,5,Emphysema
test,test/Consolidation/00006329_004.png,2,Consolidation
test,test/Atelectasis/00022899_003.png,0,Atelectasis
test,test/Mass/00009608_038.png,8,Mass
test,test/Nodule/00007557_002.png,9,Nodule
test,test/Pneumonia/00003064_026.png,10,Pneumonia
test,test/Fibrosis/00013111_081.png,6,Fibrosis
test,test/Pneumonia/00015018_003.png,10,Pneumonia
test,test/Infiltration/00017952_000.png,7,Infiltration
test,test/Atelectasis/00020434_012.png,0,Atelectasis
test,test/Fibrosis/00002722_002.png,6,Fibrosis
test,test/Emphysema/00027592_006.png,5,Emphysema
test,test/Edema/00012386_005.png,3,Edema
test,test/Cardiomegaly/00004526_002.png,1,Cardiomegaly
test,test/Atelectasis/00012045_011.png,0,Atelectasis
test,test/Fibrosis/00013625_071.png,6,Fibrosis
test,test/Consolidation/00012021_018.png,2,Consolidation
test,test/Effusion/00018253_060.png,4,Effusion
test,test/Pneumonia/00014492_005.png,10,Pneumonia
test,test/Mass/00019089_000.png,8,Mass
test,test/Cardiomegaly/00021845_000.png,1,Cardiomegaly
test,test/Fibrosis/00000181_001.png,6,Fibrosis
test,test/Infiltration/00009863_031.png,7,Infiltration
test,test/Cardiomegaly/00004461_000.png,1,Cardiomegaly
test,test/Nodule/00026586_004.png,9,Nodule
test,test/Effusion/00017036_013.png,4,Effusion
test,test/Fibrosis/00021277_038.png,6,Fibrosis
test,test/Edema/00010012_010.png,3,Edema
test,test/Cardiomegaly/00029404_000.png,1,Cardiomegaly
test,test/Mass/00026261_002.png,8,Mass
test,test/Effusion/00003528_018.png,4,Effusion
test,test/Edema/00011391_027.png,3,Edema
test,test/Emphysema/00006673_000.png,5,Emphysema
test,test/Atelectasis/00022215_001.png,0,Atelectasis
test,test/Infiltration/00011237_076.png,7,Infiltration
test,test/Consolidation/00022572_045.png,2,Consolidation
test,test/Pneumothorax/00007676_007.png,11,Pneumothorax
test,test/Consolidation/00023081_001.png,2,Consolidation
test,test/Nodule/00012045_001.png,9,Nodule
test,test/Consolidation/00022416_030.png,2,Consolidation
test,test/Atelectasis/00001836_117.png,0,Atelectasis
test,test/Atelectasis/00010625_005.png,0,Atelectasis
test,test/Edema/00019938_002.png,3,Edema
test,test/Cardiomegaly/00018233_058.png,1,Cardiomegaly
test,test/Fibrosis/00000733_003.png,6,Fibrosis
test,test/Fibrosis/00016699_000.png,6,Fibrosis
test,test/Effusion/00013261_002.png,4,Effusion
test,test/Mass/00014358_005.png,8,Mass
test,test/Edema/00015561_010.png,3,Edema
test,test/Emphysema/00007586_000.png,5,Emphysema
test,test/Pneumonia/00006717_007.png,10,Pneumonia
test,test/Nodule/00019637_005.png,9,Nodule
test,test/Nodule/00017214_002.png,9,Nodule
test,test/Mass/00016568_031.png,8,Mass
test,test/Edema/00026125_002.png,3,Edema
test,test/Nodule/00026412_011.png,9,Nodule
test,test/Mass/00008008_020.png,8,Mass
test,test/Pneumothorax/00016429_001.png,11,Pneumothorax
test,test/Consolidation/00003996_004.png,2,Consolidation
test,test/Fibrosis/00002395_036.png,6,Fibrosis
test,test/Mass/00018091_009.png,8,Mass
test,test/Mass/00018101_014.png,8,Mass
test,test/Emphysema/00014752_001.png,5,Emphysema
test,test/Edema/00025252_048.png,3,Edema
test,test/Mass/00014663_010.png,8,Mass
test,test/Pneumonia/00014294_011.png,10,Pneumonia
test,test/Emphysema/00017504_064.png,5,Emphysema
test,test/Pneumothorax/00020772_005.png,11,Pneumothorax
test,test/Infiltration/00027213_065.png,7,Infiltration
test,test/Fibrosis/00014058_014.png,6,Fibrosis
test,test/Pneumonia/00022815_066.png,10,Pneumonia
test,test/Consolidation/00026538_006.png,2,Consolidation
test,test/Edema/00007018_022.png,3,Edema
test,test/Infiltration/00013310_037.png,7,Infiltration
test,test/Fibrosis/00010271_000.png,6,Fibrosis
test,test/Atelectasis/00021024_016.png,0,Atelectasis
test,test/Edema/00008291_007.png,3,Edema
test,test/Infiltration/00000744_002.png,7,Infiltration
test,test/Infiltration/00009863_030.png,7,Infiltration
test,test/Cardiomegaly/00005066_036.png,1,Cardiomegaly
test,test/Atelectasis/00010481_021.png,0,Atelectasis
test,test/Atelectasis/00011683_000.png,0,Atelectasis
test,test/Edema/00013993_064.png,3,Edema
test,test/Consolidation/00014956_000.png,2,Consolidation
test,test/Pneumonia/00012094_011.png,10,Pneumonia
test,test/Emphysema/00014731_014.png,5,Emphysema
test,test/Fibrosis/00000092_003.png,6,Fibrosis
test,test/Mass/00008295_042.png,8,Mass
test,test/Pneumothorax/00016429_032.png,11,Pneumothorax
test,test/Atelectasis/00000830_001.png,0,Atelectasis
test,test/Atelectasis/00010380_002.png,0,Atelectasis
test,test/Edema/00010828_046.png,3,Edema
test,test/Pneumothorax/00028876_029.png,11,Pneumothorax
test,test/Nodule/00008008_000.png,9,Nodule
test,test/Fibrosis/00010125_000.png,6,Fibrosis
test,test/Nodule/00013670_043.png,9,Nodule
test,test/Fibrosis/00003996_011.png,6,Fibrosis
test,test/Edema/00007018_038.png,3,Edema
test,test/Pneumothorax/00008397_011.png,11,Pneumothorax
test,test/Effusion/00029548_012.png,4,Effusion
test,test/Emphysema/00000246_006.png,5,Emphysema
test,test/Mass/00001836_006.png,8,Mass
test,test/Nodule/00014663_007.png,9,Nodule
test,test/Infiltration/00003028_085.png,7,Infiltration
test,test/Mass/00016607_027.png,8,Mass
test,test/Infiltration/00009845_030.png,7,Infiltration
test,test/Consolidation/00018187_058.png,2,Consolidation
test,test/Edema/00007018_048.png,3,Edema
test,test/Nodule/00013625_073.png,9,Nodule
test,test/Edema/00022815_019.png,3,Edema
test,test/Fibrosis/00000997_003.png,6,Fibrosis
test,test/Nodule/00014004_020.png,9,Nodule
test,test/Edema/00015666_001.png,3,Edema
test,test/Fibrosis/00010652_005.png,6,Fibrosis
test,test/Pneumothorax/00009863_044.png,11,Pneumothorax
test,test/Effusion/00012834_078.png,4,Effusion
test,test/Emphysema/00010120_022.png,5,Emphysema
test,test/Pneumothorax/00030279_004.png,11,Pneumothorax
test,test/Pneumonia/00026389_002.png,10,Pneumonia
test,test/Mass/00014675_001.png,8,Mass
test,test/Consolidation/00015732_023.png,2,Consolidation
test,test/Atelectasis/00017405_000.png,0,Atelectasis
test,test/Consolidation/00012834_146.png,2,Consolidation
test,test/Pneumothorax/00015530_147.png,11,Pneumothorax
test,test/Nodule/00004911_027.png,9,Nodule
test,test/Pneumonia/00013625_069.png,10,Pneumonia
test,test/Infiltration/00005089_033.png,7,Infiltration
test,test/Emphysema/00014083_026.png,5,Emphysema
test,test/Infiltration/00017714_008.png,7,Infiltration
test,test/Mass/00013648_032.png,8,Mass
test,test/Nodule/00015649_001.png,9,Nodule
test,test/Edema/00007018_058.png,3,Edema
test,test/Nodule/00014822_020.png,9,Nodule
test,test/Edema/00017701_002.png,3,Edema
test,test/Pneumothorax/00000865_000.png,11,Pneumothorax
test,test/Infiltration/00002547_006.png,7,Infiltration
test,test/Fibrosis/00010120_027.png,6,Fibrosis
test,test/Mass/00018091_022.png,8,Mass
test,test/Emphysema/00014083_018.png,5,Emphysema
test,test/Consolidation/00006271_073.png,2,Consolidation
test,test/Effusion/00013993_070.png,4,Effusion
test,test/Consolidation/00023085_004.png,2,Consolidation
test,test/Fibrosis/00019406_002.png,6,Fibrosis
test,test/Edema/00012878_001.png,3,Edema
test,test/Pneumonia/00019275_002.png,10,Pneumonia
test,test/Atelectasis/00022237_001.png,0,Atelectasis
test,test/Emphysema/00018284_011.png,5,Emphysema
test,test/Nodule/00019124_021.png,9,Nodule
test,test/Pneumothorax/00009845_011.png,11,Pneumothorax
test,test/Cardiomegaly/00000116_000.png,1,Cardiomegaly
test,test/Pneumonia/00013272_005.png,10,Pneumonia
test,test/Nodule/00018705_003.png,9,Nodule
test,test/Edema/00011391_036.png,3,Edema
test,test/Emphysema/00000312_001.png,5,Emphysema
test,test/Emphysema/00011355_050.png,5,Emphysema
test,test/Fibrosis/00020065_013.png,6,Fibrosis
test,test/Pneumonia/00020482_029.png,10,Pneumonia
test,test/Mass/00026586_000.png,8,Mass
test,test/Effusion/00009845_050.png,4,Effusion
test,test/Pneumonia/00013615_004.png,10,Pneumonia
test,test/Emphysema/00013150_003.png,5,Emphysema
test,test/Nodule/00015831_003.png,9,Nodule
test,test/Effusion/00021926_008.png,4,Effusion
test,test/Infiltration/00006304_015.png,7,Infiltration
test,test/Consolidation/00013111_018.png,2,Consolidation
test,test/Nodule/00028876_020.png,9,Nodule
test,test/Infiltration/00000181_017.png,7,Infiltration
test,test/Pneumonia/00019275_001.png,10,Pneumonia
test,test/Edema/00016291_028.png,3,Edema
test,test/Cardiomegaly/00004342_030.png,1,Cardiomegaly
test,test/Pneumonia/00003973_007.png,10,Pneumonia
test,test/Infiltration/00016014_010.png,7,Infiltration
test,test/Atelectasis/00013615_045.png,0,Atelectasis
test,test/Fibrosis/00007632_014.png,6,Fibrosis
test,test/Pneumonia/00013615_053.png,10,Pneumonia
test,test/Effusion/00030111_000.png,4,Effusion
test,test/Consolidation/00011579_025.png,2,Consolidation
test,test/Atelectasis/00023696_004.png,0,Atelectasis
test,test/Pneumothorax/00018366_037.png,11,Pneumothorax
test,test/Nodule/00007417_004.png,9,Nodule
test,test/Pneumothorax/00030039_010.png,11,Pneumothorax
test,test/Consolidation/00010012_031.png,2,Consolidation
test,test/Mass/00003233_005.png,8,Mass
test,test/Atelectasis/00009889_012.png,0,Atelectasis
test,test/Nodule/00011832_000.png,9,Nodule
test,test/Mass/00009953_012.png,8,Mass
test,test/Nodule/00019373_022.png,9,Nodule
test,test/Mass/00008295_020.png,8,Mass
test,test/Fibrosis/00011953_001.png,6,Fibrosis
test,test/Fibrosis/00005567_007.png,6,Fibrosis
test,test/Fibrosis/00020603_001.png,6,Fibrosis
test,test/Pneumothorax/00014731_006.png,11,Pneumothorax
test,test/Effusion/00020671_008.png,4,Effusion
test,test/Pneumothorax/00019124_028.png,11,Pneumothorax
test,test/Infiltration/00023138_007.png,7,Infiltration
test,test/Pneumothorax/00022837_029.png,11,Pneumothorax
test,test/Emphysema/00016587_075.png,5,Emphysema
test,test/Pneumonia/00020845_002.png,10,Pneumonia
test,test/Infiltration/00013625_058.png,7,Infiltration
test,test/Atelectasis/00002350_009.png,0,Atelectasis
test,test/Fibrosis/00014969_003.png,6,Fibrosis
test,test/Consolidation/00016094_025.png,2,Consolidation
test,test/Nodule/00027113_003.png,9,Nodule
test,test/Mass/00011925_042.png,8,Mass
test,test/Edema/00012386_004.png,3,Edema
test,test/Emphysema/00023156_003.png,5,Emphysema
test,test/Pneumonia/00016705_004.png,10,Pneumonia
test,test/Emphysema/00004943_004.png,5,Emphysema
test,test/Emphysema/00001248_026.png,5,Emphysema
test,test/Pneumonia/00006997_000.png,10,Pneumonia
test,test/Fibrosis/00015056_001.png,6,Fibrosis
test,test/Edema/00027935_004.png,3,Edema
test,test/Atelectasis/00020673_031.png,0,Atelectasis
test,test/Pneumonia/00009229_003.png,10,Pneumonia
test,test/Infiltration/00013670_000.png,7,Infiltration
test,test/Fibrosis/00025210_001.png,6,Fibrosis
test,test/Atelectasis/00015831_010.png,0,Atelectasis
test,test/Emphysema/00009574_014.png,5,Emphysema
test,test/Cardiomegaly/00004344_041.png,1,Cardiomegaly
test,test/Nodule/00020716_001.png,9,Nodule
test,test/Pneumothorax/00018898_002.png,11,Pneumothorax
test,test/Mass/00019767_002.png,8,Mass
test,test/Emphysema/00007046_003.png,5,Emphysema
test,test/Fibrosis/00013648_024.png,6,Fibrosis
test,test/Emphysema/00015530_091.png,5,Emphysema
test,test/Effusion/00017138_034.png,4,Effusion
test,test/Atelectasis/00001153_004.png,0,Atelectasis
test,test/Mass/00009953_037.png,8,Mass
test,test/Infiltration/00009608_036.png,7,Infiltration
test,test/Emphysema/00015056_000.png,5,Emphysema
test,test/Cardiomegaly/00004381_043.png,1,Cardiomegaly
test,test/Nodule/00008841_006.png,9,Nodule
test,test/Pneumonia/00030079_018.png,10,Pneumonia
test,test/Consolidation/00026818_006.png,2,Consolidation
test,test/Infiltration/00023058_002.png,7,Infiltration
test,test/Cardiomegaly/00000032_021.png,1,Cardiomegaly
test,test/Nodule/00019124_048.png,9,Nodule
test,test/Effusion/00016184_025.png,4,Effusion
test,test/Cardiomegaly/00007551_016.png,1,Cardiomegaly
test,test/Effusion/00023325_005.png,4,Effusion
test,test/Consolidation/00010805_044.png,2,Consolidation
test,test/Pneumonia/00015442_001.png,10,Pneumonia
test,test/Effusion/00029088_013.png,4,Effusion
test,test/Infiltration/00017405_015.png,7,Infiltration
test,test/Consolidation/00016972_004.png,2,Consolidation
test,test/Fibrosis/00003008_000.png,6,Fibrosis
test,test/Edema/00006674_005.png,3,Edema
test,test/Nodule/00015649_004.png,9,Nodule
test,test/Mass/00023075_013.png,8,Mass
test,test/Nodule/00008295_008.png,9,Nodule
test,test/Pneumonia/00007444_003.png,10,Pneumonia
test,test/Pneumonia/00026753_004.png,10,Pneumonia
test,test/Pneumonia/00019750_031.png,10,Pneumonia
test,test/Fibrosis/00011214_001.png,6,Fibrosis
test,test/Infiltration/00002437_038.png,7,Infiltration
test,test/Atelectasis/00015262_001.png,0,Atelectasis
test,test/Fibrosis/00009669_006.png,6,Fibrosis
test,test/Pneumonia/00000193_019.png,10,Pneumonia
test,test/Pneumothorax/00014822_002.png,11,Pneumothorax
test,test/Effusion/00011402_011.png,4,Effusion
test,test/Pneumonia/00028457_010.png,10,Pneumonia
test,test/Infiltration/00026287_005.png,7,Infiltration
test,test/Mass/00023309_007.png,8,Mass
test,test/Pneumonia/00016705_003.png,10,Pneumonia
test,test/Mass/00007886_005.png,8,Mass
test,test/Emphysema/00016508_056.png,5,Emphysema
test,test/Atelectasis/00019924_044.png,0,Atelectasis
test,test/Emphysema/00001093_000.png,5,Emphysema
test,test/Emphysema/00018284_010.png,5,Emphysema
test,test/Atelectasis/00017670_003.png,0,Atelectasis
test,test/Pneumonia/00011973_015.png,10,Pneumonia
test,test/Infiltration/00020438_004.png,7,Infiltration
test,test/Pneumothorax/00015646_047.png,11,Pneumothorax
test,test/Emphysema/00009735_001.png,5,Emphysema
test,test/Effusion/00013285_025.png,4,Effusion
test,test/Fibrosis/00014870_002.png,6,Fibrosis
test,test/Mass/00009953_027.png,8,Mass
test,test/Nodule/00010575_001.png,9,Nodule
test,test/Emphysema/00016258_011.png,5,Emphysema
test,test/Mass/00027441_027.png,8,Mass
test,test/Pneumonia/00011391_006.png,10,Pneumonia
test,test/Edema/00027479_006.png,3,Edema
test,test/Consolidation/00018360_056.png,2,Consolidation
test,test/Cardiomegaly/00004534_000.png,1,Cardiomegaly
test,test/Infiltration/00017747_009.png,7,Infiltration
test,test/Cardiomegaly/00004533_011.png,1,Cardiomegaly
test,test/Cardiomegaly/00005827_000.png,1,Cardiomegaly
test,test/Consolidation/00006808_017.png,2,Consolidation
test,test/Infiltration/00001582_004.png,7,Infiltration
test,test/Edema/00011985_008.png,3,Edema
test,test/Pneumonia/00017405_013.png,10,Pneumonia
test,test/Emphysema/00008911_028.png,5,Emphysema
test,test/Consolidation/00027657_006.png,2,Consolidation
test,test/Emphysema/00015530_061.png,5,Emphysema
test,test/Consolidation/00000181_033.png,2,Consolidation
test,test/Pneumothorax/00020751_007.png,11,Pneumothorax
test,test/Edema/00015605_029.png,3,Edema
test,test/Infiltration/00022815_049.png,7,Infiltration
test,test/Nodule/00004547_014.png,9,Nodule
test,test/Consolidation/00013670_101.png,2,Consolidation
test,test/Edema/00023325_021.png,3,Edema
test,test/Pneumonia/00014022_102.png,10,Pneumonia
test,test/Pneumonia/00013992_005.png,10,Pneumonia
test,test/Emphysema/00016587_076.png,5,Emphysema
test,test/Consolidation/00007322_005.png,2,Consolidation
test,test/Atelectasis/00020673_036.png,0,Atelectasis
test,test/Pneumonia/00015605_051.png,10,Pneumonia
test,test/Emphysema/00013625_020.png,5,Emphysema
test,test/Atelectasis/00012741_011.png,0,Atelectasis
test,test/Effusion/00013993_010.png,4,Effusion
test,test/Infiltration/00010828_044.png,7,Infiltration
test,test/Consolidation/00010012_045.png,2,Consolidation
test,test/Edema/00010012_021.png,3,Edema
test,test/Cardiomegaly/00018686_004.png,1,Cardiomegaly
test,test/Consolidation/00017504_048.png,2,Consolidation
test,test/Emphysema/00008291_018.png,5,Emphysema
test,test/Effusion/00026886_012.png,4,Effusion
test,test/Consolidation/00026810_032.png,2,Consolidation
test,test/Fibrosis/00012306_000.png,6,Fibrosis
test,test/Emphysema/00012298_007.png,5,Emphysema
test,test/Pneumonia/00011702_043.png,10,Pneumonia
test,test/Consolidation/00010007_038.png,2,Consolidation
test,test/Consolidation/00023240_000.png,2,Consolidation
test,test/Emphysema/00007124_004.png,5,Emphysema
test,test/Edema/00004342_043.png,3,Edema
test,test/Effusion/00011514_014.png,4,Effusion
test,test/Pneumonia/00000583_045.png,10,Pneumonia
test,test/Fibrosis/00022765_000.png,6,Fibrosis
test,test/Nodule/00027478_001.png,9,Nodule
test,test/Nodule/00018366_007.png,9,Nodule
test,test/Edema/00007018_059.png,3,Edema
test,test/Effusion/00009015_001.png,4,Effusion
test,test/Fibrosis/00014022_070.png,6,Fibrosis
test,test/Emphysema/00007828_003.png,5,Emphysema
test,test/Pneumothorax/00025787_051.png,11,Pneumothorax
test,test/Emphysema/00018055_041.png,5,Emphysema
test,test/Cardiomegaly/00010625_019.png,1,Cardiomegaly
test,test/Atelectasis/00019265_010.png,0,Atelectasis
test,test/Cardiomegaly/00021481_004.png,1,Cardiomegaly
test,test/Cardiomegaly/00023325_000.png,1,Cardiomegaly
test,test/Pneumothorax/00007676_016.png,11,Pneumothorax
test,test/Mass/00014839_005.png,8,Mass
test,test/Mass/00007120_008.png,8,Mass
test,test/Effusion/00012576_002.png,4,Effusion
test,test/Infiltration/00025707_001.png,7,Infiltration
test,test/Mass/00010092_045.png,8,Mass
test,test/Effusion/00012021_008.png,4,Effusion
test,test/Effusion/00005089_035.png,4,Effusion
test,test/Pneumothorax/00003062_006.png,11,Pneumothorax
test,test/Pneumonia/00022877_014.png,10,Pneumonia
test,test/Cardiomegaly/00018187_029.png,1,Cardiomegaly
test,test/Fibrosis/00002101_000.png,6,Fibrosis
test,test/Cardiomegaly/00007735_031.png,1,Cardiomegaly
test,test/Fibrosis/00005567_008.png,6,Fibrosis
test,test/Pneumonia/00016705_002.png,10,Pneumonia
test,test/Emphysema/00027478_004.png,5,Emphysema
test,test/Effusion/00026346_013.png,4,Effusion
test,test/Infiltration/00017405_004.png,7,Infiltration
test,test/Mass/00016937_005.png,8,Mass
test,test/Atelectasis/00004858_037.png,0,Atelectasis
test,test/Infiltration/00016434_007.png,7,Infiltration
test,test/Effusion/00021222_002.png,4,Effusion
test,test/Mass/00023026_006.png,8,Mass
test,test/Pneumothorax/00006585_016.png,11,Pneumothorax
test,test/Emphysema/00000013_042.png,5,Emphysema
test,test/Consolidation/00017606_015.png,2,Consolidation
test,test/Mass/00015895_022.png,8,Mass
test,test/Fibrosis/00006329_006.png,6,Fibrosis
test,test/Emphysema/00015530_069.png,5,Emphysema
test,test/Consolidation/00029809_014.png,2,Consolidation
test,test/Emphysema/00000041_001.png,5,Emphysema
test,test/Nodule/00017098_007.png,9,Nodule
test,test/Pneumonia/00001946_007.png,10,Pneumonia
test,test/Infiltration/00014149_009.png,7,Infiltration
test,test/Pneumothorax/00002176_002.png,11,Pneumothorax
test,test/Edema/00008291_008.png,3,Edema
test,test/Consolidation/00014798_015.png,2,Consolidation
test,test/Fibrosis/00021024_001.png,6,Fibrosis
test,test/Pneumothorax/00030389_007.png,11,Pneumothorax
test,test/Cardiomegaly/00013249_008.png,1,Cardiomegaly
test,test/Atelectasis/00027474_002.png,0,Atelectasis
test,test/Pneumonia/00015442_000.png,10,Pneumonia
test,test/Edema/00002224_003.png,3,Edema
test,test/Cardiomegaly/00021818_023.png,1,Cardiomegaly
test,test/Edema/00007018_011.png,3,Edema
test,test/Cardiomegaly/00007551_018.png,1,Cardiomegaly
test,test/Pneumonia/00001437_019.png,10,Pneumonia
test,test/Pneumonia/00021710_002.png,10,Pneumonia
test,test/Emphysema/00029813_029.png,5,Emphysema
test,test/Cardiomegaly/00016175_011.png,1,Cardiomegaly
test,test/Nodule/00020405_014.png,9,Nodule
test,test/Emphysema/00015530_056.png,5,Emphysema
test,test/Infiltration/00013615_031.png,7,Infiltration
test,test/Mass/00016009_015.png,8,Mass
test,test/Emphysema/00010512_005.png,5,Emphysema
test,test/Pneumonia/00022192_038.png,10,Pneumonia
test,test/Pneumonia/00001247_011.png,10,Pneumonia
test,test/Pneumothorax/00021321_001.png,11,Pneumothorax
test,test/Effusion/00014015_007.png,4,Effusion
test,test/Effusion/00006851_002.png,4,Effusion
test,test/Consolidation/00013993_016.png,2,Consolidation
test,test/Infiltration/00018840_008.png,7,Infiltration
test,test/Edema/00016291_053.png,3,Edema
test,test/Pneumonia/00012094_009.png,10,Pneumonia
test,test/Effusion/00021711_016.png,4,Effusion
test,test/Effusion/00030128_003.png,4,Effusion
test,test/Cardiomegaly/00004381_016.png,1,Cardiomegaly
test,test/Cardiomegaly/00011827_013.png,1,Cardiomegaly
test,test/Consolidation/00018860_010.png,2,Consolidation
test,test/Cardiomegaly/00013625_060.png,1,Cardiomegaly
test,test/Pneumothorax/00013031_013.png,11,Pneumothorax
test,test/Edema/00027782_002.png,3,Edema
test,test/Pneumonia/00020945_020.png,10,Pneumonia
test,test/Nodule/00012048_004.png,9,Nodule
test,test/Edema/00011322_008.png,3,Edema
test,test/Consolidation/00014203_017.png,2,Consolidation
test,test/Mass/00013670_103.png,8,Mass
test,test/Fibrosis/00006991_003.png,6,Fibrosis
test,test/Fibrosis/00022415_004.png,6,Fibrosis
test,test/Infiltration/00006425_023.png,7,Infiltration
test,test/Emphysema/00010767_020.png,5,Emphysema
test,test/Pneumothorax/00017524_008.png,11,Pneumothorax
test,test/Atelectasis/00026290_000.png,0,Atelectasis
test,test/Pneumonia/00020405_030.png,10,Pneumonia
test,test/Fibrosis/00012622_034.png,6,Fibrosis
test,test/Cardiomegaly/00025969_000.png,1,Cardiomegaly
test,test/Pneumothorax/00002825_011.png,11,Pneumothorax
test,test/Fibrosis/00014022_101.png,6,Fibrosis
test,test/Pneumothorax/00016587_089.png,11,Pneumothorax
test,test/Edema/00021277_035.png,3,Edema
test,test/Nodule/00026451_051.png,9,Nodule
test,test/Effusion/00022993_021.png,4,Effusion
test,test/Cardiomegaly/00011925_002.png,1,Cardiomegaly
test,test/Effusion/00016801_005.png,4,Effusion
test,test/Emphysema/00016587_036.png,5,Emphysema
test,test/Fibrosis/00007318_000.png,6,Fibrosis
test,test/Pneumothorax/00010071_007.png,11,Pneumothorax
test,test/Infiltration/00012834_109.png,7,Infiltration
test,test/Nodule/00017098_000.png,9,Nodule
test,test/Mass/00011804_011.png,8,Mass
test,test/Cardiomegaly/00013249_051.png,1,Cardiomegaly
test,test/Atelectasis/00019742_006.png,0,Atelectasis
test,test/Effusion/00019766_018.png,4,Effusion
test,test/Pneumonia/00017641_003.png,10,Pneumonia
test,test/Infiltration/00006304_052.png,7,Infiltration
test,test/Pneumonia/00007735_018.png,10,Pneumonia
test,test/Consolidation/00020673_019.png,2,Consolidation
test,test/Consolidation/00011237_040.png,2,Consolidation
test,test/Effusion/00015799_014.png,4,Effusion
test,test/Consolidation/00010805_022.png,2,Consolidation
test,test/Pneumothorax/00011460_031.png,11,Pneumothorax
test,test/Mass/00012048_003.png,8,Mass
test,test/Cardiomegaly/00000032_056.png,1,Cardiomegaly
test,test/Infiltration/00010805_026.png,7,Infiltration
test,test/Pneumothorax/00014822_036.png,11,Pneumothorax
test,test/Fibrosis/00005089_007.png,6,Fibrosis
test,test/Cardiomegaly/00006808_012.png,1,Cardiomegaly
test,test/Nodule/00020393_001.png,9,Nodule
test,test/Cardiomegaly/00005532_000.png,1,Cardiomegaly
test,test/Edema/00008291_012.png,3,Edema
test,test/Nodule/00028265_000.png,9,Nodule
test,test/Consolidation/00018253_078.png,2,Consolidation
test,test/Effusion/00016987_016.png,4,Effusion
test,test/Effusion/00000116_036.png,4,Effusion
test,test/Emphysema/00005681_010.png,5,Emphysema
test,test/Fibrosis/00002395_021.png,6,Fibrosis
test,test/Atelectasis/00017036_016.png,0,Atelectasis
test,test/Cardiomegaly/00013520_022.png,1,Cardiomegaly
test,test/Emphysema/00020405_008.png,5,Emphysema
test,test/Fibrosis/00023696_007.png,6,Fibrosis
test,test/Emphysema/00015530_060.png,5,Emphysema
test,test/Infiltration/00012012_010.png,7,Infiltration
test,test/Mass/00026810_006.png,8,Mass
test,test/Pneumonia/00010805_042.png,10,Pneumonia
test,test/Mass/00029943_013.png,8,Mass
test,test/Pneumothorax/00009889_019.png,11,Pneumothorax
test,test/Edema/00015605_041.png,3,Edema
test,test/Fibrosis/00018898_006.png,6,Fibrosis
test,test/Emphysema/00027213_025.png,5,Emphysema
test,test/Cardiomegaly/00018233_004.png,1,Cardiomegaly
test,test/Effusion/00018253_036.png,4,Effusion
test,test/Nodule/00012834_031.png,9,Nodule
test,test/Atelectasis/00013531_012.png,0,Atelectasis
test,test/Mass/00021420_020.png,8,Mass
test,test/Edema/00012364_050.png,3,Edema
test,test/Mass/00025368_002.png,8,Mass
test,test/Emphysema/00016270_013.png,5,Emphysema
test,test/Mass/00014731_020.png,8,Mass
test,test/Emphysema/00015530_081.png,5,Emphysema
test,test/Edema/00013377_017.png,3,Edema
test,test/Edema/00018615_029.png,3,Edema
test,test/Fibrosis/00000533_004.png,6,Fibrosis
test,test/Pneumothorax/00021381_031.png,11,Pneumothorax
test,test/Infiltration/00029469_004.png,7,Infiltration
test,test/Atelectasis/00018233_001.png,0,Atelectasis
test,test/Emphysema/00018387_032.png,5,Emphysema
test,test/Atelectasis/00005066_014.png,0,Atelectasis
test,test/Nodule/00020393_006.png,9,Nodule
test,test/Cardiomegaly/00017511_005.png,1,Cardiomegaly
test,test/Cardiomegaly/00014022_084.png,1,Cardiomegaly
test,test/Consolidation/00013310_010.png,2,Consolidation
test,test/Atelectasis/00017236_059.png,0,Atelectasis
test,test/Nodule/00018366_022.png,9,Nodule
test,test/Nodule/00023309_009.png,9,Nodule
test,test/Edema/00019363_033.png,3,Edema
test,test/Fibrosis/00015676_004.png,6,Fibrosis
test,test/Effusion/00013993_053.png,4,Effusion
test,test/Edema/00012156_003.png,3,Edema
test,test/Mass/00015895_011.png,8,Mass
test,test/Fibrosis/00018203_000.png,6,Fibrosis
test,test/Pneumothorax/00009237_017.png,11,Pneumothorax
test,test/Cardiomegaly/00004381_001.png,1,Cardiomegaly
test,test/Pneumonia/00005567_025.png,10,Pneumonia
test,test/Nodule/00013885_000.png,9,Nodule
test,test/Infiltration/00015732_037.png,7,Infiltration
test,test/Pneumothorax/00018366_055.png,11,Pneumothorax
test,test/Pneumonia/00021860_003.png,10,Pneumonia
test,test/Edema/00011985_006.png,3,Edema
test,test/Infiltration/00009811_004.png,7,Infiltration
test,test/Cardiomegaly/00025416_001.png,1,Cardiomegaly
test,test/Atelectasis/00006425_013.png,0,Atelectasis
test,test/Mass/00004858_041.png,8,Mass
test,test/Pneumonia/00029481_004.png,10,Pneumonia
test,test/Pneumonia/00018319_000.png,10,Pneumonia
test,test/Mass/00001836_044.png,8,Mass
test,test/Pneumothorax/00021782_027.png,11,Pneumothorax
test,test/Cardiomegaly/00013249_010.png,1,Cardiomegaly
test,test/Infiltration/00015732_040.png,7,Infiltration
test,test/Pneumothorax/00014675_002.png,11,Pneumothorax
test,test/Nodule/00014675_007.png,9,Nodule
test,test/Cardiomegaly/00011023_003.png,1,Cardiomegaly
test,test/Fibrosis/00011832_003.png,6,Fibrosis
test,test/Infiltration/00003973_009.png,7,Infiltration
test,test/Effusion/00027726_060.png,4,Effusion
test,test/Pneumonia/00020945_021.png,10,Pneumonia
test,test/Nodule/00006586_002.png,9,Nodule
test,test/Infiltration/00015530_017.png,7,Infiltration
test,test/Fibrosis/00016094_001.png,6,Fibrosis
test,test/Atelectasis/00017124_000.png,0,Atelectasis
test,test/Infiltration/00003062_015.png,7,Infiltration
test,test/Pneumothorax/00011460_028.png,11,Pneumothorax
test,test/Pneumothorax/00027697_006.png,11,Pneumothorax
test,test/Nodule/00006713_014.png,9,Nodule
test,test/Effusion/00027637_003.png,4,Effusion
test,test/Atelectasis/00019265_009.png,0,Atelectasis
test,test/Consolidation/00013111_003.png,2,Consolidation
test,test/Edema/00018867_016.png,3,Edema
test,test/Pneumonia/00008397_016.png,10,Pneumonia
test,test/Cardiomegaly/00004381_027.png,1,Cardiomegaly
test,test/Pneumothorax/00019124_101.png,11,Pneumothorax
test,test/Atelectasis/00009892_023.png,0,Atelectasis
test,test/Edema/00028526_008.png,3,Edema
test,test/Pneumonia/00009863_059.png,10,Pneumonia
test,test/Effusion/00006134_003.png,4,Effusion
test,test/Atelectasis/00018657_011.png,0,Atelectasis
test,test/Nodule/00005140_000.png,9,Nodule
test,test/Nodule/00022993_026.png,9,Nodule
test,test/Consolidation/00008397_002.png,2,Consolidation
test,test/Pneumothorax/00014083_031.png,11,Pneumothorax
test,test/Pneumothorax/00021201_012.png,11,Pneumothorax
test,test/Fibrosis/00010563_006.png,6,Fibrosis
test,test/Pneumonia/00016972_005.png,10,Pneumonia
test,test/Mass/00027937_008.png,8,Mass
test,test/Emphysema/00013031_006.png,5,Emphysema
test,test/Infiltration/00002706_006.png,7,Infiltration
test,test/Effusion/00011237_072.png,4,Effusion
test,test/Mass/00018284_016.png,8,Mass
test,test/Mass/00014822_022.png,8,Mass
test,test/Atelectasis/00002350_000.png,0,Atelectasis
test,test/Pneumothorax/00000732_002.png,11,Pneumothorax
test,test/Effusion/00006472_003.png,4,Effusion
test,test/Pneumonia/00021201_036.png,10,Pneumonia
test,test/Pneumonia/00022815_043.png,10,Pneumonia
test,test/Nodule/00018814_000.png,9,Nodule
test,test/Emphysema/00030260_010.png,5,Emphysema
test,test/Edema/00008269_006.png,3,Edema
test,test/Nodule/00020945_017.png,9,Nodule
test,test/Edema/00006674_007.png,3,Edema
test,test/Infiltration/00010120_017.png,7,Infiltration
test,test/Fibrosis/00023925_000.png,6,Fibrosis
test,test/Effusion/00006736_004.png,4,Effusion
test,test/Nodule/00002722_003.png,9,Nodule
test,test/Infiltration/00012834_139.png,7,Infiltration
test,test/Atelectasis/00019742_000.png,0,Atelectasis
test,test/Pneumonia/00022192_032.png,10,Pneumonia
test,test/Pneumothorax/00017138_084.png,11,Pneumothorax
test,test/Pneumonia/00001582_021.png,10,Pneumonia
test,test/Consolidation/00013670_104.png,2,Consolidation
test,test/Nodule/00016403_001.png,9,Nodule
test,test/Consolidation/00018721_023.png,2,Consolidation
test,test/Atelectasis/00011023_001.png,0,Atelectasis
test,test/Infiltration/00011237_093.png,7,Infiltration
test,test/Fibrosis/00000181_052.png,6,Fibrosis
test,test/Nodule/00014149_037.png,9,Nodule
test,test/Infiltration/00029105_018.png,7,Infiltration
test,test/Emphysema/00026451_049.png,5,Emphysema
test,test/Pneumothorax/00029075_014.png,11,Pneumothorax
test,test/Atelectasis/00004858_077.png,0,Atelectasis
test,test/Pneumonia/00000218_001.png,10,Pneumonia
test,test/Effusion/00026562_033.png,4,Effusion
test,test/Infiltration/00002437_023.png,7,Infiltration
test,test/Atelectasis/00015262_007.png,0,Atelectasis
test,test/Pneumothorax/00030077_002.png,11,Pneumothorax
test,test/Fibrosis/00022415_003.png,6,Fibrosis
test,test/Fibrosis/00002877_003.png,6,Fibrosis
test,test/Pneumonia/00004893_070.png,10,Pneumonia
test,test/Nodule/00028689_000.png,9,Nodule
test,test/Consolidation/00016786_014.png,2,Consolidation
test,test/Fibrosis/00013648_015.png,6,Fibrosis
test,test/Emphysema/00014346_003.png,5,Emphysema
test,test/Effusion/00016522_005.png,4,Effusion
test,test/Edema/00013670_060.png,3,Edema
test,test/Consolidation/00030079_015.png,2,Consolidation
test,test/Pneumothorax/00011460_063.png,11,Pneumothorax
test,test/Mass/00008397_006.png,8,Mass
test,test/Pneumothorax/00030046_008.png,11,Pneumothorax
test,test/Pneumothorax/00027213_061.png,11,Pneumothorax
test,test/Fibrosis/00014022_096.png,6,Fibrosis
test,test/Edema/00011391_048.png,3,Edema
test,test/Pneumothorax/00027213_050.png,11,Pneumothorax
test,test/Atelectasis/00014529_006.png,0,Atelectasis
test,test/Fibrosis/00025679_000.png,6,Fibrosis
test,test/Mass/00028518_007.png,8,Mass
test,test/Cardiomegaly/00001075_038.png,1,Cardiomegaly
test,test/Effusion/00022416_023.png,4,Effusion
test,test/Effusion/00005609_003.png,4,Effusion
test,test/Mass/00029579_008.png,8,Mass
test,test/Effusion/00013285_016.png,4,Effusion
test,test/Edema/00014792_009.png,3,Edema
test,test/Nodule/00014626_039.png,9,Nodule
test,test/Infiltration/00016434_011.png,7,Infiltration
test,test/Effusion/00009437_009.png,4,Effusion
test,test/Nodule/00027726_032.png,9,Nodule
test,test/Nodule/00010198_004.png,9,Nodule
test,test/Emphysema/00030606_008.png,5,Emphysema
test,test/Mass/00016971_013.png,8,Mass
test,test/Mass/00014358_008.png,8,Mass
test,test/Pneumothorax/00004808_042.png,11,Pneumothorax
test,test/Mass/00013461_002.png,8,Mass
test,test/Infiltration/00003973_010.png,7,Infiltration
test,test/Atelectasis/00030434_000.png,0,Atelectasis
test,test/Pneumothorax/00004858_026.png,11,Pneumothorax
test,test/Infiltration/00018253_071.png,7,Infiltration
test,test/Nodule/00025707_017.png,9,Nodule
test,test/Effusion/00018233_019.png,4,Effusion
test,test/Cardiomegaly/00007735_038.png,1,Cardiomegaly
test,test/Mass/00014839_009.png,8,Mass
test,test/Atelectasis/00012622_029.png,0,Atelectasis
test,test/Cardiomegaly/00001373_006.png,1,Cardiomegaly
test,test/Atelectasis/00015255_012.png,0,Atelectasis
test,test/Nodule/00021772_010.png,9,Nodule
test,test/Consolidation/00002583_007.png,2,Consolidation
test,test/Infiltration/00014197_008.png,7,Infiltration
test,test/Consolidation/00012045_003.png,2,Consolidation
test,test/Cardiomegaly/00013627_005.png,1,Cardiomegaly
test,test/Emphysema/00009845_016.png,5,Emphysema
test,test/Nodule/00013062_000.png,9,Nodule
test,test/Edema/00003239_002.png,3,Edema
test,test/Fibrosis/00027291_003.png,6,Fibrosis
test,test/Atelectasis/00000468_022.png,0,Atelectasis
test,test/Cardiomegaly/00000211_001.png,1,Cardiomegaly
test,test/Atelectasis/00004188_009.png,0,Atelectasis
test,test/Emphysema/00015646_029.png,5,Emphysema
test,test/Consolidation/00010012_023.png,2,Consolidation
test,test/Pneumothorax/00007670_003.png,11,Pneumothorax
test,test/Fibrosis/00000324_007.png,6,Fibrosis
test,test/Infiltration/00000032_026.png,7,Infiltration
test,test/Infiltration/00013659_026.png,7,Infiltration
test,test/Consolidation/00022572_079.png,2,Consolidation
test,test/Edema/00000032_024.png,3,Edema
test,test/Edema/00019938_004.png,3,Edema
test,test/Consolidation/00020438_001.png,2,Consolidation
test,test/Emphysema/00008978_002.png,5,Emphysema
test,test/Emphysema/00029813_012.png,5,Emphysema
test,test/Edema/00023271_014.png,3,Edema
test,test/Infiltration/00009863_016.png,7,Infiltration
test,test/Effusion/00016987_017.png,4,Effusion
test,test/Pneumothorax/00011460_020.png,11,Pneumothorax
test,test/Fibrosis/00003460_000.png,6,Fibrosis
test,test/Pneumonia/00005567_017.png,10,Pneumonia
test,test/Pneumonia/00001582_019.png,10,Pneumonia
test,test/Atelectasis/00020113_017.png,0,Atelectasis
test,test/Cardiomegaly/00011827_012.png,1,Cardiomegaly
test,test/Pneumothorax/00018366_046.png,11,Pneumothorax
test,test/Effusion/00014906_004.png,4,Effusion
test,test/Atelectasis/00018860_018.png,0,Atelectasis
test,test/Edema/00015953_004.png,3,Edema
test,test/Pneumothorax/00022155_010.png,11,Pneumothorax
test,test/Atelectasis/00000149_002.png,0,Atelectasis
test,test/Consolidation/00007322_006.png,2,Consolidation
test,test/Cardiomegaly/00021926_003.png,1,Cardiomegaly
test,test/Edema/00017318_002.png,3,Edema
test,test/Edema/00003028_008.png,3,Edema
test,test/Edema/00017236_021.png,3,Edema
test,test/Mass/00013911_023.png,8,Mass
test,test/Fibrosis/00012298_017.png,6,Fibrosis
test,test/Infiltration/00023271_009.png,7,Infiltration
test,test/Infiltration/00011702_045.png,7,Infiltration
test,test/Pneumothorax/00025085_007.png,11,Pneumothorax
test,test/Nodule/00022726_021.png,9,Nodule
test,test/Infiltration/00006304_054.png,7,Infiltration
test,test/Atelectasis/00020213_116.png,0,Atelectasis
test,test/Pneumonia/00004344_002.png,10,Pneumonia
test,test/Infiltration/00015530_007.png,7,Infiltration
test,test/Pneumothorax/00009368_012.png,11,Pneumothorax
test,test/Pneumonia/00012834_085.png,10,Pneumonia
test,test/Atelectasis/00004822_013.png,0,Atelectasis
test,test/Effusion/00011683_024.png,4,Effusion
test,test/Fibrosis/00008295_041.png,6,Fibrosis
test,test/Cardiomegaly/00004344_043.png,1,Cardiomegaly
test,test/Fibrosis/00006889_002.png,6,Fibrosis
test,test/Emphysema/00010512_004.png,5,Emphysema
test,test/Fibrosis/00003529_000.png,6,Fibrosis
test,test/Cardiomegaly/00013062_002.png,1,Cardiomegaly
test,test/Effusion/00012576_009.png,4,Effusion
test,test/Pneumothorax/00026923_007.png,11,Pneumothorax
test,test/Effusion/00010007_095.png,4,Effusion
test,test/Effusion/00027441_021.png,4,Effusion
test,test/Pneumothorax/00014014_007.png,11,Pneumothorax
test,test/Edema/00028689_002.png,3,Edema
test,test/Effusion/00021374_033.png,4,Effusion
test,test/Infiltration/00015605_001.png,7,Infiltration
test,test/Mass/00006948_023.png,8,Mass
test,test/Emphysema/00010815_014.png,5,Emphysema
test,test/Consolidation/00006239_000.png,2,Consolidation
test,test/Atelectasis/00019271_056.png,0,Atelectasis
test,test/Nodule/00019124_089.png,9,Nodule
test,test/Infiltration/00004858_051.png,7,Infiltration
test,test/Cardiomegaly/00020434_006.png,1,Cardiomegaly
test,test/Effusion/00030079_021.png,4,Effusion
test,test/Consolidation/00016508_044.png,2,Consolidation
test,test/Pneumonia/00011514_015.png,10,Pneumonia
test,test/Effusion/00010447_026.png,4,Effusion
test,test/Pneumonia/00018319_001.png,10,Pneumonia
test,test/Emphysema/00010815_015.png,5,Emphysema
test,test/Atelectasis/00005090_005.png,0,Atelectasis
test,test/Infiltration/00002980_002.png,7,Infiltration
test,test/Fibrosis/00010677_026.png,6,Fibrosis
test,test/Consolidation/00001836_060.png,2,Consolidation
test,test/Infiltration/00002437_010.png,7,Infiltration
test,test/Mass/00004547_005.png,8,Mass
test,test/Nodule/00006586_000.png,9,Nodule
test,test/Infiltration/00018233_051.png,7,Infiltration
test,test/Mass/00026769_003.png,8,Mass
test,test/Infiltration/00006271_024.png,7,Infiltration
test,test/Pneumonia/00028924_005.png,10,Pneumonia
test,test/Fibrosis/00020603_005.png,6,Fibrosis
test,test/Infiltration/00016490_013.png,7,Infiltration
test,test/Fibrosis/00011460_074.png,6,Fibrosis
test,test/Mass/00023026_003.png,8,Mass
test,test/Pneumonia/00017714_019.png,10,Pneumonia
test,test/Pneumonia/00013993_046.png,10,Pneumonia
test,test/Mass/00019124_073.png,8,Mass
test,test/Effusion/00020482_062.png,4,Effusion
test,test/Nodule/00014663_002.png,9,Nodule
test,test/Edema/00018867_026.png,3,Edema
test,test/Edema/00020716_004.png,3,Edema
test,test/Mass/00013461_008.png,8,Mass
test,test/Atelectasis/00007886_018.png,0,Atelectasis
test,test/Cardiomegaly/00027464_033.png,1,Cardiomegaly
test,test/Effusion/00003062_018.png,4,Effusion
test,test/Consolidation/00005962_028.png,2,Consolidation
test,test/Infiltration/00017714_010.png,7,Infiltration
test,test/Mass/00015605_056.png,8,Mass
test,test/Emphysema/00016607_045.png,5,Emphysema
test,test/Infiltration/00013111_087.png,7,Infiltration
test,test/Effusion/00016417_000.png,4,Effusion
test,test/Atelectasis/00016191_013.png,0,Atelectasis
test,test/Cardiomegaly/00003973_002.png,1,Cardiomegaly
test,test/Edema/00019508_008.png,3,Edema
test,test/Nodule/00004911_010.png,9,Nodule
test,test/Cardiomegaly/00004342_015.png,1,Cardiomegaly
test,test/Nodule/00015792_007.png,9,Nodule
test,test/Effusion/00012592_001.png,4,Effusion
test,test/Edema/00015799_007.png,3,Edema
test,test/Pneumothorax/00021700_009.png,11,Pneumothorax
test,test/Edema/00023309_027.png,3,Edema
test,test/Cardiomegaly/00004342_020.png,1,Cardiomegaly
test,test/Atelectasis/00016607_024.png,0,Atelectasis
test,test/Infiltration/00021201_043.png,7,Infiltration
test,test/Consolidation/00003028_047.png,2,Consolidation
test,test/Fibrosis/00012413_008.png,6,Fibrosis
test,test/Consolidation/00011269_005.png,2,Consolidation
test,test/Atelectasis/00002704_002.png,0,Atelectasis
test,test/Pneumothorax/00002722_006.png,11,Pneumothorax
test,test/Cardiomegaly/00002435_001.png,1,Cardiomegaly
test,test/Atelectasis/00018366_052.png,0,Atelectasis
test,test/Infiltration/00016064_020.png,7,Infiltration
test,test/Infiltration/00017138_104.png,7,Infiltration
test,test/Cardiomegaly/00028509_008.png,1,Cardiomegaly
test,test/Emphysema/00002570_002.png,5,Emphysema
test,test/Pneumothorax/00028861_009.png,11,Pneumothorax
test,test/Nodule/00022572_062.png,9,Nodule
test,test/Fibrosis/00006165_000.png,6,Fibrosis
